ad_id,image_path,ctr_score,halflife_days,censored,vertical,source,scraped_at,discontinuation_type
apify_29f51f0a0488,data\raw\gaming\apify_29f51f0a0488.jpg,0.0444,4.0,False,gaming,apify,2026-05-14T00:24:46.947384,cut-out
apify_f2d64677b5dc,data\raw\gaming\apify_f2d64677b5dc.jpg,0.0111,1.0,False,gaming,apify,2026-05-14T00:24:57.931020,cut-out
apify_a109c3b042dd,data\raw\gaming\apify_a109c3b042dd.jpg,0.2,18.0,False,gaming,apify,2026-05-14T00:25:00.895695,wear-out
apify_cfd5f3522aac,data\raw\gaming\apify_cfd5f3522aac.jpg,0.1667,15.0,False,gaming,apify,2026-05-14T00:25:07.660022,wear-out
apify_ba1a983eb4f7,data\raw\other\apify_ba1a983eb4f7.jpg,0.2111,19.0,False,other,apify,2026-05-14T00:25:10.875275,wear-out
apify_caf49e03bbe0,data\raw\gaming\apify_caf49e03bbe0.jpg,0.1,9.0,False,gaming,apify,2026-05-14T00:25:27.231133,wear-out
apify_4f6b57e48d61,data\raw\gaming\apify_4f6b57e48d61.jpg,0.0667,6.0,False,gaming,apify,2026-05-14T00:25:31.692524,cut-out
apify_fca2c4ae35e8,data\raw\gaming\apify_fca2c4ae35e8.jpg,0.1333,12.0,False,gaming,apify,2026-05-14T00:25:36.638915,wear-out
apify_c2737943e586,data\raw\gaming\apify_c2737943e586.jpg,0.0222,2.0,False,gaming,apify,2026-05-14T00:25:39.833210,cut-out
apify_f00b0f1e7bd2,data\raw\gaming\apify_f00b0f1e7bd2.jpg,0.1333,12.0,False,gaming,apify,2026-05-14T00:25:43.697199,wear-out
apify_c26500fbca4e,data\raw\gaming\apify_c26500fbca4e.jpg,0.0222,2.0,False,gaming,apify,2026-05-14T00:25:51.040097,cut-out
apify_bc32893f85ae,data\raw\gaming\apify_bc32893f85ae.jpg,0.0444,4.0,False,gaming,apify,2026-05-14T00:25:54.808731,cut-out
apify_baec531f4053,data\raw\gaming\apify_baec531f4053.jpg,0.0444,4.0,False,gaming,apify,2026-05-14T00:25:58.132847,cut-out
apify_9614c902e3e5,data\raw\gaming\apify_9614c902e3e5.jpg,0.0111,1.0,False,gaming,apify,2026-05-14T00:26:00.899921,cut-out
apify_0cd7a72bd2ca,data\raw\gaming\apify_0cd7a72bd2ca.jpg,0.0667,6.0,False,gaming,apify,2026-05-14T00:26:03.170429,cut-out
apify_dc8af14ae173,data\raw\gaming\apify_dc8af14ae173.jpg,0.1,9.0,False,gaming,apify,2026-05-14T00:26:05.366962,wear-out
apify_60ed9370effd,data\raw\gaming\apify_60ed9370effd.jpg,0.1444,13.0,False,gaming,apify,2026-05-14T00:26:07.673662,wear-out
apify_d6191f2cac7b,data\raw\gaming\apify_d6191f2cac7b.jpg,0.2444,22.0,False,gaming,apify,2026-05-14T00:26:09.675331,wear-out
apify_a032b90efe18,data\raw\other\apify_a032b90efe18.jpg,0.0111,1.0,False,other,apify,2026-05-14T00:26:12.003640,cut-out
apify_0e0688dd80a7,data\raw\gaming\apify_0e0688dd80a7.jpg,0.0556,5.0,False,gaming,apify,2026-05-14T00:26:14.199659,cut-out
apify_a988a9c77a41,data\raw\gaming\apify_a988a9c77a41.jpg,0.2444,22.0,False,gaming,apify,2026-05-14T00:26:15.408600,wear-out
apify_334c333d1e48,data\raw\other\apify_334c333d1e48.jpg,0.0111,1.0,False,other,apify,2026-05-14T00:26:17.702003,cut-out
apify_03e36872c010,data\raw\gaming\apify_03e36872c010.jpg,0.2444,22.0,False,gaming,apify,2026-05-14T00:26:19.568297,wear-out
apify_526679daa11a,data\raw\gaming\apify_526679daa11a.jpg,0.2444,22.0,False,gaming,apify,2026-05-14T00:26:21.802621,wear-out
apify_d4c2f95d8dcc,data\raw\gaming\apify_d4c2f95d8dcc.jpg,0.2444,22.0,False,gaming,apify,2026-05-14T00:26:23.756838,wear-out
apify_233a867d806a,data\raw\gaming\apify_233a867d806a.jpg,0.2778,25.0,False,gaming,apify,2026-05-14T00:26:26.148019,wear-out
apify_079762887ed8,data\raw\gaming\apify_079762887ed8.jpg,0.2444,22.0,False,gaming,apify,2026-05-14T00:26:27.529950,wear-out
apify_6d390690c626,data\raw\gaming\apify_6d390690c626.jpg,0.2444,22.0,False,gaming,apify,2026-05-14T00:26:28.809531,wear-out
apify_4ab34b28a774,data\raw\gaming\apify_4ab34b28a774.jpg,0.1333,12.0,False,gaming,apify,2026-05-14T00:26:30.649897,wear-out
apify_f83e940ad436,data\raw\gaming\apify_f83e940ad436.jpg,0.0778,7.0,False,gaming,apify,2026-05-14T00:26:32.458815,wear-out
apify_d573b29b4294,data\raw\gaming\apify_d573b29b4294.jpg,0.2444,22.0,False,gaming,apify,2026-05-14T00:26:34.291374,wear-out
apify_03eff39e77cf,data\raw\gaming\apify_03eff39e77cf.jpg,0.0778,7.0,False,gaming,apify,2026-05-14T00:26:36.421063,wear-out
apify_b05af0f577df,data\raw\gaming\apify_b05af0f577df.jpg,0.2444,22.0,False,gaming,apify,2026-05-14T00:26:38.026738,wear-out
apify_31702d39efe6,data\raw\gaming\apify_31702d39efe6.jpg,0.0778,7.0,False,gaming,apify,2026-05-14T00:26:40.448861,wear-out
apify_042ffdd9706e,data\raw\gaming\apify_042ffdd9706e.jpg,0.2667,24.0,False,gaming,apify,2026-05-14T00:26:42.490038,wear-out
apify_770255a8ef14,data\raw\gaming\apify_770255a8ef14.jpg,0.1556,14.0,False,gaming,apify,2026-05-14T00:26:44.557766,wear-out
apify_60f477283dba,data\raw\gaming\apify_60f477283dba.jpg,0.1444,13.0,False,gaming,apify,2026-05-14T00:26:46.048163,wear-out
apify_3c452914b3e7,data\raw\gaming\apify_3c452914b3e7.jpg,0.1667,15.0,False,gaming,apify,2026-05-14T00:26:48.446836,wear-out
apify_0649a3300b65,data\raw\gaming\apify_0649a3300b65.jpg,0.1333,12.0,False,gaming,apify,2026-05-14T00:26:50.120941,wear-out
apify_9e31d3ccc0a1,data\raw\gaming\apify_9e31d3ccc0a1.jpg,0.1667,15.0,False,gaming,apify,2026-05-14T00:26:51.999180,wear-out
apify_05650c71e57b,data\raw\gaming\apify_05650c71e57b.jpg,0.1667,15.0,False,gaming,apify,2026-05-14T00:26:53.690517,wear-out
apify_3e47e0516c5f,data\raw\gaming\apify_3e47e0516c5f.jpg,0.1444,13.0,False,gaming,apify,2026-05-14T00:26:55.793385,wear-out
apify_a570209705b0,data\raw\gaming\apify_a570209705b0.jpg,0.1222,11.0,False,gaming,apify,2026-05-14T00:26:57.964699,wear-out
apify_83373b684e30,data\raw\gaming\apify_83373b684e30.jpg,0.2444,22.0,False,gaming,apify,2026-05-14T00:26:59.543902,wear-out
apify_5976868f1f44,data\raw\gaming\apify_5976868f1f44.jpg,0.1444,13.0,False,gaming,apify,2026-05-14T00:27:01.039623,wear-out
apify_6cc5dd7100eb,data\raw\gaming\apify_6cc5dd7100eb.jpg,0.1556,14.0,False,gaming,apify,2026-05-14T00:27:03.313254,wear-out
apify_fe624c083711,data\raw\gaming\apify_fe624c083711.jpg,0.1,9.0,False,gaming,apify,2026-05-14T00:27:05.015874,wear-out
apify_e173c8522fba,data\raw\gaming\apify_e173c8522fba.jpg,0.0111,1.0,False,gaming,apify,2026-05-14T00:27:06.750725,cut-out
apify_f26fea8e8add,data\raw\gaming\apify_f26fea8e8add.jpg,0.1333,12.0,False,gaming,apify,2026-05-14T00:27:08.232829,wear-out
apify_9c6f0a4128d8,data\raw\gaming\apify_9c6f0a4128d8.jpg,0.1556,14.0,False,gaming,apify,2026-05-14T00:27:09.974251,wear-out
apify_9df26071f551,data\raw\gaming\apify_9df26071f551.jpg,0.0778,7.0,False,gaming,apify,2026-05-14T00:27:12.610797,wear-out
apify_910451fa4eab,data\raw\gaming\apify_910451fa4eab.jpg,0.1444,13.0,False,gaming,apify,2026-05-14T00:27:14.094567,wear-out
apify_e66f14b232c0,data\raw\gaming\apify_e66f14b232c0.jpg,0.1444,13.0,False,gaming,apify,2026-05-14T00:27:15.991006,wear-out
apify_12033062fc3d,data\raw\gaming\apify_12033062fc3d.jpg,0.1333,12.0,False,gaming,apify,2026-05-14T00:27:17.776588,wear-out
apify_2b4bc9a70709,data\raw\gaming\apify_2b4bc9a70709.jpg,0.1333,12.0,False,gaming,apify,2026-05-14T00:27:19.763187,wear-out
apify_e6b876efa0fe,data\raw\gaming\apify_e6b876efa0fe.jpg,0.1444,13.0,False,gaming,apify,2026-05-14T00:27:21.647838,wear-out
apify_6aaca6dacfa4,data\raw\gaming\apify_6aaca6dacfa4.jpg,0.1333,12.0,False,gaming,apify,2026-05-14T00:27:23.370420,wear-out
apify_514d96843b81,data\raw\gaming\apify_514d96843b81.jpg,0.0667,6.0,False,gaming,apify,2026-05-14T00:27:25.375966,cut-out
apify_a40b9759fd71,data\raw\gaming\apify_a40b9759fd71.jpg,0.0667,6.0,False,gaming,apify,2026-05-14T00:27:27.492102,cut-out
apify_ef2254d54c81,data\raw\gaming\apify_ef2254d54c81.jpg,0.1667,15.0,False,gaming,apify,2026-05-14T00:27:30.100672,wear-out
apify_cc5d6f331bee,data\raw\gaming\apify_cc5d6f331bee.jpg,0.1333,12.0,False,gaming,apify,2026-05-14T00:27:32.462624,wear-out
apify_63d94cb79628,data\raw\gaming\apify_63d94cb79628.jpg,0.1444,13.0,False,gaming,apify,2026-05-14T00:27:34.485326,wear-out
apify_9e1100709573,data\raw\gaming\apify_9e1100709573.jpg,0.0778,7.0,False,gaming,apify,2026-05-14T00:27:36.856689,wear-out
apify_df26621d6e71,data\raw\gaming\apify_df26621d6e71.jpg,0.0889,8.0,False,gaming,apify,2026-05-14T00:27:38.363897,wear-out
apify_cc08113e9b43,data\raw\gaming\apify_cc08113e9b43.jpg,0.0556,5.0,False,gaming,apify,2026-05-14T00:27:40.318683,cut-out
apify_f291bd79a35c,data\raw\gaming\apify_f291bd79a35c.jpg,0.0556,5.0,False,gaming,apify,2026-05-14T00:27:42.497021,cut-out
apify_9120f8333792,data\raw\gaming\apify_9120f8333792.jpg,0.1778,16.0,False,gaming,apify,2026-05-14T00:27:44.746673,wear-out
apify_84fff854c056,data\raw\gaming\apify_84fff854c056.jpg,0.1667,15.0,False,gaming,apify,2026-05-14T00:27:46.969223,wear-out
apify_d6a7b3b3330f,data\raw\gaming\apify_d6a7b3b3330f.jpg,0.1556,14.0,False,gaming,apify,2026-05-14T00:27:48.142681,wear-out
apify_cd93213eebd5,data\raw\gaming\apify_cd93213eebd5.jpg,0.1667,15.0,False,gaming,apify,2026-05-14T00:27:49.492949,wear-out
apify_8a05a8a43344,data\raw\gaming\apify_8a05a8a43344.jpg,0.0778,7.0,False,gaming,apify,2026-05-14T00:27:51.330657,wear-out
apify_a3877d7c5166,data\raw\gaming\apify_a3877d7c5166.jpg,0.1444,13.0,False,gaming,apify,2026-05-14T00:27:53.272186,wear-out
apify_80bae96f6f55,data\raw\gaming\apify_80bae96f6f55.jpg,0.0556,5.0,False,gaming,apify,2026-05-14T00:27:54.756093,cut-out
apify_37573ba2c9b6,data\raw\gaming\apify_37573ba2c9b6.jpg,0.1333,12.0,False,gaming,apify,2026-05-14T00:27:56.417722,wear-out
apify_d702d874844f,data\raw\gaming\apify_d702d874844f.jpg,0.0889,8.0,False,gaming,apify,2026-05-14T00:27:57.951665,wear-out
apify_e8736966772a,data\raw\gaming\apify_e8736966772a.jpg,0.1444,13.0,False,gaming,apify,2026-05-14T00:27:59.892048,wear-out
apify_7dc6c0f4b9b1,data\raw\gaming\apify_7dc6c0f4b9b1.jpg,0.0111,1.0,False,gaming,apify,2026-05-14T00:28:01.783700,cut-out
apify_e2492c831039,data\raw\gaming\apify_e2492c831039.jpg,0.0556,5.0,False,gaming,apify,2026-05-14T00:28:03.538783,cut-out
apify_723175bbc912,data\raw\gaming\apify_723175bbc912.jpg,0.0556,5.0,False,gaming,apify,2026-05-14T00:28:05.241355,cut-out
apify_4d6d79fa7d12,data\raw\gaming\apify_4d6d79fa7d12.jpg,0.1222,11.0,False,gaming,apify,2026-05-14T00:28:06.628015,wear-out
apify_22197271b74b,data\raw\gaming\apify_22197271b74b.jpg,0.1,9.0,False,gaming,apify,2026-05-14T00:28:08.930460,wear-out
apify_2379353c7bd2,data\raw\gaming\apify_2379353c7bd2.jpg,0.0889,8.0,False,gaming,apify,2026-05-14T00:28:10.582974,wear-out
apify_d972c23acd98,data\raw\gaming\apify_d972c23acd98.jpg,0.1556,14.0,False,gaming,apify,2026-05-14T00:28:12.571549,wear-out
apify_05ded5bb7513,data\raw\gaming\apify_05ded5bb7513.jpg,0.0111,1.0,False,gaming,apify,2026-05-14T00:28:14.705549,cut-out
apify_eb6ee36457fd,data\raw\gaming\apify_eb6ee36457fd.jpg,0.0778,7.0,False,gaming,apify,2026-05-14T00:28:16.386348,wear-out
apify_97326e41efdd,data\raw\gaming\apify_97326e41efdd.jpg,0.1333,12.0,False,gaming,apify,2026-05-14T00:28:18.166754,wear-out
apify_8dab04a8eca2,data\raw\gaming\apify_8dab04a8eca2.jpg,0.2333,21.0,False,gaming,apify,2026-05-14T00:28:20.099881,wear-out
apify_049e98489dd3,data\raw\gaming\apify_049e98489dd3.jpg,0.0667,6.0,False,gaming,apify,2026-05-14T00:28:22.035873,cut-out
apify_e77c37e44281,data\raw\gaming\apify_e77c37e44281.jpg,0.0111,1.0,False,gaming,apify,2026-05-14T00:28:23.427704,cut-out
apify_68fc62d6179b,data\raw\gaming\apify_68fc62d6179b.jpg,0.1111,10.0,False,gaming,apify,2026-05-14T00:28:25.366893,wear-out
apify_a55b714bad1e,data\raw\gaming\apify_a55b714bad1e.jpg,0.2444,22.0,False,gaming,apify,2026-05-14T00:28:27.178829,wear-out
apify_3e4e80f666b0,data\raw\gaming\apify_3e4e80f666b0.jpg,0.2444,22.0,False,gaming,apify,2026-05-14T00:28:28.645174,wear-out
apify_6042be4be452,data\raw\gaming\apify_6042be4be452.jpg,0.2333,21.0,False,gaming,apify,2026-05-14T00:28:30.080792,wear-out
apify_346b072f979a,data\raw\gaming\apify_346b072f979a.jpg,0.0556,5.0,False,gaming,apify,2026-05-14T00:28:32.146829,cut-out
apify_77af7ffdeeb0,data\raw\gaming\apify_77af7ffdeeb0.jpg,0.2222,20.0,False,gaming,apify,2026-05-14T00:28:34.557707,wear-out
apify_208cc8a6dce5,data\raw\gaming\apify_208cc8a6dce5.jpg,0.0778,7.0,False,gaming,apify,2026-05-14T00:28:36.908670,wear-out
apify_b8451a03e966,data\raw\gaming\apify_b8451a03e966.jpg,0.1556,14.0,False,gaming,apify,2026-05-14T00:28:38.448936,wear-out
apify_d25efaa977d9,data\raw\gaming\apify_d25efaa977d9.jpg,0.2444,22.0,False,gaming,apify,2026-05-14T00:28:40.186290,wear-out
apify_f307fa2abb50,data\raw\gaming\apify_f307fa2abb50.jpg,0.1444,13.0,False,gaming,apify,2026-05-14T00:28:41.799920,wear-out
apify_d3775f4031b4,data\raw\gaming\apify_d3775f4031b4.jpg,0.1333,12.0,False,gaming,apify,2026-05-14T00:28:43.773461,wear-out
apify_ee29471d3bcc,data\raw\gaming\apify_ee29471d3bcc.jpg,0.1222,11.0,False,gaming,apify,2026-05-14T00:28:45.198552,wear-out
apify_49588e248c1b,data\raw\gaming\apify_49588e248c1b.jpg,0.1556,14.0,False,gaming,apify,2026-05-14T00:28:46.681378,wear-out
apify_a9997eebf3bc,data\raw\gaming\apify_a9997eebf3bc.jpg,0.1667,15.0,False,gaming,apify,2026-05-14T00:28:48.495520,wear-out
apify_715aaefa4db7,data\raw\gaming\apify_715aaefa4db7.jpg,0.0778,7.0,False,gaming,apify,2026-05-14T00:28:50.101804,wear-out
apify_93d4e4bceb44,data\raw\gaming\apify_93d4e4bceb44.jpg,0.1333,12.0,False,gaming,apify,2026-05-14T00:28:51.605339,wear-out
apify_0f1b4b46492b,data\raw\gaming\apify_0f1b4b46492b.jpg,0.1333,12.0,False,gaming,apify,2026-05-14T00:28:53.529586,wear-out
apify_b8b4972eee75,data\raw\gaming\apify_b8b4972eee75.jpg,0.1667,15.0,False,gaming,apify,2026-05-14T00:28:55.744489,wear-out
apify_859b60c7433e,data\raw\gaming\apify_859b60c7433e.jpg,0.1,9.0,False,gaming,apify,2026-05-14T00:28:57.237616,wear-out
apify_24e1cbcf1ff4,data\raw\gaming\apify_24e1cbcf1ff4.jpg,0.0889,8.0,False,gaming,apify,2026-05-14T00:28:59.261716,wear-out
apify_e407d2e25bc6,data\raw\gaming\apify_e407d2e25bc6.jpg,0.0556,5.0,False,gaming,apify,2026-05-14T00:29:00.759403,cut-out
apify_6df8811550b3,data\raw\gaming\apify_6df8811550b3.jpg,0.1556,14.0,False,gaming,apify,2026-05-14T00:29:03.143310,wear-out
apify_5cd79c270b88,data\raw\gaming\apify_5cd79c270b88.jpg,0.1333,12.0,False,gaming,apify,2026-05-14T00:29:05.245774,wear-out
apify_514aff2e80dd,data\raw\gaming\apify_514aff2e80dd.jpg,0.0111,1.0,False,gaming,apify,2026-05-14T00:29:06.870264,cut-out
apify_6731af6e9525,data\raw\gaming\apify_6731af6e9525.jpg,0.1222,11.0,False,gaming,apify,2026-05-14T00:29:08.978205,wear-out
apify_4c5b8bbf79df,data\raw\gaming\apify_4c5b8bbf79df.jpg,0.0333,3.0,False,gaming,apify,2026-05-14T00:29:11.211099,cut-out
apify_d00c851699c0,data\raw\gaming\apify_d00c851699c0.jpg,0.0889,8.0,False,gaming,apify,2026-05-14T00:29:13.294025,wear-out
apify_68539d7a0953,data\raw\gaming\apify_68539d7a0953.jpg,0.0889,8.0,False,gaming,apify,2026-05-14T00:29:14.919754,wear-out
apify_35b91e977f4e,data\raw\gaming\apify_35b91e977f4e.jpg,0.0111,1.0,False,gaming,apify,2026-05-14T00:29:16.791320,cut-out
apify_90e499e8e3da,data\raw\gaming\apify_90e499e8e3da.jpg,0.1667,15.0,False,gaming,apify,2026-05-14T00:29:18.597214,wear-out
apify_704f7dc703c7,data\raw\gaming\apify_704f7dc703c7.jpg,0.1333,12.0,False,gaming,apify,2026-05-14T00:29:20.348593,wear-out
apify_5cf2e441b5d0,data\raw\gaming\apify_5cf2e441b5d0.jpg,0.0111,1.0,False,gaming,apify,2026-05-14T00:29:21.942453,cut-out
apify_caf2e64d3fa3,data\raw\gaming\apify_caf2e64d3fa3.jpg,0.0778,7.0,False,gaming,apify,2026-05-14T00:29:23.568687,wear-out
apify_2f94e637014b,data\raw\gaming\apify_2f94e637014b.jpg,0.0556,5.0,False,gaming,apify,2026-05-14T00:29:25.391191,cut-out
apify_4597c80c2aca,data\raw\gaming\apify_4597c80c2aca.jpg,0.1667,15.0,False,gaming,apify,2026-05-14T00:29:27.072070,wear-out
apify_e030b343e2d5,data\raw\gaming\apify_e030b343e2d5.jpg,0.1,9.0,False,gaming,apify,2026-05-14T00:29:28.757755,wear-out
apify_3d9bfb3da87c,data\raw\gaming\apify_3d9bfb3da87c.jpg,0.2444,22.0,False,gaming,apify,2026-05-14T00:29:30.700070,wear-out
apify_a11c7b8fafe6,data\raw\gaming\apify_a11c7b8fafe6.jpg,0.1,9.0,False,gaming,apify,2026-05-14T00:29:33.198000,wear-out
apify_56bd845b890d,data\raw\gaming\apify_56bd845b890d.jpg,0.0556,5.0,False,gaming,apify,2026-05-14T00:29:35.096889,cut-out
apify_10ff2d73e266,data\raw\gaming\apify_10ff2d73e266.jpg,0.2333,21.0,False,gaming,apify,2026-05-14T00:29:37.053945,wear-out
apify_8a6a5127dc50,data\raw\gaming\apify_8a6a5127dc50.jpg,0.1556,14.0,False,gaming,apify,2026-05-14T00:29:38.742828,wear-out
apify_2699a5586070,data\raw\gaming\apify_2699a5586070.jpg,0.1667,15.0,False,gaming,apify,2026-05-14T00:29:40.923265,wear-out
apify_0c3781bc85c4,data\raw\gaming\apify_0c3781bc85c4.jpg,0.0111,1.0,False,gaming,apify,2026-05-14T00:29:43.215374,cut-out
apify_1a02874cef6b,data\raw\gaming\apify_1a02874cef6b.jpg,0.1556,14.0,False,gaming,apify,2026-05-14T00:29:45.716946,wear-out
apify_c01965f26249,data\raw\gaming\apify_c01965f26249.jpg,0.1111,10.0,False,gaming,apify,2026-05-14T00:29:47.852514,wear-out
apify_83890acb13c1,data\raw\gaming\apify_83890acb13c1.jpg,0.0111,1.0,False,gaming,apify,2026-05-14T00:29:49.925461,cut-out
apify_b0e169592f7b,data\raw\gaming\apify_b0e169592f7b.jpg,0.0556,5.0,False,gaming,apify,2026-05-14T00:29:51.599732,cut-out
apify_78815611ec44,data\raw\gaming\apify_78815611ec44.jpg,0.1,9.0,False,gaming,apify,2026-05-14T00:29:53.075149,wear-out
apify_a0e85837689d,data\raw\gaming\apify_a0e85837689d.jpg,0.0556,5.0,False,gaming,apify,2026-05-14T00:29:55.032104,cut-out
apify_e1594612d9cb,data\raw\gaming\apify_e1594612d9cb.jpg,0.0667,6.0,False,gaming,apify,2026-05-14T00:29:57.076130,cut-out
apify_5181423d6641,data\raw\gaming\apify_5181423d6641.jpg,0.1444,13.0,False,gaming,apify,2026-05-14T00:29:59.315346,wear-out
apify_735f1d69fc6b,data\raw\gaming\apify_735f1d69fc6b.jpg,0.1444,13.0,False,gaming,apify,2026-05-14T00:30:01.272335,wear-out
apify_2959deaebf50,data\raw\gaming\apify_2959deaebf50.jpg,0.1333,12.0,False,gaming,apify,2026-05-14T00:30:02.970991,wear-out
apify_ae5caeb78e4b,data\raw\gaming\apify_ae5caeb78e4b.jpg,0.0444,4.0,False,gaming,apify,2026-05-14T00:30:04.153036,cut-out
apify_027529c5439f,data\raw\gaming\apify_027529c5439f.jpg,0.0667,6.0,False,gaming,apify,2026-05-14T00:30:05.970204,cut-out
apify_6a92b1247257,data\raw\gaming\apify_6a92b1247257.jpg,0.0889,8.0,False,gaming,apify,2026-05-14T00:30:07.887463,wear-out
apify_499b5b5757cb,data\raw\gaming\apify_499b5b5757cb.jpg,0.1444,13.0,False,gaming,apify,2026-05-14T00:30:10.170211,wear-out
apify_83dc58c1be46,data\raw\gaming\apify_83dc58c1be46.jpg,0.1889,17.0,False,gaming,apify,2026-05-14T00:30:11.921957,wear-out
apify_048c6816b358,data\raw\gaming\apify_048c6816b358.jpg,0.0111,1.0,False,gaming,apify,2026-05-14T00:30:13.803273,cut-out
apify_ad3e720df5d0,data\raw\gaming\apify_ad3e720df5d0.jpg,0.0667,6.0,False,gaming,apify,2026-05-14T00:30:15.787508,cut-out
apify_9419da879fa8,data\raw\gaming\apify_9419da879fa8.jpg,0.0778,7.0,False,gaming,apify,2026-05-14T00:30:18.323596,wear-out
apify_89de9d7c1bb5,data\raw\gaming\apify_89de9d7c1bb5.jpg,0.0556,5.0,False,gaming,apify,2026-05-14T00:30:20.812753,cut-out
apify_f3d6bc23bd41,data\raw\gaming\apify_f3d6bc23bd41.jpg,0.0667,6.0,False,gaming,apify,2026-05-14T00:30:23.677870,cut-out
apify_d240cc41f4a7,data\raw\gaming\apify_d240cc41f4a7.jpg,0.0556,5.0,False,gaming,apify,2026-05-14T00:30:25.846797,cut-out
apify_1e784fd8c0d4,data\raw\gaming\apify_1e784fd8c0d4.jpg,0.0111,1.0,False,gaming,apify,2026-05-14T00:30:28.135217,cut-out
apify_a5433a66bd6e,data\raw\gaming\apify_a5433a66bd6e.jpg,0.1333,12.0,False,gaming,apify,2026-05-14T00:30:29.993361,wear-out
apify_33b22cbe91f2,data\raw\gaming\apify_33b22cbe91f2.jpg,0.1444,13.0,False,gaming,apify,2026-05-14T00:30:31.273390,wear-out
apify_39932e3aeeb2,data\raw\gaming\apify_39932e3aeeb2.jpg,0.0444,4.0,False,gaming,apify,2026-05-14T00:30:33.216148,cut-out
apify_89a7303358ae,data\raw\gaming\apify_89a7303358ae.jpg,0.0889,8.0,False,gaming,apify,2026-05-14T00:30:35.215352,wear-out
apify_c03166ce4d48,data\raw\gaming\apify_c03166ce4d48.jpg,0.1444,13.0,False,gaming,apify,2026-05-14T00:30:37.045003,wear-out
apify_6816c238d423,data\raw\gaming\apify_6816c238d423.jpg,0.1444,13.0,False,gaming,apify,2026-05-14T00:30:38.917138,wear-out
apify_a26c5b564341,data\raw\gaming\apify_a26c5b564341.jpg,0.1333,12.0,False,gaming,apify,2026-05-14T00:30:40.816288,wear-out
apify_b9daa5a79abb,data\raw\gaming\apify_b9daa5a79abb.jpg,0.0778,7.0,False,gaming,apify,2026-05-14T00:30:42.445504,wear-out
apify_13f568621550,data\raw\gaming\apify_13f568621550.jpg,0.1333,12.0,False,gaming,apify,2026-05-14T00:30:43.981120,wear-out
apify_6bab586aeb59,data\raw\gaming\apify_6bab586aeb59.jpg,0.0778,7.0,False,gaming,apify,2026-05-14T00:30:45.755893,wear-out
apify_2c1f420655b5,data\raw\gaming\apify_2c1f420655b5.jpg,0.2667,24.0,False,gaming,apify,2026-05-14T00:30:48.213800,wear-out
apify_9afc044d64d8,data\raw\gaming\apify_9afc044d64d8.jpg,0.0667,6.0,False,gaming,apify,2026-05-14T00:30:50.158053,cut-out
apify_801b7b81b7ad,data\raw\gaming\apify_801b7b81b7ad.jpg,0.0667,6.0,False,gaming,apify,2026-05-14T00:30:52.207511,cut-out
apify_422b00b1aae5,data\raw\gaming\apify_422b00b1aae5.jpg,0.0778,7.0,False,gaming,apify,2026-05-14T00:30:54.283118,wear-out
apify_4c9ca380b592,data\raw\gaming\apify_4c9ca380b592.jpg,0.2,18.0,False,gaming,apify,2026-05-14T00:30:56.116737,wear-out
apify_79f24787e67d,data\raw\gaming\apify_79f24787e67d.jpg,0.0778,7.0,False,gaming,apify,2026-05-14T00:30:58.613529,wear-out
apify_cf55c2061400,data\raw\gaming\apify_cf55c2061400.jpg,0.0111,1.0,False,gaming,apify,2026-05-14T00:31:00.917165,cut-out
apify_d4c2c6a0cb7a,data\raw\gaming\apify_d4c2c6a0cb7a.jpg,0.1222,11.0,False,gaming,apify,2026-05-14T00:31:02.967946,wear-out
apify_c74fdda74dec,data\raw\gaming\apify_c74fdda74dec.jpg,0.1444,13.0,False,gaming,apify,2026-05-14T00:31:05.138674,wear-out
apify_cc7ca47c2b6c,data\raw\gaming\apify_cc7ca47c2b6c.jpg,0.0111,1.0,False,gaming,apify,2026-05-14T00:31:06.803183,cut-out
apify_6e5f82cb6b17,data\raw\gaming\apify_6e5f82cb6b17.jpg,0.0667,6.0,False,gaming,apify,2026-05-14T00:31:08.737498,cut-out
apify_d0c87f8a1f09,data\raw\gaming\apify_d0c87f8a1f09.jpg,0.0556,5.0,False,gaming,apify,2026-05-14T00:31:10.746128,cut-out
apify_0247282257ff,data\raw\gaming\apify_0247282257ff.jpg,0.2111,19.0,False,gaming,apify,2026-05-14T00:31:12.804393,wear-out
apify_5d8782d239a3,data\raw\gaming\apify_5d8782d239a3.jpg,0.1444,13.0,False,gaming,apify,2026-05-14T00:31:15.151214,wear-out
apify_698d689f8ca0,data\raw\gaming\apify_698d689f8ca0.jpg,0.0333,3.0,False,gaming,apify,2026-05-14T00:31:16.708176,cut-out
apify_2d6f0d38d1dc,data\raw\gaming\apify_2d6f0d38d1dc.jpg,0.0333,3.0,False,gaming,apify,2026-05-14T00:31:18.933018,cut-out
apify_9cffc34e46ca,data\raw\gaming\apify_9cffc34e46ca.jpg,0.0333,3.0,False,gaming,apify,2026-05-14T00:31:20.736723,cut-out
apify_a93d25c88a66,data\raw\gaming\apify_a93d25c88a66.jpg,0.1556,14.0,False,gaming,apify,2026-05-14T00:31:22.797709,wear-out
apify_e06759c94e29,data\raw\gaming\apify_e06759c94e29.jpg,0.1444,13.0,False,gaming,apify,2026-05-14T00:31:24.809008,wear-out
apify_c10fbf95def5,data\raw\gaming\apify_c10fbf95def5.jpg,0.0889,8.0,False,gaming,apify,2026-05-14T00:31:26.474675,wear-out
apify_24ca8cdfaeba,data\raw\gaming\apify_24ca8cdfaeba.jpg,0.1222,11.0,False,gaming,apify,2026-05-14T00:31:28.393593,wear-out
apify_38aae0ed64a4,data\raw\gaming\apify_38aae0ed64a4.jpg,0.2444,22.0,False,gaming,apify,2026-05-14T00:31:29.806155,wear-out
apify_9adda06efe65,data\raw\gaming\apify_9adda06efe65.jpg,0.0556,5.0,False,gaming,apify,2026-05-14T00:31:31.998992,cut-out
apify_6dabe861e3f7,data\raw\gaming\apify_6dabe861e3f7.jpg,0.1333,12.0,False,gaming,apify,2026-05-14T00:31:33.847588,wear-out
apify_5af00f597968,data\raw\gaming\apify_5af00f597968.jpg,0.0111,1.0,False,gaming,apify,2026-05-14T00:31:36.003764,cut-out
apify_3e3b2266239b,data\raw\gaming\apify_3e3b2266239b.jpg,0.0667,6.0,False,gaming,apify,2026-05-14T00:31:38.384273,cut-out
apify_403e1620411f,data\raw\gaming\apify_403e1620411f.jpg,0.1444,13.0,False,gaming,apify,2026-05-14T00:31:39.812117,wear-out
apify_a5a00f52bb5d,data\raw\gaming\apify_a5a00f52bb5d.jpg,0.1556,14.0,False,gaming,apify,2026-05-14T00:31:41.692899,wear-out
apify_16a5ec923140,data\raw\gaming\apify_16a5ec923140.jpg,0.2778,25.0,False,gaming,apify,2026-05-14T00:31:44.263361,wear-out
apify_d045a42995f6,data\raw\gaming\apify_d045a42995f6.jpg,0.0111,1.0,False,gaming,apify,2026-05-14T00:31:45.782883,cut-out
apify_47660da3d3f3,data\raw\gaming\apify_47660da3d3f3.jpg,0.1111,10.0,False,gaming,apify,2026-05-14T00:31:47.641435,wear-out
apify_f5e1ce9c70fa,data\raw\gaming\apify_f5e1ce9c70fa.jpg,0.1444,13.0,False,gaming,apify,2026-05-14T00:31:49.701597,wear-out
apify_678a6112bd5c,data\raw\gaming\apify_678a6112bd5c.jpg,0.0222,2.0,False,gaming,apify,2026-05-14T00:31:51.960499,cut-out
apify_fd3422f646c3,data\raw\gaming\apify_fd3422f646c3.jpg,0.1333,12.0,False,gaming,apify,2026-05-14T00:31:53.987197,wear-out
apify_6663887c65a3,data\raw\gaming\apify_6663887c65a3.jpg,0.0222,2.0,False,gaming,apify,2026-05-14T00:31:55.754661,cut-out
apify_382c2c691159,data\raw\gaming\apify_382c2c691159.jpg,0.0111,1.0,False,gaming,apify,2026-05-14T00:31:57.381813,cut-out
apify_d95cf971eb74,data\raw\gaming\apify_d95cf971eb74.jpg,0.0333,3.0,False,gaming,apify,2026-05-14T00:31:58.593968,cut-out
apify_23562fcc624f,data\raw\gaming\apify_23562fcc624f.jpg,0.2333,21.0,False,gaming,apify,2026-05-14T00:31:59.853410,wear-out
apify_83579de30d48,data\raw\gaming\apify_83579de30d48.jpg,0.1667,15.0,False,gaming,apify,2026-05-14T00:32:01.907549,wear-out
apify_00db82a77496,data\raw\gaming\apify_00db82a77496.jpg,0.0444,4.0,False,gaming,apify,2026-05-14T00:32:04.130459,cut-out
apify_7d7f8cbaebfa,data\raw\gaming\apify_7d7f8cbaebfa.jpg,0.0333,3.0,False,gaming,apify,2026-05-14T00:32:06.256842,cut-out
apify_22e721dd276a,data\raw\gaming\apify_22e721dd276a.jpg,0.0778,7.0,False,gaming,apify,2026-05-14T00:32:07.975841,wear-out
apify_dc7ac2939114,data\raw\gaming\apify_dc7ac2939114.jpg,0.0333,3.0,False,gaming,apify,2026-05-14T00:32:10.045092,cut-out
apify_3808f1bd7c1b,data\raw\gaming\apify_3808f1bd7c1b.jpg,0.0333,3.0,False,gaming,apify,2026-05-14T00:32:12.479852,cut-out
apify_5743f5b9fb85,data\raw\gaming\apify_5743f5b9fb85.jpg,0.0333,3.0,False,gaming,apify,2026-05-14T00:32:14.329602,cut-out
apify_9b3d1e535b47,data\raw\gaming\apify_9b3d1e535b47.jpg,0.0444,4.0,False,gaming,apify,2026-05-14T00:32:16.106189,cut-out
apify_e77043abf02a,data\raw\gaming\apify_e77043abf02a.jpg,0.0222,2.0,False,gaming,apify,2026-05-14T00:32:18.005049,cut-out
apify_5b1034bee755,data\raw\gaming\apify_5b1034bee755.jpg,0.0111,1.0,False,gaming,apify,2026-05-14T00:32:20.386627,cut-out
apify_aa854103ac01,data\raw\gaming\apify_aa854103ac01.jpg,0.2444,22.0,False,gaming,apify,2026-05-14T00:32:21.747583,wear-out
apify_65a5ec7dad34,data\raw\gaming\apify_65a5ec7dad34.jpg,0.0111,1.0,False,gaming,apify,2026-05-14T00:32:23.914508,cut-out
apify_c026cbc83f42,data\raw\gaming\apify_c026cbc83f42.jpg,0.0222,2.0,False,gaming,apify,2026-05-14T00:32:26.327958,cut-out
apify_d59c8b74f11a,data\raw\gaming\apify_d59c8b74f11a.jpg,0.0333,3.0,False,gaming,apify,2026-05-14T00:32:28.343583,cut-out
apify_a52c244497d6,data\raw\gaming\apify_a52c244497d6.jpg,0.0889,8.0,False,gaming,apify,2026-05-14T00:32:29.953290,wear-out
apify_85af6d005974,data\raw\gaming\apify_85af6d005974.jpg,0.0222,2.0,False,gaming,apify,2026-05-14T00:32:32.328651,cut-out
apify_9d939e9ebccb,data\raw\gaming\apify_9d939e9ebccb.jpg,0.0889,8.0,False,gaming,apify,2026-05-14T00:32:34.392897,wear-out
apify_36281f67c0ab,data\raw\gaming\apify_36281f67c0ab.jpg,0.0111,1.0,False,gaming,apify,2026-05-14T00:32:36.103566,cut-out
apify_e400f5850e7d,data\raw\gaming\apify_e400f5850e7d.jpg,0.0667,6.0,False,gaming,apify,2026-05-14T00:32:38.233894,cut-out
apify_1707b2b6f985,data\raw\gaming\apify_1707b2b6f985.jpg,0.0333,3.0,False,gaming,apify,2026-05-14T00:32:39.863858,cut-out
apify_12a93089f6da,data\raw\gaming\apify_12a93089f6da.jpg,0.0222,2.0,False,gaming,apify,2026-05-14T00:32:41.561334,cut-out
apify_06d845cf6a58,data\raw\gaming\apify_06d845cf6a58.jpg,0.1333,12.0,False,gaming,apify,2026-05-14T00:32:42.970583,wear-out
apify_d1be9aa61ae5,data\raw\gaming\apify_d1be9aa61ae5.jpg,0.0222,2.0,False,gaming,apify,2026-05-14T00:32:44.527707,cut-out
apify_e06ffa43bc50,data\raw\gaming\apify_e06ffa43bc50.jpg,0.0222,2.0,False,gaming,apify,2026-05-14T00:32:46.389182,cut-out
apify_45101d5b7c76,data\raw\gaming\apify_45101d5b7c76.jpg,0.0111,1.0,False,gaming,apify,2026-05-14T00:32:48.701995,cut-out
apify_b7d47657747f,data\raw\gaming\apify_b7d47657747f.jpg,0.0111,1.0,False,gaming,apify,2026-05-14T00:32:50.304923,cut-out
apify_a77c86ac015e,data\raw\gaming\apify_a77c86ac015e.jpg,0.0444,4.0,False,gaming,apify,2026-05-14T00:32:51.780200,cut-out
apify_220a3ded7dac,data\raw\gaming\apify_220a3ded7dac.jpg,0.0333,3.0,False,gaming,apify,2026-05-14T00:32:53.580966,cut-out
apify_40dea2b53bdc,data\raw\gaming\apify_40dea2b53bdc.jpg,0.0333,3.0,False,gaming,apify,2026-05-14T00:32:55.940955,cut-out
apify_ea54e413c42d,data\raw\gaming\apify_ea54e413c42d.jpg,0.0111,1.0,False,gaming,apify,2026-05-14T00:32:57.489783,cut-out
apify_b5949c5105f0,data\raw\gaming\apify_b5949c5105f0.jpg,0.1222,11.0,False,gaming,apify,2026-05-14T00:32:58.752281,wear-out
apify_d9529b030c00,data\raw\gaming\apify_d9529b030c00.jpg,0.0111,1.0,False,gaming,apify,2026-05-14T00:33:01.370380,cut-out
apify_eb508c738e13,data\raw\gaming\apify_eb508c738e13.jpg,0.1333,12.0,False,gaming,apify,2026-05-14T00:33:02.626947,wear-out
apify_70dd711abb78,data\raw\gaming\apify_70dd711abb78.jpg,0.1222,11.0,False,gaming,apify,2026-05-14T00:33:04.271613,wear-out
apify_69830f6bbecf,data\raw\gaming\apify_69830f6bbecf.jpg,0.0667,6.0,False,gaming,apify,2026-05-14T00:33:06.343495,cut-out
apify_4cfbbe7ece2e,data\raw\gaming\apify_4cfbbe7ece2e.jpg,0.1111,10.0,False,gaming,apify,2026-05-14T00:33:08.667048,wear-out
apify_cc0160d4e605,data\raw\gaming\apify_cc0160d4e605.jpg,0.0111,1.0,False,gaming,apify,2026-05-14T00:33:10.567152,cut-out
apify_200c0084acff,data\raw\gaming\apify_200c0084acff.jpg,0.0556,5.0,False,gaming,apify,2026-05-14T00:33:12.359220,cut-out
apify_0a0e2ed635cb,data\raw\gaming\apify_0a0e2ed635cb.jpg,0.0778,7.0,False,gaming,apify,2026-05-14T00:33:13.698569,wear-out
apify_e7d4fc536484,data\raw\gaming\apify_e7d4fc536484.jpg,0.0778,7.0,False,gaming,apify,2026-05-14T00:33:15.964184,wear-out
apify_2b4f337665aa,data\raw\gaming\apify_2b4f337665aa.jpg,0.0444,4.0,False,gaming,apify,2026-05-14T00:33:17.984853,cut-out
apify_0f3eebf417d8,data\raw\gaming\apify_0f3eebf417d8.jpg,0.0333,3.0,False,gaming,apify,2026-05-14T00:33:20.209335,cut-out
apify_52f2cd3dbc18,data\raw\gaming\apify_52f2cd3dbc18.jpg,0.1333,12.0,False,gaming,apify,2026-05-14T00:33:21.684297,wear-out
apify_423f4904d557,data\raw\gaming\apify_423f4904d557.jpg,0.0111,1.0,False,gaming,apify,2026-05-14T00:33:23.726995,cut-out
apify_ee65a13dd079,data\raw\gaming\apify_ee65a13dd079.jpg,0.1111,10.0,False,gaming,apify,2026-05-14T00:33:26.072071,wear-out
apify_891570c6061f,data\raw\gaming\apify_891570c6061f.jpg,0.1222,11.0,False,gaming,apify,2026-05-14T00:33:27.912269,wear-out
apify_c11384514af2,data\raw\gaming\apify_c11384514af2.jpg,0.0222,2.0,False,gaming,apify,2026-05-14T00:33:30.140290,cut-out
apify_85e7bc12f674,data\raw\gaming\apify_85e7bc12f674.jpg,0.0111,1.0,False,gaming,apify,2026-05-14T00:33:32.068088,cut-out
apify_0ddd69ea0e37,data\raw\gaming\apify_0ddd69ea0e37.jpg,0.1222,11.0,False,gaming,apify,2026-05-14T00:33:34.062241,wear-out
apify_6860528044f7,data\raw\gaming\apify_6860528044f7.jpg,0.0333,3.0,False,gaming,apify,2026-05-14T00:33:36.215527,cut-out
apify_5e38542b635c,data\raw\gaming\apify_5e38542b635c.jpg,0.2333,21.0,False,gaming,apify,2026-05-14T00:33:38.818416,wear-out
apify_258887b305a2,data\raw\gaming\apify_258887b305a2.jpg,0.0222,2.0,False,gaming,apify,2026-05-14T00:33:40.748884,cut-out
apify_352e6596d396,data\raw\gaming\apify_352e6596d396.jpg,0.1,9.0,False,gaming,apify,2026-05-14T00:33:42.296352,wear-out
apify_31153a6fbf62,data\raw\gaming\apify_31153a6fbf62.jpg,0.0222,2.0,False,gaming,apify,2026-05-14T00:33:44.142163,cut-out
apify_d1eb90408df4,data\raw\gaming\apify_d1eb90408df4.jpg,0.0444,4.0,False,gaming,apify,2026-05-14T00:33:45.980638,cut-out
apify_cdc98332a2ff,data\raw\gaming\apify_cdc98332a2ff.jpg,0.0333,3.0,False,gaming,apify,2026-05-14T00:33:48.154183,cut-out
apify_1ce4aace51fe,data\raw\gaming\apify_1ce4aace51fe.jpg,0.0444,4.0,False,gaming,apify,2026-05-14T00:33:50.050704,cut-out
apify_409e0987a32a,data\raw\gaming\apify_409e0987a32a.jpg,0.1111,10.0,False,gaming,apify,2026-05-14T00:33:52.234725,wear-out
apify_4eca325fed86,data\raw\gaming\apify_4eca325fed86.jpg,0.0778,7.0,False,gaming,apify,2026-05-14T00:33:53.770517,wear-out
apify_46157788f43f,data\raw\gaming\apify_46157788f43f.jpg,0.0111,1.0,False,gaming,apify,2026-05-14T00:33:55.060848,cut-out
apify_a4979b521b19,data\raw\gaming\apify_a4979b521b19.jpg,0.2222,20.0,False,gaming,apify,2026-05-14T00:33:57.451313,wear-out
apify_dc1b5ff8275f,data\raw\gaming\apify_dc1b5ff8275f.jpg,0.0222,2.0,False,gaming,apify,2026-05-14T00:33:59.533571,cut-out
apify_d9198f866878,data\raw\gaming\apify_d9198f866878.jpg,0.1111,10.0,False,gaming,apify,2026-05-14T00:34:01.795837,wear-out
apify_5c518e59e0dd,data\raw\gaming\apify_5c518e59e0dd.jpg,0.0444,4.0,False,gaming,apify,2026-05-14T00:34:03.635129,cut-out
apify_2c17a32c53bf,data\raw\gaming\apify_2c17a32c53bf.jpg,0.1556,14.0,False,gaming,apify,2026-05-14T00:34:05.247533,wear-out
apify_f85539ba15c9,data\raw\gaming\apify_f85539ba15c9.jpg,0.0444,4.0,False,gaming,apify,2026-05-14T00:34:07.148296,cut-out
apify_f646f26a22a7,data\raw\gaming\apify_f646f26a22a7.jpg,0.1,9.0,False,gaming,apify,2026-05-14T00:34:09.162521,wear-out
apify_76e08572e05f,data\raw\gaming\apify_76e08572e05f.jpg,0.0333,3.0,False,gaming,apify,2026-05-14T00:34:11.090897,cut-out
apify_15fc465fdc4d,data\raw\gaming\apify_15fc465fdc4d.jpg,0.0222,2.0,False,gaming,apify,2026-05-14T00:34:12.294976,cut-out
apify_c73cdb5d7c81,data\raw\gaming\apify_c73cdb5d7c81.jpg,0.0222,2.0,False,gaming,apify,2026-05-14T00:34:14.487902,cut-out
apify_6321cfe54c05,data\raw\gaming\apify_6321cfe54c05.jpg,0.0556,5.0,False,gaming,apify,2026-05-14T00:34:16.390114,cut-out
apify_3bbaac0b967a,data\raw\gaming\apify_3bbaac0b967a.jpg,0.1444,13.0,False,gaming,apify,2026-05-14T00:34:18.614168,wear-out
apify_3f9cf1adadec,data\raw\gaming\apify_3f9cf1adadec.jpg,0.0889,8.0,False,gaming,apify,2026-05-14T00:34:21.001120,wear-out
apify_10b310936aeb,data\raw\gaming\apify_10b310936aeb.jpg,0.2333,21.0,False,gaming,apify,2026-05-14T00:34:23.120570,wear-out
apify_13c8d647e849,data\raw\gaming\apify_13c8d647e849.jpg,0.0222,2.0,False,gaming,apify,2026-05-14T00:34:25.093501,cut-out
apify_c6f8ec497ebd,data\raw\gaming\apify_c6f8ec497ebd.jpg,0.0556,5.0,False,gaming,apify,2026-05-14T00:34:26.587663,cut-out
apify_e16e1083b933,data\raw\gaming\apify_e16e1083b933.jpg,0.1333,12.0,False,gaming,apify,2026-05-14T00:34:27.978096,wear-out
apify_c0fe675bcc6d,data\raw\gaming\apify_c0fe675bcc6d.jpg,0.1111,10.0,False,gaming,apify,2026-05-14T00:34:30.187606,wear-out
apify_b45edbe20ebf,data\raw\gaming\apify_b45edbe20ebf.jpg,0.1778,16.0,False,gaming,apify,2026-05-14T00:34:31.892193,wear-out
apify_edacb1e563c1,data\raw\gaming\apify_edacb1e563c1.jpg,0.0111,1.0,False,gaming,apify,2026-05-14T00:34:34.255985,cut-out
apify_142750e58bff,data\raw\gaming\apify_142750e58bff.jpg,0.0444,4.0,False,gaming,apify,2026-05-14T00:34:36.325088,cut-out
apify_d31ff426d56d,data\raw\gaming\apify_d31ff426d56d.jpg,0.1,9.0,False,gaming,apify,2026-05-14T00:34:38.000205,wear-out
apify_87d8fe601f03,data\raw\gaming\apify_87d8fe601f03.jpg,0.0111,1.0,False,gaming,apify,2026-05-14T00:34:40.194168,cut-out
apify_38f2c15999c4,data\raw\gaming\apify_38f2c15999c4.jpg,0.1333,12.0,False,gaming,apify,2026-05-14T00:34:41.498717,wear-out
apify_9975b63fe65d,data\raw\gaming\apify_9975b63fe65d.jpg,0.0444,4.0,False,gaming,apify,2026-05-14T00:34:43.707090,cut-out
apify_a680de9c4c4f,data\raw\gaming\apify_a680de9c4c4f.jpg,0.0556,5.0,False,gaming,apify,2026-05-14T00:34:45.831534,cut-out
apify_c4a0f98de696,data\raw\gaming\apify_c4a0f98de696.jpg,0.0111,1.0,False,gaming,apify,2026-05-14T00:34:47.845665,cut-out
apify_34b84b90f31d,data\raw\gaming\apify_34b84b90f31d.jpg,0.0111,1.0,False,gaming,apify,2026-05-14T00:34:50.095632,cut-out
apify_8febed3546d9,data\raw\gaming\apify_8febed3546d9.jpg,0.1444,13.0,False,gaming,apify,2026-05-14T00:34:51.789313,wear-out
apify_db9e298fb0ac,data\raw\gaming\apify_db9e298fb0ac.jpg,0.0889,8.0,False,gaming,apify,2026-05-14T00:34:54.087034,wear-out
apify_b81896c7b159,data\raw\gaming\apify_b81896c7b159.jpg,0.0556,5.0,False,gaming,apify,2026-05-14T00:34:56.102870,cut-out
apify_8c2a68a4c42a,data\raw\gaming\apify_8c2a68a4c42a.jpg,0.0667,6.0,False,gaming,apify,2026-05-14T00:34:58.069008,cut-out
apify_1e7d62ee3999,data\raw\gaming\apify_1e7d62ee3999.jpg,0.0667,6.0,False,gaming,apify,2026-05-14T00:35:00.007801,cut-out
apify_f4294c0f72e5,data\raw\gaming\apify_f4294c0f72e5.jpg,0.0111,1.0,False,gaming,apify,2026-05-14T00:35:01.718789,cut-out
apify_e3ef8e1c56ee,data\raw\gaming\apify_e3ef8e1c56ee.jpg,0.0222,2.0,False,gaming,apify,2026-05-14T00:35:03.885725,cut-out
apify_9bbb23861d92,data\raw\gaming\apify_9bbb23861d92.jpg,0.0667,6.0,False,gaming,apify,2026-05-14T00:35:05.756783,cut-out
apify_ba3d00ef267f,data\raw\gaming\apify_ba3d00ef267f.jpg,0.0333,3.0,False,gaming,apify,2026-05-14T00:35:08.098125,cut-out
apify_3847cada6c8c,data\raw\gaming\apify_3847cada6c8c.jpg,0.1667,15.0,False,gaming,apify,2026-05-14T00:35:09.340136,wear-out
apify_b0f189423ce8,data\raw\gaming\apify_b0f189423ce8.jpg,0.0667,6.0,False,gaming,apify,2026-05-14T00:35:11.019576,cut-out
apify_92c9354c1e5b,data\raw\gaming\apify_92c9354c1e5b.jpg,0.0222,2.0,False,gaming,apify,2026-05-14T00:35:12.560722,cut-out
apify_9bfc3cbea303,data\raw\gaming\apify_9bfc3cbea303.jpg,0.1333,12.0,False,gaming,apify,2026-05-14T00:35:14.199331,wear-out
apify_0add16e00dd8,data\raw\gaming\apify_0add16e00dd8.jpg,0.0667,6.0,False,gaming,apify,2026-05-14T00:35:15.807393,cut-out
apify_38454969adec,data\raw\gaming\apify_38454969adec.jpg,0.0556,5.0,False,gaming,apify,2026-05-14T00:35:17.466472,cut-out
apify_d19476948eff,data\raw\gaming\apify_d19476948eff.jpg,0.0889,8.0,False,gaming,apify,2026-05-14T00:35:19.567995,wear-out
apify_96868837f0b6,data\raw\gaming\apify_96868837f0b6.jpg,0.0111,1.0,False,gaming,apify,2026-05-14T00:35:21.384997,cut-out
apify_5160dc369fa2,data\raw\gaming\apify_5160dc369fa2.jpg,0.0222,2.0,False,gaming,apify,2026-05-14T00:35:23.735084,cut-out
apify_517b534f8b88,data\raw\gaming\apify_517b534f8b88.jpg,0.0778,7.0,False,gaming,apify,2026-05-14T00:35:25.565641,wear-out
apify_ffe86dbb527e,data\raw\gaming\apify_ffe86dbb527e.jpg,0.1222,11.0,False,gaming,apify,2026-05-14T00:35:27.247000,wear-out
apify_4a4315abb74b,data\raw\gaming\apify_4a4315abb74b.jpg,0.0111,1.0,False,gaming,apify,2026-05-14T00:35:28.553026,cut-out
apify_9df38132a821,data\raw\gaming\apify_9df38132a821.jpg,0.1333,12.0,False,gaming,apify,2026-05-14T00:35:29.962751,wear-out
apify_a60606f9f9cf,data\raw\gaming\apify_a60606f9f9cf.jpg,0.0667,6.0,False,gaming,apify,2026-05-14T00:35:31.760596,cut-out
apify_060ada196120,data\raw\gaming\apify_060ada196120.jpg,0.0222,2.0,False,gaming,apify,2026-05-14T00:35:33.757424,cut-out
apify_64ffbc75e8b7,data\raw\gaming\apify_64ffbc75e8b7.jpg,0.0111,1.0,False,gaming,apify,2026-05-14T00:35:35.664088,cut-out
apify_f6c01982365b,data\raw\gaming\apify_f6c01982365b.jpg,0.0111,1.0,False,gaming,apify,2026-05-14T00:35:37.358991,cut-out
apify_27af9884290c,data\raw\gaming\apify_27af9884290c.jpg,0.2556,23.0,False,gaming,apify,2026-05-14T00:35:39.883290,wear-out
apify_97408c514d85,data\raw\gaming\apify_97408c514d85.jpg,0.0889,8.0,False,gaming,apify,2026-05-14T00:35:41.692590,wear-out
apify_e89f8713b1da,data\raw\gaming\apify_e89f8713b1da.jpg,0.1333,12.0,False,gaming,apify,2026-05-14T00:35:43.398983,wear-out
apify_629ec9e40c90,data\raw\gaming\apify_629ec9e40c90.jpg,0.0222,2.0,False,gaming,apify,2026-05-14T00:35:45.032160,cut-out
apify_6a6dcb501752,data\raw\gaming\apify_6a6dcb501752.jpg,0.1333,12.0,False,gaming,apify,2026-05-14T00:35:46.631890,wear-out
apify_f35b22ab9671,data\raw\gaming\apify_f35b22ab9671.jpg,0.0444,4.0,False,gaming,apify,2026-05-14T00:35:49.275304,cut-out
apify_a7410b97c580,data\raw\gaming\apify_a7410b97c580.jpg,0.0111,1.0,False,gaming,apify,2026-05-14T00:35:51.257168,cut-out
apify_80b0a3b4bcae,data\raw\gaming\apify_80b0a3b4bcae.jpg,0.0222,2.0,False,gaming,apify,2026-05-14T00:35:53.261944,cut-out
apify_119baab1f602,data\raw\gaming\apify_119baab1f602.jpg,0.0222,2.0,False,gaming,apify,2026-05-14T00:35:54.767955,cut-out
apify_c52f658b3fb9,data\raw\gaming\apify_c52f658b3fb9.jpg,0.1111,10.0,False,gaming,apify,2026-05-14T00:35:56.780491,wear-out
apify_dbf671f421a0,data\raw\gaming\apify_dbf671f421a0.jpg,0.0222,2.0,False,gaming,apify,2026-05-14T00:35:58.195837,cut-out
apify_75a131afac76,data\raw\gaming\apify_75a131afac76.jpg,0.1556,14.0,False,gaming,apify,2026-05-14T00:35:59.961135,wear-out
apify_9a24ca4ace6f,data\raw\gaming\apify_9a24ca4ace6f.jpg,0.0444,4.0,False,gaming,apify,2026-05-14T00:36:02.305798,cut-out
apify_de45a6ab5a51,data\raw\gaming\apify_de45a6ab5a51.jpg,0.1556,14.0,False,gaming,apify,2026-05-14T00:36:04.557795,wear-out
apify_528c65716dc1,data\raw\gaming\apify_528c65716dc1.jpg,0.0222,2.0,False,gaming,apify,2026-05-14T00:36:06.606198,cut-out
apify_a7224e880cf0,data\raw\gaming\apify_a7224e880cf0.jpg,0.0333,3.0,False,gaming,apify,2026-05-14T00:36:08.775144,cut-out
apify_e3e3a58cb97b,data\raw\gaming\apify_e3e3a58cb97b.jpg,0.0778,7.0,False,gaming,apify,2026-05-14T00:36:09.978911,wear-out
apify_17bde221901b,data\raw\gaming\apify_17bde221901b.jpg,0.0222,2.0,False,gaming,apify,2026-05-14T00:36:11.460248,cut-out
apify_86572967d728,data\raw\gaming\apify_86572967d728.jpg,0.0667,6.0,False,gaming,apify,2026-05-14T00:36:13.653277,cut-out
apify_d5347e6f5e3a,data\raw\gaming\apify_d5347e6f5e3a.jpg,0.1333,12.0,False,gaming,apify,2026-05-14T00:36:16.176093,wear-out
apify_5fe69b8cc48c,data\raw\gaming\apify_5fe69b8cc48c.jpg,0.0111,1.0,False,gaming,apify,2026-05-14T00:36:17.692683,cut-out
apify_52b2420404d4,data\raw\gaming\apify_52b2420404d4.jpg,0.0111,1.0,False,gaming,apify,2026-05-14T00:36:19.527709,cut-out
apify_35daa9d9a30a,data\raw\gaming\apify_35daa9d9a30a.jpg,0.1222,11.0,False,gaming,apify,2026-05-14T00:36:20.931542,wear-out
apify_f8b8cf550733,data\raw\gaming\apify_f8b8cf550733.jpg,0.0556,5.0,False,gaming,apify,2026-05-14T00:36:22.558163,cut-out
apify_a1c3d5d9f415,data\raw\gaming\apify_a1c3d5d9f415.jpg,0.0111,1.0,False,gaming,apify,2026-05-14T00:36:24.552023,cut-out
apify_2aeac2792ea0,data\raw\gaming\apify_2aeac2792ea0.jpg,0.0111,1.0,False,gaming,apify,2026-05-14T00:36:26.695508,cut-out
apify_0e514cf7a987,data\raw\gaming\apify_0e514cf7a987.jpg,0.0111,1.0,False,gaming,apify,2026-05-14T00:36:28.678546,cut-out
apify_4575ccd733f9,data\raw\gaming\apify_4575ccd733f9.jpg,0.0778,7.0,False,gaming,apify,2026-05-14T00:36:31.334235,wear-out
apify_e4852c415e8a,data\raw\gaming\apify_e4852c415e8a.jpg,0.0333,3.0,False,gaming,apify,2026-05-14T00:36:32.967111,cut-out
apify_afdf9c895fa4,data\raw\gaming\apify_afdf9c895fa4.jpg,0.1222,11.0,False,gaming,apify,2026-05-14T00:36:35.223635,wear-out
apify_267ef5b78d3e,data\raw\gaming\apify_267ef5b78d3e.jpg,0.0333,3.0,False,gaming,apify,2026-05-14T00:36:36.726609,cut-out
apify_1bdb37cee9c9,data\raw\gaming\apify_1bdb37cee9c9.jpg,0.0333,3.0,False,gaming,apify,2026-05-14T00:36:38.092865,cut-out
apify_bfc41039e74b,data\raw\gaming\apify_bfc41039e74b.jpg,0.0111,1.0,False,gaming,apify,2026-05-14T00:36:40.448598,cut-out
apify_27e43ebed8de,data\raw\gaming\apify_27e43ebed8de.jpg,0.0111,1.0,False,gaming,apify,2026-05-14T00:36:42.168705,cut-out
apify_cfe0b3326b03,data\raw\gaming\apify_cfe0b3326b03.jpg,0.0111,1.0,False,gaming,apify,2026-05-14T00:36:44.004263,cut-out
apify_c69c7cff3db2,data\raw\gaming\apify_c69c7cff3db2.jpg,0.0111,1.0,False,gaming,apify,2026-05-14T00:36:45.533261,cut-out
apify_895a8e2cd171,data\raw\gaming\apify_895a8e2cd171.jpg,0.0889,8.0,False,gaming,apify,2026-05-14T00:36:47.543518,wear-out
apify_e64b300a0798,data\raw\gaming\apify_e64b300a0798.jpg,0.0111,1.0,False,gaming,apify,2026-05-14T00:36:49.605441,cut-out
apify_00a35adea460,data\raw\gaming\apify_00a35adea460.jpg,0.0111,1.0,False,gaming,apify,2026-05-14T00:36:50.999303,cut-out
apify_51858c6192ea,data\raw\gaming\apify_51858c6192ea.jpg,0.0556,5.0,False,gaming,apify,2026-05-14T00:36:52.678915,cut-out
apify_8ddf5d541e4d,data\raw\gaming\apify_8ddf5d541e4d.jpg,0.0111,1.0,False,gaming,apify,2026-05-14T00:36:54.547031,cut-out
apify_8ae610c27243,data\raw\gaming\apify_8ae610c27243.jpg,0.0111,1.0,False,gaming,apify,2026-05-14T00:36:56.569203,cut-out
apify_42154fda5312,data\raw\gaming\apify_42154fda5312.jpg,0.0111,1.0,False,gaming,apify,2026-05-14T00:36:58.370209,cut-out
apify_0bf3f1248f6a,data\raw\gaming\apify_0bf3f1248f6a.jpg,0.0222,2.0,False,gaming,apify,2026-05-14T00:36:59.820439,cut-out
apify_d57f716e34ac,data\raw\gaming\apify_d57f716e34ac.jpg,0.0889,8.0,False,gaming,apify,2026-05-14T00:37:01.996649,wear-out
apify_77096b09b410,data\raw\gaming\apify_77096b09b410.jpg,0.0111,1.0,False,gaming,apify,2026-05-14T00:37:04.555107,cut-out
apify_0ae4c8b70c5d,data\raw\gaming\apify_0ae4c8b70c5d.jpg,0.0667,6.0,False,gaming,apify,2026-05-14T00:37:06.697683,cut-out
apify_71f38b3e30ec,data\raw\gaming\apify_71f38b3e30ec.jpg,0.0111,1.0,False,gaming,apify,2026-05-14T00:37:08.596425,cut-out
apify_7b9fb2d00a63,data\raw\gaming\apify_7b9fb2d00a63.jpg,0.0222,2.0,False,gaming,apify,2026-05-14T00:37:09.882969,cut-out
apify_7864188a0932,data\raw\gaming\apify_7864188a0932.jpg,0.0889,8.0,False,gaming,apify,2026-05-14T00:37:12.347427,wear-out
apify_3f0608f2dadf,data\raw\gaming\apify_3f0608f2dadf.jpg,0.0111,1.0,False,gaming,apify,2026-05-14T00:37:14.493929,cut-out
apify_c2021094a6ce,data\raw\gaming\apify_c2021094a6ce.jpg,0.0111,1.0,False,gaming,apify,2026-05-14T00:37:16.284548,cut-out
apify_2dd37fb2b6e6,data\raw\gaming\apify_2dd37fb2b6e6.jpg,0.0111,1.0,False,gaming,apify,2026-05-14T00:37:18.366302,cut-out
apify_1ef20f6b8a3b,data\raw\gaming\apify_1ef20f6b8a3b.jpg,0.1556,14.0,False,gaming,apify,2026-05-14T00:37:20.794348,wear-out
apify_e1698760ae29,data\raw\gaming\apify_e1698760ae29.jpg,0.0111,1.0,False,gaming,apify,2026-05-14T00:37:22.748224,cut-out
apify_be753914539d,data\raw\gaming\apify_be753914539d.jpg,0.0111,1.0,False,gaming,apify,2026-05-14T00:37:24.916570,cut-out
apify_21c1a6b981e4,data\raw\gaming\apify_21c1a6b981e4.jpg,0.0111,1.0,False,gaming,apify,2026-05-14T00:37:26.717161,cut-out
apify_563c7a3e1037,data\raw\gaming\apify_563c7a3e1037.jpg,0.0222,2.0,False,gaming,apify,2026-05-14T00:37:28.092811,cut-out
apify_64c6e292dd53,data\raw\gaming\apify_64c6e292dd53.jpg,0.0111,1.0,False,gaming,apify,2026-05-14T00:37:30.089193,cut-out
apify_7ec74fa9c367,data\raw\gaming\apify_7ec74fa9c367.jpg,0.0111,1.0,False,gaming,apify,2026-05-14T00:37:31.523413,cut-out
apify_c511e1ad68a7,data\raw\gaming\apify_c511e1ad68a7.jpg,0.1778,16.0,False,gaming,apify,2026-05-14T00:37:33.359528,wear-out
apify_e13e95b33fb0,data\raw\gaming\apify_e13e95b33fb0.jpg,0.0556,5.0,False,gaming,apify,2026-05-14T00:37:35.465009,cut-out
apify_cce8652a1550,data\raw\gaming\apify_cce8652a1550.jpg,0.0111,1.0,False,gaming,apify,2026-05-14T00:37:36.896150,cut-out
apify_660bc00a6dd7,data\raw\gaming\apify_660bc00a6dd7.jpg,0.0556,5.0,False,gaming,apify,2026-05-14T00:37:38.312389,cut-out
apify_fa5454460a4f,data\raw\gaming\apify_fa5454460a4f.jpg,0.0111,1.0,False,gaming,apify,2026-05-14T00:37:40.138639,cut-out
apify_20335cb6e9db,data\raw\gaming\apify_20335cb6e9db.jpg,0.0111,1.0,False,gaming,apify,2026-05-14T00:37:42.581335,cut-out
apify_7efe0f3db766,data\raw\gaming\apify_7efe0f3db766.jpg,0.0444,4.0,False,gaming,apify,2026-05-14T00:37:44.643204,cut-out
apify_ab35a4121ff4,data\raw\gaming\apify_ab35a4121ff4.jpg,0.0222,2.0,False,gaming,apify,2026-05-14T00:37:45.963709,cut-out
apify_dc679c5e6670,data\raw\gaming\apify_dc679c5e6670.jpg,0.0889,8.0,False,gaming,apify,2026-05-14T00:37:48.110389,wear-out
apify_b247bf573641,data\raw\gaming\apify_b247bf573641.jpg,0.0222,2.0,False,gaming,apify,2026-05-14T00:37:50.371019,cut-out
apify_eb3e28bfd6a9,data\raw\gaming\apify_eb3e28bfd6a9.jpg,0.0444,4.0,False,gaming,apify,2026-05-14T00:37:52.461784,cut-out
apify_01159ec3547e,data\raw\gaming\apify_01159ec3547e.jpg,0.0111,1.0,False,gaming,apify,2026-05-14T00:37:54.024328,cut-out
apify_37045af70297,data\raw\gaming\apify_37045af70297.jpg,0.0111,1.0,False,gaming,apify,2026-05-14T00:37:56.308512,cut-out
apify_6caa00e60104,data\raw\gaming\apify_6caa00e60104.jpg,0.0111,1.0,False,gaming,apify,2026-05-14T00:37:58.379319,cut-out
apify_bdbec65f88d7,data\raw\gaming\apify_bdbec65f88d7.jpg,0.0111,1.0,False,gaming,apify,2026-05-14T00:37:59.934051,cut-out
apify_8a869d6869ee,data\raw\gaming\apify_8a869d6869ee.jpg,0.0222,2.0,False,gaming,apify,2026-05-14T00:38:01.446622,cut-out
apify_aa7942aad385,data\raw\gaming\apify_aa7942aad385.jpg,0.0556,5.0,False,gaming,apify,2026-05-14T00:38:03.550299,cut-out
apify_df3846200cde,data\raw\gaming\apify_df3846200cde.jpg,0.0333,3.0,False,gaming,apify,2026-05-14T00:38:05.296260,cut-out
apify_1556f258ec92,data\raw\gaming\apify_1556f258ec92.jpg,0.0111,1.0,False,gaming,apify,2026-05-14T00:38:07.360987,cut-out
apify_15abf9ab09a0,data\raw\gaming\apify_15abf9ab09a0.jpg,0.0222,2.0,False,gaming,apify,2026-05-14T00:38:09.835223,cut-out
apify_9103dd094f72,data\raw\gaming\apify_9103dd094f72.jpg,0.1333,12.0,False,gaming,apify,2026-05-14T00:38:11.920023,wear-out
apify_d44934252145,data\raw\gaming\apify_d44934252145.jpg,0.0222,2.0,False,gaming,apify,2026-05-14T00:38:14.187311,cut-out
apify_9fa1fe405257,data\raw\gaming\apify_9fa1fe405257.jpg,0.0111,1.0,False,gaming,apify,2026-05-14T00:38:16.459826,cut-out
apify_dbe8ae897367,data\raw\gaming\apify_dbe8ae897367.jpg,0.0111,1.0,False,gaming,apify,2026-05-14T00:38:18.454405,cut-out
apify_81d00ed027df,data\raw\gaming\apify_81d00ed027df.jpg,0.1,9.0,False,gaming,apify,2026-05-14T00:38:20.227674,wear-out
apify_29bf15086a96,data\raw\gaming\apify_29bf15086a96.jpg,0.0111,1.0,False,gaming,apify,2026-05-14T00:38:21.876800,cut-out
apify_d92a9abcf8fe,data\raw\gaming\apify_d92a9abcf8fe.jpg,0.0111,1.0,False,gaming,apify,2026-05-14T00:38:24.100017,cut-out
apify_c4a626011beb,data\raw\gaming\apify_c4a626011beb.jpg,0.0111,1.0,False,gaming,apify,2026-05-14T00:38:26.084819,cut-out
apify_9882b2e7340f,data\raw\gaming\apify_9882b2e7340f.jpg,0.0111,1.0,False,gaming,apify,2026-05-14T00:38:28.178443,cut-out
apify_3193cf64369a,data\raw\gaming\apify_3193cf64369a.jpg,0.1333,12.0,False,gaming,apify,2026-05-14T00:38:30.407812,wear-out
apify_83596a2620c6,data\raw\gaming\apify_83596a2620c6.jpg,0.0778,7.0,False,gaming,apify,2026-05-14T00:38:32.008902,wear-out
apify_61b73a8e8a3c,data\raw\gaming\apify_61b73a8e8a3c.jpg,0.1667,15.0,False,gaming,apify,2026-05-14T00:38:33.543376,wear-out
apify_2674eacd419b,data\raw\gaming\apify_2674eacd419b.jpg,0.1333,12.0,False,gaming,apify,2026-05-14T00:38:35.286520,wear-out
apify_90cc5cc61826,data\raw\gaming\apify_90cc5cc61826.jpg,0.0222,2.0,False,gaming,apify,2026-05-14T00:38:37.597123,cut-out
apify_ef2d8b22bb4c,data\raw\gaming\apify_ef2d8b22bb4c.jpg,0.0667,6.0,False,gaming,apify,2026-05-14T00:38:39.956681,cut-out
apify_c3149f34563d,data\raw\gaming\apify_c3149f34563d.jpg,0.1333,12.0,False,gaming,apify,2026-05-14T00:38:41.806539,wear-out
apify_1f2c7e84622d,data\raw\gaming\apify_1f2c7e84622d.jpg,0.0111,1.0,False,gaming,apify,2026-05-14T00:38:43.820500,cut-out
apify_010bbbb9895e,data\raw\gaming\apify_010bbbb9895e.jpg,0.1444,13.0,False,gaming,apify,2026-05-14T00:38:46.093460,wear-out
apify_13b8efc1b5f5,data\raw\gaming\apify_13b8efc1b5f5.jpg,0.0111,1.0,False,gaming,apify,2026-05-14T00:38:48.062939,cut-out
apify_83c881a1a5e4,data\raw\gaming\apify_83c881a1a5e4.jpg,0.0111,1.0,False,gaming,apify,2026-05-14T00:38:49.382587,cut-out
apify_4368229ec7b9,data\raw\gaming\apify_4368229ec7b9.jpg,0.0889,8.0,False,gaming,apify,2026-05-14T00:38:51.165382,wear-out
apify_35bcb4f81e68,data\raw\gaming\apify_35bcb4f81e68.jpg,0.0222,2.0,False,gaming,apify,2026-05-14T00:38:52.954994,cut-out
apify_2c6f86d59d8d,data\raw\gaming\apify_2c6f86d59d8d.jpg,0.0111,1.0,False,gaming,apify,2026-05-14T00:38:54.502626,cut-out
apify_2a8456f13bff,data\raw\gaming\apify_2a8456f13bff.jpg,0.1333,12.0,False,gaming,apify,2026-05-14T00:38:56.254259,wear-out
apify_f00f06364c2c,data\raw\gaming\apify_f00f06364c2c.jpg,0.0111,1.0,False,gaming,apify,2026-05-14T00:38:58.351188,cut-out
apify_b070c4af8511,data\raw\gaming\apify_b070c4af8511.jpg,0.0222,2.0,False,gaming,apify,2026-05-14T00:38:59.803904,cut-out
apify_7e38ff8a7100,data\raw\gaming\apify_7e38ff8a7100.jpg,0.0111,1.0,False,gaming,apify,2026-05-14T00:39:01.521054,cut-out
apify_977d2223446c,data\raw\gaming\apify_977d2223446c.jpg,0.0111,1.0,False,gaming,apify,2026-05-14T00:39:03.753215,cut-out
apify_9784815cfdbf,data\raw\gaming\apify_9784815cfdbf.jpg,0.0111,1.0,False,gaming,apify,2026-05-14T00:39:05.453092,cut-out
apify_e2ee7442c5f1,data\raw\gaming\apify_e2ee7442c5f1.jpg,0.0889,8.0,False,gaming,apify,2026-05-14T00:39:07.652969,wear-out
apify_aa1b27c40145,data\raw\gaming\apify_aa1b27c40145.jpg,0.0111,1.0,False,gaming,apify,2026-05-14T00:39:09.202651,cut-out
apify_7e41b85c7cf8,data\raw\gaming\apify_7e41b85c7cf8.jpg,0.0111,1.0,False,gaming,apify,2026-05-14T00:39:11.069097,cut-out
apify_8e3fb4038a44,data\raw\gaming\apify_8e3fb4038a44.jpg,0.1556,14.0,False,gaming,apify,2026-05-14T00:39:12.818763,wear-out
apify_d25d826dd77f,data\raw\gaming\apify_d25d826dd77f.jpg,0.0111,1.0,False,gaming,apify,2026-05-14T00:39:14.809678,cut-out
apify_bb6ea75f32ad,data\raw\gaming\apify_bb6ea75f32ad.jpg,0.0778,7.0,False,gaming,apify,2026-05-14T00:39:16.705287,wear-out
apify_4f67f274d1d2,data\raw\gaming\apify_4f67f274d1d2.jpg,0.1111,10.0,False,gaming,apify,2026-05-14T00:39:18.468172,wear-out
apify_20fb8617bc4f,data\raw\gaming\apify_20fb8617bc4f.jpg,0.0222,2.0,False,gaming,apify,2026-05-14T00:39:19.803292,cut-out
apify_f6583eda3208,data\raw\gaming\apify_f6583eda3208.jpg,0.0333,3.0,False,gaming,apify,2026-05-14T00:39:21.459841,cut-out
apify_faaaf0b1730f,data\raw\gaming\apify_faaaf0b1730f.jpg,0.0667,6.0,False,gaming,apify,2026-05-14T00:39:23.617416,cut-out
apify_0d467730d152,data\raw\gaming\apify_0d467730d152.jpg,0.1444,13.0,False,gaming,apify,2026-05-14T00:39:25.167290,wear-out
apify_25ef3b2ebcd0,data\raw\gaming\apify_25ef3b2ebcd0.jpg,0.1111,10.0,False,gaming,apify,2026-05-14T00:39:27.038445,wear-out
apify_9d357cf720e1,data\raw\gaming\apify_9d357cf720e1.jpg,0.1333,12.0,False,gaming,apify,2026-05-14T00:39:28.546298,wear-out
apify_14813687f6b8,data\raw\gaming\apify_14813687f6b8.jpg,0.0111,1.0,False,gaming,apify,2026-05-14T00:39:30.838898,cut-out
apify_84c4011c2704,data\raw\gaming\apify_84c4011c2704.jpg,0.0111,1.0,False,gaming,apify,2026-05-14T00:39:32.850795,cut-out
apify_45da10bbfd8c,data\raw\gaming\apify_45da10bbfd8c.jpg,0.0111,1.0,False,gaming,apify,2026-05-14T00:39:34.145429,cut-out
apify_48534f5563b0,data\raw\gaming\apify_48534f5563b0.jpg,0.0444,4.0,False,gaming,apify,2026-05-14T00:39:36.344930,cut-out
apify_3ee9ed94e878,data\raw\gaming\apify_3ee9ed94e878.jpg,0.0444,4.0,False,gaming,apify,2026-05-14T00:39:38.047569,cut-out
apify_6847ec77e377,data\raw\gaming\apify_6847ec77e377.jpg,0.0111,1.0,False,gaming,apify,2026-05-14T00:39:39.883772,cut-out
apify_898e301a2e4a,data\raw\gaming\apify_898e301a2e4a.jpg,0.0222,2.0,False,gaming,apify,2026-05-14T00:39:41.837612,cut-out
apify_3df30c5b17ca,data\raw\gaming\apify_3df30c5b17ca.jpg,0.0333,3.0,False,gaming,apify,2026-05-14T00:39:43.488440,cut-out
apify_c3c27f5b6cd5,data\raw\gaming\apify_c3c27f5b6cd5.jpg,0.0333,3.0,False,gaming,apify,2026-05-14T00:39:45.640784,cut-out
apify_01865839e180,data\raw\gaming\apify_01865839e180.jpg,0.0111,1.0,False,gaming,apify,2026-05-14T00:39:48.084390,cut-out
apify_991e394e51c0,data\raw\gaming\apify_991e394e51c0.jpg,0.0111,1.0,False,gaming,apify,2026-05-14T00:39:50.064011,cut-out
apify_3ffeef537a52,data\raw\gaming\apify_3ffeef537a52.jpg,0.1444,13.0,False,gaming,apify,2026-05-14T00:39:51.913276,wear-out
apify_84332e9a196b,data\raw\gaming\apify_84332e9a196b.jpg,0.0111,1.0,False,gaming,apify,2026-05-14T00:39:54.359929,cut-out
apify_eae0e545e717,data\raw\gaming\apify_eae0e545e717.jpg,0.0333,3.0,False,gaming,apify,2026-05-14T00:39:55.753825,cut-out
apify_759989349bb0,data\raw\gaming\apify_759989349bb0.jpg,0.0556,5.0,False,gaming,apify,2026-05-14T00:39:57.831446,cut-out
apify_7c10cdc666e2,data\raw\gaming\apify_7c10cdc666e2.jpg,0.0111,1.0,False,gaming,apify,2026-05-14T00:39:59.612715,cut-out
apify_359dfd516877,data\raw\gaming\apify_359dfd516877.jpg,0.0111,1.0,False,gaming,apify,2026-05-14T00:40:01.520763,cut-out
apify_cca2f4aff15d,data\raw\gaming\apify_cca2f4aff15d.jpg,0.0111,1.0,False,gaming,apify,2026-05-14T00:40:04.046681,cut-out
apify_704fb74bdad8,data\raw\gaming\apify_704fb74bdad8.jpg,0.0111,1.0,False,gaming,apify,2026-05-14T00:40:05.522213,cut-out
apify_e0dd58b691cc,data\raw\gaming\apify_e0dd58b691cc.jpg,0.0444,4.0,False,gaming,apify,2026-05-14T00:40:07.371804,cut-out
apify_cff55db94dfd,data\raw\gaming\apify_cff55db94dfd.jpg,0.0111,1.0,False,gaming,apify,2026-05-14T00:40:08.642172,cut-out
apify_b13ef43bdc60,data\raw\gaming\apify_b13ef43bdc60.jpg,0.0111,1.0,False,gaming,apify,2026-05-14T00:40:10.756809,cut-out
apify_dd520ca18739,data\raw\gaming\apify_dd520ca18739.jpg,0.0111,1.0,False,gaming,apify,2026-05-14T00:40:13.545329,cut-out
apify_e85d1d9adecc,data\raw\gaming\apify_e85d1d9adecc.jpg,0.0111,1.0,False,gaming,apify,2026-05-14T00:40:15.642470,cut-out
apify_2f9b03b35b5a,data\raw\gaming\apify_2f9b03b35b5a.jpg,0.0111,1.0,False,gaming,apify,2026-05-14T00:40:17.188084,cut-out
apify_a7c900541581,data\raw\gaming\apify_a7c900541581.jpg,0.0111,1.0,False,gaming,apify,2026-05-14T00:40:19.398781,cut-out
apify_e199f3d5f202,data\raw\gaming\apify_e199f3d5f202.jpg,0.0444,4.0,False,gaming,apify,2026-05-14T00:40:21.624316,cut-out
apify_2f7e73f404ea,data\raw\gaming\apify_2f7e73f404ea.jpg,0.0111,1.0,False,gaming,apify,2026-05-14T00:40:23.824617,cut-out
apify_5256eab802f3,data\raw\gaming\apify_5256eab802f3.jpg,0.0333,3.0,False,gaming,apify,2026-05-14T00:40:26.140130,cut-out
apify_0ab6cd808da6,data\raw\gaming\apify_0ab6cd808da6.jpg,0.0222,2.0,False,gaming,apify,2026-05-14T00:40:27.764330,cut-out
apify_b898d24bb476,data\raw\gaming\apify_b898d24bb476.jpg,0.1111,10.0,False,gaming,apify,2026-05-14T00:40:29.515363,wear-out
apify_1df88b8a9a09,data\raw\gaming\apify_1df88b8a9a09.jpg,0.0444,4.0,False,gaming,apify,2026-05-14T00:40:31.379538,cut-out
apify_5cd8c1a2cb65,data\raw\gaming\apify_5cd8c1a2cb65.jpg,0.0667,6.0,False,gaming,apify,2026-05-14T00:40:32.938289,cut-out
apify_b81428a53382,data\raw\gaming\apify_b81428a53382.jpg,0.0111,1.0,False,gaming,apify,2026-05-14T00:40:35.024196,cut-out
apify_52f64fc90015,data\raw\gaming\apify_52f64fc90015.jpg,0.0111,1.0,False,gaming,apify,2026-05-14T00:40:37.514678,cut-out
apify_c1e3e99d550b,data\raw\gaming\apify_c1e3e99d550b.jpg,0.0111,1.0,False,gaming,apify,2026-05-14T00:40:39.748681,cut-out
apify_07a31000bd1a,data\raw\gaming\apify_07a31000bd1a.jpg,0.0111,1.0,False,gaming,apify,2026-05-14T00:40:41.939906,cut-out
apify_ebb4905f43da,data\raw\gaming\apify_ebb4905f43da.jpg,0.0111,1.0,False,gaming,apify,2026-05-14T00:40:43.992572,cut-out
apify_0110ea54c02e,data\raw\gaming\apify_0110ea54c02e.jpg,0.0111,1.0,False,gaming,apify,2026-05-14T00:40:45.901683,cut-out
apify_4f71fa3e2f9c,data\raw\gaming\apify_4f71fa3e2f9c.jpg,0.0111,1.0,False,gaming,apify,2026-05-14T00:40:47.994242,cut-out
apify_a6cf11964d24,data\raw\gaming\apify_a6cf11964d24.jpg,0.0111,1.0,False,gaming,apify,2026-05-14T00:40:50.170935,cut-out
apify_ffd118452013,data\raw\gaming\apify_ffd118452013.jpg,0.0111,1.0,False,gaming,apify,2026-05-14T00:40:52.085805,cut-out
apify_3e12fa2ff79d,data\raw\gaming\apify_3e12fa2ff79d.jpg,0.0111,1.0,False,gaming,apify,2026-05-14T00:40:54.150071,cut-out
apify_78a6e0a93d39,data\raw\gaming\apify_78a6e0a93d39.jpg,0.0111,1.0,False,gaming,apify,2026-05-14T00:40:55.644501,cut-out
apify_dd785aa5c388,data\raw\gaming\apify_dd785aa5c388.jpg,0.0889,8.0,False,gaming,apify,2026-05-14T00:40:57.860095,wear-out
apify_aaaadedc6938,data\raw\gaming\apify_aaaadedc6938.jpg,0.0111,1.0,False,gaming,apify,2026-05-14T00:40:59.131889,cut-out
apify_37c1231e00b8,data\raw\gaming\apify_37c1231e00b8.jpg,0.0111,1.0,False,gaming,apify,2026-05-14T00:41:01.030852,cut-out
apify_7f8985f6dd6b,data\raw\gaming\apify_7f8985f6dd6b.jpg,0.0444,4.0,False,gaming,apify,2026-05-14T00:41:03.297945,cut-out
apify_ff232e7118b3,data\raw\gaming\apify_ff232e7118b3.jpg,0.0111,1.0,False,gaming,apify,2026-05-14T00:41:04.649308,cut-out
apify_58e0ca77e885,data\raw\gaming\apify_58e0ca77e885.jpg,0.0111,1.0,False,gaming,apify,2026-05-14T00:41:06.337036,cut-out
apify_6f6f7e3abe29,data\raw\gaming\apify_6f6f7e3abe29.jpg,0.0444,4.0,False,gaming,apify,2026-05-14T00:41:07.962053,cut-out
apify_d5f76d323e92,data\raw\gaming\apify_d5f76d323e92.jpg,0.0556,5.0,False,gaming,apify,2026-05-14T00:41:10.256378,cut-out
apify_7424a4c45145,data\raw\gaming\apify_7424a4c45145.jpg,0.0111,1.0,False,gaming,apify,2026-05-14T00:41:12.216147,cut-out
apify_a5427e2b1fd4,data\raw\gaming\apify_a5427e2b1fd4.jpg,0.0111,1.0,False,gaming,apify,2026-05-14T00:41:14.090661,cut-out
apify_0372754158f5,data\raw\gaming\apify_0372754158f5.jpg,0.1667,15.0,False,gaming,apify,2026-05-14T00:41:16.337240,wear-out
apify_ebce50c8535d,data\raw\gaming\apify_ebce50c8535d.jpg,0.0333,3.0,False,gaming,apify,2026-05-14T00:41:18.643287,cut-out
apify_ce383f686e7b,data\raw\gaming\apify_ce383f686e7b.jpg,0.0111,1.0,False,gaming,apify,2026-05-14T00:41:20.516030,cut-out
apify_55e781bac739,data\raw\gaming\apify_55e781bac739.jpg,0.0111,1.0,False,gaming,apify,2026-05-14T00:41:22.778584,cut-out
apify_afe1c5cd0d8c,data\raw\gaming\apify_afe1c5cd0d8c.jpg,0.0111,1.0,False,gaming,apify,2026-05-14T00:41:24.834253,cut-out
apify_72ef2a358a68,data\raw\gaming\apify_72ef2a358a68.jpg,0.0111,1.0,False,gaming,apify,2026-05-14T00:41:26.746815,cut-out
apify_1a1fadd2878d,data\raw\gaming\apify_1a1fadd2878d.jpg,0.0111,1.0,False,gaming,apify,2026-05-14T00:41:29.128014,cut-out
apify_8d891170c69b,data\raw\gaming\apify_8d891170c69b.jpg,0.0111,1.0,False,gaming,apify,2026-05-14T00:41:30.899928,cut-out
apify_e0eef9291329,data\raw\gaming\apify_e0eef9291329.jpg,0.0111,1.0,False,gaming,apify,2026-05-14T00:41:32.699589,cut-out
apify_b1ae44a26506,data\raw\gaming\apify_b1ae44a26506.jpg,0.0111,1.0,False,gaming,apify,2026-05-14T00:41:34.762986,cut-out
apify_b61f1ac083db,data\raw\gaming\apify_b61f1ac083db.jpg,0.0111,1.0,False,gaming,apify,2026-05-14T00:41:37.030214,cut-out
apify_673674ef58fb,data\raw\gaming\apify_673674ef58fb.jpg,0.0111,1.0,False,gaming,apify,2026-05-14T00:41:39.265053,cut-out
apify_60d30b426836,data\raw\gaming\apify_60d30b426836.jpg,0.0111,1.0,False,gaming,apify,2026-05-14T00:41:40.919377,cut-out
apify_62a1ad217806,data\raw\gaming\apify_62a1ad217806.jpg,0.0111,1.0,False,gaming,apify,2026-05-14T00:41:43.115041,cut-out
apify_d5501a9b2765,data\raw\gaming\apify_d5501a9b2765.jpg,0.0111,1.0,False,gaming,apify,2026-05-14T00:41:44.697315,cut-out
apify_f19d8ff0ee06,data\raw\gaming\apify_f19d8ff0ee06.jpg,0.0111,1.0,False,gaming,apify,2026-05-14T00:41:46.350840,cut-out
apify_e4542b6a4669,data\raw\gaming\apify_e4542b6a4669.jpg,0.0111,1.0,False,gaming,apify,2026-05-14T00:41:48.376116,cut-out
apify_411460485604,data\raw\gaming\apify_411460485604.jpg,0.0111,1.0,False,gaming,apify,2026-05-14T00:41:49.996253,cut-out
apify_4b5005b0c1b7,data\raw\gaming\apify_4b5005b0c1b7.jpg,0.0111,1.0,False,gaming,apify,2026-05-14T00:41:51.753942,cut-out
apify_fbbe14b824fa,data\raw\gaming\apify_fbbe14b824fa.jpg,0.0111,1.0,False,gaming,apify,2026-05-14T00:56:47.278484,cut-out
apify_7b58a6b50e13,data\raw\gaming\apify_7b58a6b50e13.jpg,0.0111,1.0,False,gaming,apify,2026-05-14T00:56:49.211698,cut-out
apify_05101514d01c,data\raw\gaming\apify_05101514d01c.jpg,0.0111,1.0,False,gaming,apify,2026-05-14T00:56:50.502438,cut-out
apify_16cb10267388,data\raw\gaming\apify_16cb10267388.jpg,0.0111,1.0,False,gaming,apify,2026-05-14T00:56:52.487703,cut-out
apify_84429bec0488,data\raw\gaming\apify_84429bec0488.jpg,0.0111,1.0,False,gaming,apify,2026-05-14T00:56:54.056061,cut-out
apify_a78f95e4c6fc,data\raw\gaming\apify_a78f95e4c6fc.jpg,0.0111,1.0,False,gaming,apify,2026-05-14T00:56:56.830265,cut-out
apify_cbec40c77efe,data\raw\gaming\apify_cbec40c77efe.jpg,0.0111,1.0,False,gaming,apify,2026-05-14T00:56:59.136784,cut-out
apify_e6a46401f241,data\raw\gaming\apify_e6a46401f241.jpg,0.0333,3.0,False,gaming,apify,2026-05-14T00:57:01.208053,cut-out
apify_54373f084201,data\raw\gaming\apify_54373f084201.jpg,0.0111,1.0,False,gaming,apify,2026-05-14T00:57:03.210487,cut-out
apify_777e64b39804,data\raw\gaming\apify_777e64b39804.jpg,0.0111,1.0,False,gaming,apify,2026-05-14T00:57:05.261371,cut-out
apify_c282128735fc,data\raw\gaming\apify_c282128735fc.jpg,0.0111,1.0,False,gaming,apify,2026-05-14T00:57:07.577642,cut-out
apify_07c48a29101e,data\raw\gaming\apify_07c48a29101e.jpg,0.0111,1.0,False,gaming,apify,2026-05-14T00:57:10.115544,cut-out
apify_7f78817e3d5e,data\raw\gaming\apify_7f78817e3d5e.jpg,0.0111,1.0,False,gaming,apify,2026-05-14T00:57:11.647804,cut-out
apify_2a7561869169,data\raw\gaming\apify_2a7561869169.jpg,0.0111,1.0,False,gaming,apify,2026-05-14T00:57:13.210145,cut-out
apify_036165ed0a47,data\raw\gaming\apify_036165ed0a47.jpg,0.0111,1.0,False,gaming,apify,2026-05-14T00:57:14.610202,cut-out
apify_b80882f786ba,data\raw\gaming\apify_b80882f786ba.jpg,0.0111,1.0,False,gaming,apify,2026-05-14T00:57:16.341593,cut-out
apify_c0fb6316fdb6,data\raw\gaming\apify_c0fb6316fdb6.jpg,0.0111,1.0,False,gaming,apify,2026-05-14T00:57:18.997085,cut-out
apify_268ab6fd9029,data\raw\gaming\apify_268ab6fd9029.jpg,0.0111,1.0,False,gaming,apify,2026-05-14T00:57:21.153456,cut-out
apify_1b400b10e236,data\raw\gaming\apify_1b400b10e236.jpg,0.0111,1.0,False,gaming,apify,2026-05-14T00:57:23.567756,cut-out
apify_ca62f657457f,data\raw\gaming\apify_ca62f657457f.jpg,0.0111,1.0,False,gaming,apify,2026-05-14T00:57:24.823674,cut-out
apify_10d5ff7e1f92,data\raw\gaming\apify_10d5ff7e1f92.jpg,0.0111,1.0,False,gaming,apify,2026-05-14T00:57:26.883742,cut-out
apify_8ddabbe42152,data\raw\gaming\apify_8ddabbe42152.jpg,0.0111,1.0,False,gaming,apify,2026-05-14T00:57:29.000427,cut-out
apify_3eadd3c52e9e,data\raw\gaming\apify_3eadd3c52e9e.jpg,0.0111,1.0,False,gaming,apify,2026-05-14T00:57:31.157969,cut-out
apify_1804a558c194,data\raw\gaming\apify_1804a558c194.jpg,0.0111,1.0,False,gaming,apify,2026-05-14T00:57:32.983237,cut-out
apify_3f8101ba4784,data\raw\gaming\apify_3f8101ba4784.jpg,0.0111,1.0,False,gaming,apify,2026-05-14T00:57:35.170267,cut-out
apify_0c5657fb90d8,data\raw\gaming\apify_0c5657fb90d8.jpg,0.0444,4.0,False,gaming,apify,2026-05-14T00:57:37.419016,cut-out
apify_1673a4ab8e5c,data\raw\gaming\apify_1673a4ab8e5c.jpg,0.0111,1.0,False,gaming,apify,2026-05-14T00:57:39.250186,cut-out
apify_2ac9232bd055,data\raw\gaming\apify_2ac9232bd055.jpg,0.0111,1.0,False,gaming,apify,2026-05-14T00:57:41.838111,cut-out
apify_f39fe945acf6,data\raw\gaming\apify_f39fe945acf6.jpg,0.0111,1.0,False,gaming,apify,2026-05-14T00:57:44.282149,cut-out
apify_daea476503f5,data\raw\gaming\apify_daea476503f5.jpg,0.0111,1.0,False,gaming,apify,2026-05-14T00:57:45.727827,cut-out
apify_0f5962d9e719,data\raw\gaming\apify_0f5962d9e719.jpg,0.0111,1.0,False,gaming,apify,2026-05-14T00:57:47.581498,cut-out
apify_bb42e096f665,data\raw\gaming\apify_bb42e096f665.jpg,0.0111,1.0,False,gaming,apify,2026-05-14T00:57:49.755307,cut-out
apify_e620a6901bfd,data\raw\gaming\apify_e620a6901bfd.jpg,0.0111,1.0,False,gaming,apify,2026-05-14T00:57:51.685736,cut-out
apify_47a1989dc5b3,data\raw\gaming\apify_47a1989dc5b3.jpg,0.0111,1.0,False,gaming,apify,2026-05-14T00:57:53.663840,cut-out
apify_30f0188e93be,data\raw\gaming\apify_30f0188e93be.jpg,0.0111,1.0,False,gaming,apify,2026-05-14T00:57:55.858551,cut-out
apify_b6a6b4458ff5,data\raw\gaming\apify_b6a6b4458ff5.jpg,0.0111,1.0,False,gaming,apify,2026-05-14T00:57:57.364403,cut-out
apify_c64bc1c532db,data\raw\gaming\apify_c64bc1c532db.jpg,0.0111,1.0,False,gaming,apify,2026-05-14T00:57:59.135024,cut-out
apify_9d0340e598de,data\raw\gaming\apify_9d0340e598de.jpg,0.0111,1.0,False,gaming,apify,2026-05-14T00:58:00.719196,cut-out
apify_cd0bd81a7274,data\raw\gaming\apify_cd0bd81a7274.jpg,0.0111,1.0,False,gaming,apify,2026-05-14T00:58:02.625427,cut-out
apify_7dfc53c6791f,data\raw\gaming\apify_7dfc53c6791f.jpg,0.0111,1.0,False,gaming,apify,2026-05-14T00:58:04.566554,cut-out
apify_880b497050ce,data\raw\gaming\apify_880b497050ce.jpg,0.0111,1.0,False,gaming,apify,2026-05-14T00:58:06.712227,cut-out
apify_44a3ae732995,data\raw\gaming\apify_44a3ae732995.jpg,0.0111,1.0,False,gaming,apify,2026-05-14T00:58:08.989247,cut-out
apify_84e0f34b80f1,data\raw\gaming\apify_84e0f34b80f1.jpg,0.0111,1.0,False,gaming,apify,2026-05-14T00:58:10.548124,cut-out
apify_0c323691a036,data\raw\gaming\apify_0c323691a036.jpg,0.0111,1.0,False,gaming,apify,2026-05-14T00:58:12.985737,cut-out
apify_b716c3699403,data\raw\gaming\apify_b716c3699403.jpg,0.0111,1.0,False,gaming,apify,2026-05-14T00:58:14.726816,cut-out
apify_1b41ef4e928b,data\raw\gaming\apify_1b41ef4e928b.jpg,0.0111,1.0,False,gaming,apify,2026-05-14T00:58:16.810806,cut-out
apify_1496fda1ad06,data\raw\gaming\apify_1496fda1ad06.jpg,0.0111,1.0,False,gaming,apify,2026-05-14T00:58:18.167688,cut-out
apify_38f1389ef187,data\raw\gaming\apify_38f1389ef187.jpg,0.0111,1.0,False,gaming,apify,2026-05-14T00:58:20.001468,cut-out
apify_4219a03cd541,data\raw\gaming\apify_4219a03cd541.jpg,0.0333,3.0,False,gaming,apify,2026-05-14T00:58:21.785587,cut-out
apify_b9b45ac1a1f9,data\raw\gaming\apify_b9b45ac1a1f9.jpg,0.0111,1.0,False,gaming,apify,2026-05-14T00:58:24.023700,cut-out
apify_eb921a59021e,data\raw\gaming\apify_eb921a59021e.jpg,0.0111,1.0,False,gaming,apify,2026-05-14T00:58:25.783986,cut-out
apify_d7f9835fb6f6,data\raw\gaming\apify_d7f9835fb6f6.jpg,0.0111,1.0,False,gaming,apify,2026-05-14T00:58:27.639783,cut-out
apify_0104bf92ce98,data\raw\gaming\apify_0104bf92ce98.jpg,0.0667,6.0,False,gaming,apify,2026-05-14T00:58:29.908019,cut-out
apify_6e1baa7e261e,data\raw\gaming\apify_6e1baa7e261e.jpg,0.0111,1.0,False,gaming,apify,2026-05-14T00:58:31.781537,cut-out
apify_8b39aa04a881,data\raw\gaming\apify_8b39aa04a881.jpg,0.0111,1.0,False,gaming,apify,2026-05-14T00:58:33.423695,cut-out
apify_3fec88fd9ee4,data\raw\gaming\apify_3fec88fd9ee4.jpg,0.0111,1.0,False,gaming,apify,2026-05-14T00:58:35.656551,cut-out
apify_3d2315920ff9,data\raw\gaming\apify_3d2315920ff9.jpg,0.0111,1.0,False,gaming,apify,2026-05-14T00:58:36.882593,cut-out
apify_d0ec1357490e,data\raw\gaming\apify_d0ec1357490e.jpg,0.0111,1.0,False,gaming,apify,2026-05-14T00:58:38.994727,cut-out
apify_300cc412f47b,data\raw\gaming\apify_300cc412f47b.jpg,0.0444,4.0,False,gaming,apify,2026-05-14T00:58:41.262868,cut-out
apify_8a30bcf1aa63,data\raw\gaming\apify_8a30bcf1aa63.jpg,0.6111,55.0,False,gaming,apify,2026-05-14T00:58:43.384612,wear-out
apify_000bd10ab4d9,data\raw\gaming\apify_000bd10ab4d9.jpg,0.1222,11.0,False,gaming,apify,2026-05-14T00:58:45.827975,wear-out
apify_65b531f571ff,data\raw\gaming\apify_65b531f571ff.jpg,0.1222,11.0,False,gaming,apify,2026-05-14T00:58:52.300450,wear-out
apify_6379659b7ee6,data\raw\other\apify_6379659b7ee6.jpg,0.0667,6.0,False,other,apify,2026-05-14T00:58:54.896726,cut-out
apify_138acc869879,data\raw\gaming\apify_138acc869879.jpg,0.9667,87.0,False,gaming,apify,2026-05-14T00:58:58.106178,wear-out
apify_5019b49ceae6,data\raw\gaming\apify_5019b49ceae6.jpg,0.5,45.0,False,gaming,apify,2026-05-14T00:58:59.736594,wear-out
apify_c154473cae2d,data\raw\other\apify_c154473cae2d.jpg,0.0667,6.0,False,other,apify,2026-05-14T00:59:01.287525,cut-out
apify_ce04a36f2fb1,data\raw\other\apify_ce04a36f2fb1.jpg,0.6667,60.0,False,other,apify,2026-05-14T00:59:03.773208,wear-out
apify_64cace870ce4,data\raw\gaming\apify_64cace870ce4.jpg,0.6222,56.0,False,gaming,apify,2026-05-14T00:59:09.732143,wear-out
apify_259567c0c5f2,data\raw\other\apify_259567c0c5f2.jpg,0.1444,13.0,False,other,apify,2026-05-14T00:59:11.722723,wear-out
apify_158abb00a203,data\raw\other\apify_158abb00a203.jpg,0.1444,13.0,False,other,apify,2026-05-14T00:59:14.040729,wear-out
apify_81e2fba730bf,data\raw\gaming\apify_81e2fba730bf.jpg,0.4667,42.0,False,gaming,apify,2026-05-14T00:59:16.120448,wear-out
apify_805afaaa9f28,data\raw\gaming\apify_805afaaa9f28.jpg,0.3667,33.0,False,gaming,apify,2026-05-14T00:59:17.936131,wear-out
apify_b17a8618d012,data\raw\gaming\apify_b17a8618d012.jpg,0.0778,7.0,False,gaming,apify,2026-05-14T00:59:20.334999,wear-out
apify_a357c1719745,data\raw\other\apify_a357c1719745.jpg,0.0333,3.0,False,other,apify,2026-05-14T00:59:22.453119,cut-out
apify_f6aab2ce3d8b,data\raw\ecommerce\apify_f6aab2ce3d8b.jpg,0.2111,19.0,False,ecommerce,apify,2026-05-14T00:59:26.692652,wear-out
apify_71333a7f685f,data\raw\gaming\apify_71333a7f685f.jpg,0.4667,42.0,False,gaming,apify,2026-05-14T00:59:28.752197,wear-out
apify_9dd9fe9449b0,data\raw\gaming\apify_9dd9fe9449b0.jpg,0.6889,62.0,False,gaming,apify,2026-05-14T00:59:31.187346,wear-out
apify_2e5bcf03bbf6,data\raw\other\apify_2e5bcf03bbf6.jpg,0.3556,32.0,False,other,apify,2026-05-14T00:59:33.570312,wear-out
apify_183cf0af5dc3,data\raw\gaming\apify_183cf0af5dc3.jpg,0.0667,6.0,False,gaming,apify,2026-05-14T00:59:35.927670,cut-out
apify_63ada167fc9a,data\raw\gaming\apify_63ada167fc9a.jpg,0.5889,53.0,False,gaming,apify,2026-05-14T00:59:40.414534,wear-out
apify_0e5ef0dd31cc,data\raw\other\apify_0e5ef0dd31cc.jpg,0.0556,5.0,False,other,apify,2026-05-14T00:59:42.940115,cut-out
apify_99d8136a8aa8,data\raw\gaming\apify_99d8136a8aa8.jpg,0.5778,52.0,False,gaming,apify,2026-05-14T00:59:45.058218,wear-out
apify_15122bbcc10f,data\raw\gaming\apify_15122bbcc10f.jpg,0.2333,21.0,False,gaming,apify,2026-05-14T00:59:47.015727,wear-out
apify_550b47bd7313,data\raw\gaming\apify_550b47bd7313.jpg,0.4,36.0,False,gaming,apify,2026-05-14T00:59:48.815628,wear-out
apify_319e03df1ca4,data\raw\gaming\apify_319e03df1ca4.jpg,0.0667,6.0,False,gaming,apify,2026-05-14T00:59:50.496418,cut-out
apify_ef68e2c41aad,data\raw\other\apify_ef68e2c41aad.jpg,0.7222,65.0,False,other,apify,2026-05-14T00:59:52.610970,wear-out
apify_6fa5b4ac40a1,data\raw\gaming\apify_6fa5b4ac40a1.jpg,0.4333,39.0,False,gaming,apify,2026-05-14T00:59:54.858913,wear-out
apify_20a44ce5dec2,data\raw\gaming\apify_20a44ce5dec2.jpg,0.1889,17.0,False,gaming,apify,2026-05-14T00:59:58.096528,wear-out
apify_e09f031d0fb1,data\raw\gaming\apify_e09f031d0fb1.jpg,0.0556,5.0,False,gaming,apify,2026-05-14T01:00:00.436498,cut-out
apify_60f085c0c403,data\raw\gaming\apify_60f085c0c403.jpg,0.4,36.0,False,gaming,apify,2026-05-14T01:00:02.485977,wear-out
apify_a1fdb896934a,data\raw\gaming\apify_a1fdb896934a.jpg,0.4222,38.0,False,gaming,apify,2026-05-14T01:00:04.394639,wear-out
apify_0631d0c6aa6f,data\raw\gaming\apify_0631d0c6aa6f.jpg,0.0667,6.0,False,gaming,apify,2026-05-14T01:00:07.164449,cut-out
apify_210bdf943bf2,data\raw\gaming\apify_210bdf943bf2.jpg,0.1222,11.0,False,gaming,apify,2026-05-14T01:00:09.053590,wear-out
apify_59176fc38e65,data\raw\gaming\apify_59176fc38e65.jpg,0.4778,43.0,False,gaming,apify,2026-05-14T01:00:11.107466,wear-out
apify_d1c2870a3ba3,data\raw\gaming\apify_d1c2870a3ba3.jpg,0.0556,5.0,False,gaming,apify,2026-05-14T01:00:12.799395,cut-out
apify_1931b46accc5,data\raw\gaming\apify_1931b46accc5.jpg,0.0667,6.0,False,gaming,apify,2026-05-14T01:00:15.517768,cut-out
apify_aafdbca649fb,data\raw\gaming\apify_aafdbca649fb.jpg,0.0667,6.0,False,gaming,apify,2026-05-14T01:00:18.096802,cut-out
apify_3eabb8e91a57,data\raw\gaming\apify_3eabb8e91a57.jpg,0.1111,10.0,False,gaming,apify,2026-05-14T01:00:20.253877,wear-out
apify_a0d7731d13ec,data\raw\other\apify_a0d7731d13ec.jpg,0.2556,23.0,False,other,apify,2026-05-14T01:00:22.900181,wear-out
apify_fa4a1becd2fb,data\raw\gaming\apify_fa4a1becd2fb.jpg,0.6,54.0,False,gaming,apify,2026-05-14T01:00:26.270146,wear-out
apify_6390eca2056a,data\raw\gaming\apify_6390eca2056a.jpg,0.1444,13.0,False,gaming,apify,2026-05-14T01:00:28.893268,wear-out
apify_5d63b8a3993c,data\raw\gaming\apify_5d63b8a3993c.jpg,0.0333,3.0,False,gaming,apify,2026-05-14T01:00:31.358009,cut-out
apify_1a8b5cb13896,data\raw\gaming\apify_1a8b5cb13896.jpg,0.3111,28.0,False,gaming,apify,2026-05-14T01:00:33.417564,wear-out
apify_ffc249b6b26e,data\raw\gaming\apify_ffc249b6b26e.jpg,0.0556,5.0,False,gaming,apify,2026-05-14T01:00:35.504169,cut-out
apify_22885cd79f6f,data\raw\other\apify_22885cd79f6f.jpg,0.7889,71.0,False,other,apify,2026-05-14T01:00:37.420676,wear-out
apify_d822b79ddcbd,data\raw\other\apify_d822b79ddcbd.jpg,0.3778,34.0,False,other,apify,2026-05-14T01:00:39.372339,wear-out
apify_0789448a9c6b,data\raw\gaming\apify_0789448a9c6b.jpg,0.0333,3.0,False,gaming,apify,2026-05-14T01:00:40.954677,cut-out
apify_e57c4a8f558c,data\raw\gaming\apify_e57c4a8f558c.jpg,0.1667,15.0,False,gaming,apify,2026-05-14T01:00:43.016970,wear-out
apify_8157af40aa52,data\raw\gaming\apify_8157af40aa52.jpg,0.4222,38.0,False,gaming,apify,2026-05-14T01:00:45.096324,wear-out
apify_41f73b299bff,data\raw\gaming\apify_41f73b299bff.jpg,0.1111,10.0,False,gaming,apify,2026-05-14T01:00:46.888379,wear-out
apify_7679d1d0efaa,data\raw\other\apify_7679d1d0efaa.jpg,0.3556,32.0,False,other,apify,2026-05-14T01:00:48.956533,wear-out
apify_f535eb1f3dc2,data\raw\other\apify_f535eb1f3dc2.jpg,0.0778,7.0,False,other,apify,2026-05-14T01:00:51.587560,wear-out
apify_5059cf904fc2,data\raw\gaming\apify_5059cf904fc2.jpg,0.3667,33.0,False,gaming,apify,2026-05-14T01:00:54.001713,wear-out
apify_36c85c31a1c3,data\raw\gaming\apify_36c85c31a1c3.jpg,0.2889,26.0,False,gaming,apify,2026-05-14T01:00:55.773065,wear-out
apify_a8618ff95605,data\raw\gaming\apify_a8618ff95605.jpg,0.2333,21.0,False,gaming,apify,2026-05-14T01:01:00.558981,wear-out
apify_5f6f3a2d5f21,data\raw\gaming\apify_5f6f3a2d5f21.jpg,0.0667,6.0,False,gaming,apify,2026-05-14T01:01:02.304846,cut-out
apify_2061d214a1b5,data\raw\other\apify_2061d214a1b5.jpg,0.2111,19.0,False,other,apify,2026-05-14T01:01:05.177086,wear-out
apify_217ebcf08771,data\raw\gaming\apify_217ebcf08771.jpg,0.0778,7.0,False,gaming,apify,2026-05-14T01:01:11.701510,wear-out
apify_59a131549ea5,data\raw\gaming\apify_59a131549ea5.jpg,0.2444,22.0,False,gaming,apify,2026-05-14T01:01:14.399120,wear-out
apify_db4ae9799dca,data\raw\gaming\apify_db4ae9799dca.jpg,0.2444,22.0,False,gaming,apify,2026-05-14T01:01:15.971587,wear-out
apify_f0f9f9ca54ee,data\raw\gaming\apify_f0f9f9ca54ee.jpg,0.1667,15.0,False,gaming,apify,2026-05-14T01:01:18.186084,wear-out
apify_df00fe574cd3,data\raw\gaming\apify_df00fe574cd3.jpg,0.3,27.0,False,gaming,apify,2026-05-14T01:01:21.981378,wear-out
apify_31740b2285b2,data\raw\other\apify_31740b2285b2.jpg,0.0556,5.0,False,other,apify,2026-05-14T01:01:23.972364,cut-out
apify_230de09f14e6,data\raw\gaming\apify_230de09f14e6.jpg,0.0556,5.0,False,gaming,apify,2026-05-14T01:01:26.072096,cut-out
apify_766c059787d8,data\raw\gaming\apify_766c059787d8.jpg,0.3444,31.0,False,gaming,apify,2026-05-14T01:01:28.136580,wear-out
apify_12018730ce16,data\raw\gaming\apify_12018730ce16.jpg,0.0111,1.0,False,gaming,apify,2026-05-14T01:01:30.627338,cut-out
apify_80449f52528b,data\raw\gaming\apify_80449f52528b.jpg,0.1778,16.0,False,gaming,apify,2026-05-14T01:01:32.706774,wear-out
apify_3fe4e515e607,data\raw\other\apify_3fe4e515e607.jpg,0.0778,7.0,False,other,apify,2026-05-14T01:01:34.869964,wear-out
apify_97bc01c16d14,data\raw\gaming\apify_97bc01c16d14.jpg,0.1556,14.0,False,gaming,apify,2026-05-14T01:01:37.892147,wear-out
apify_8cd470274cc3,data\raw\gaming\apify_8cd470274cc3.jpg,0.4667,42.0,False,gaming,apify,2026-05-14T01:01:39.906206,wear-out
apify_a9f6eb3f52a6,data\raw\other\apify_a9f6eb3f52a6.jpg,0.0444,4.0,False,other,apify,2026-05-14T01:01:42.486801,cut-out
apify_0f9efb56b121,data\raw\other\apify_0f9efb56b121.jpg,0.3111,28.0,False,other,apify,2026-05-14T01:01:44.620681,wear-out
apify_b74f3832a537,data\raw\gaming\apify_b74f3832a537.jpg,0.0556,5.0,False,gaming,apify,2026-05-14T01:01:46.244810,cut-out
apify_9e2299378a17,data\raw\gaming\apify_9e2299378a17.jpg,0.2333,21.0,False,gaming,apify,2026-05-14T01:01:48.017532,wear-out
apify_39f84cbbc090,data\raw\gaming\apify_39f84cbbc090.jpg,0.3889,35.0,False,gaming,apify,2026-05-14T01:01:50.702795,wear-out
apify_05e9a9e964d0,data\raw\gaming\apify_05e9a9e964d0.jpg,0.9111,82.0,False,gaming,apify,2026-05-14T01:01:53.297988,wear-out
apify_2802231f2b46,data\raw\other\apify_2802231f2b46.jpg,0.7889,71.0,False,other,apify,2026-05-14T01:01:55.378984,wear-out
apify_4293d1b6467e,data\raw\gaming\apify_4293d1b6467e.jpg,0.5222,47.0,False,gaming,apify,2026-05-14T01:01:57.377709,wear-out
apify_76d8db04c83c,data\raw\other\apify_76d8db04c83c.jpg,0.0556,5.0,False,other,apify,2026-05-14T01:01:59.755795,cut-out
apify_1b6018ddfb52,data\raw\gaming\apify_1b6018ddfb52.jpg,0.3111,28.0,False,gaming,apify,2026-05-14T01:02:01.985285,wear-out
apify_927c49b7bee6,data\raw\other\apify_927c49b7bee6.jpg,0.5333,48.0,False,other,apify,2026-05-14T01:02:03.740340,wear-out
apify_8168a7eb67a6,data\raw\gaming\apify_8168a7eb67a6.jpg,0.1222,11.0,False,gaming,apify,2026-05-14T01:02:05.650420,wear-out
apify_c805618f5ffe,data\raw\gaming\apify_c805618f5ffe.jpg,0.0333,3.0,False,gaming,apify,2026-05-14T01:02:07.880316,cut-out
apify_eeb5ef342e0b,data\raw\gaming\apify_eeb5ef342e0b.jpg,0.1889,17.0,False,gaming,apify,2026-05-14T01:02:10.543750,wear-out
apify_d712cdf2a93c,data\raw\gaming\apify_d712cdf2a93c.jpg,0.2,18.0,False,gaming,apify,2026-05-14T01:02:12.616454,wear-out
apify_71b15ec32a16,data\raw\gaming\apify_71b15ec32a16.jpg,0.0556,5.0,False,gaming,apify,2026-05-14T01:02:15.109810,cut-out
apify_6af76407fc73,data\raw\gaming\apify_6af76407fc73.jpg,0.9778,88.0,False,gaming,apify,2026-05-14T01:02:17.157417,wear-out
apify_a85031cb5076,data\raw\gaming\apify_a85031cb5076.jpg,0.0889,8.0,False,gaming,apify,2026-05-14T01:02:18.805509,wear-out
apify_38b9eb9ee7de,data\raw\gaming\apify_38b9eb9ee7de.jpg,0.0333,3.0,False,gaming,apify,2026-05-14T01:02:23.282358,cut-out
apify_35639d4372ef,data\raw\gaming\apify_35639d4372ef.jpg,0.0444,4.0,False,gaming,apify,2026-05-14T01:02:25.078705,cut-out
apify_50492ba4ff55,data\raw\gaming\apify_50492ba4ff55.jpg,0.5111,46.0,False,gaming,apify,2026-05-14T01:02:27.468374,wear-out
apify_a08e11a1e423,data\raw\other\apify_a08e11a1e423.jpg,0.7111,64.0,False,other,apify,2026-05-14T01:02:29.584456,wear-out
apify_c98ee3fe996f,data\raw\gaming\apify_c98ee3fe996f.jpg,0.3,27.0,False,gaming,apify,2026-05-14T01:02:31.173453,wear-out
apify_4a7f0ae0a98e,data\raw\gaming\apify_4a7f0ae0a98e.jpg,0.0556,5.0,False,gaming,apify,2026-05-14T01:02:32.920061,cut-out
apify_7a7a58a225b7,data\raw\gaming\apify_7a7a58a225b7.jpg,0.0556,5.0,False,gaming,apify,2026-05-14T01:02:35.565111,cut-out
apify_bf4cf12d05b7,data\raw\gaming\apify_bf4cf12d05b7.jpg,0.3667,33.0,False,gaming,apify,2026-05-14T01:02:37.635109,wear-out
apify_dfd42aa323c4,data\raw\gaming\apify_dfd42aa323c4.jpg,0.0667,6.0,False,gaming,apify,2026-05-14T01:02:40.169477,cut-out
apify_38428aeb9a54,data\raw\gaming\apify_38428aeb9a54.jpg,0.0444,4.0,False,gaming,apify,2026-05-14T01:02:42.668680,cut-out
apify_a100b1a55bcc,data\raw\other\apify_a100b1a55bcc.jpg,0.5444,49.0,False,other,apify,2026-05-14T01:02:44.437216,wear-out
apify_fd325d25cf64,data\raw\gaming\apify_fd325d25cf64.jpg,0.2778,25.0,False,gaming,apify,2026-05-14T01:02:47.214701,wear-out
apify_8fe4a1a2d7da,data\raw\gaming\apify_8fe4a1a2d7da.jpg,0.0889,8.0,False,gaming,apify,2026-05-14T01:02:48.768233,wear-out
apify_3d032e419c6c,data\raw\gaming\apify_3d032e419c6c.jpg,0.2333,21.0,False,gaming,apify,2026-05-14T01:02:51.223260,wear-out
apify_94b80fc89635,data\raw\other\apify_94b80fc89635.jpg,0.2667,24.0,False,other,apify,2026-05-14T01:02:52.927810,wear-out
apify_3b1b0c11f867,data\raw\gaming\apify_3b1b0c11f867.jpg,0.0444,4.0,False,gaming,apify,2026-05-14T01:02:55.409676,cut-out
apify_7bcd78c4cbad,data\raw\gaming\apify_7bcd78c4cbad.jpg,0.3889,35.0,False,gaming,apify,2026-05-14T01:02:57.804309,wear-out
apify_d9d52faecaff,data\raw\other\apify_d9d52faecaff.jpg,0.3333,30.0,False,other,apify,2026-05-14T01:03:03.072005,wear-out
apify_9bb782d7c08c,data\raw\other\apify_9bb782d7c08c.jpg,0.0333,3.0,False,other,apify,2026-05-14T01:03:04.909323,cut-out
apify_3adfb32428fe,data\raw\other\apify_3adfb32428fe.jpg,0.5667,51.0,False,other,apify,2026-05-14T01:03:07.163784,wear-out
apify_cd988e1a4ae8,data\raw\gaming\apify_cd988e1a4ae8.jpg,0.0667,6.0,False,gaming,apify,2026-05-14T01:03:11.477033,cut-out
apify_139b89ce5f7b,data\raw\gaming\apify_139b89ce5f7b.jpg,0.2444,22.0,False,gaming,apify,2026-05-14T01:03:15.592170,wear-out
apify_3e24c7834cbd,data\raw\gaming\apify_3e24c7834cbd.jpg,0.0444,4.0,False,gaming,apify,2026-05-14T01:03:17.703531,cut-out
apify_fa035abac0bc,data\raw\other\apify_fa035abac0bc.jpg,0.0556,5.0,False,other,apify,2026-05-14T01:03:19.988593,cut-out
apify_a0230ca97e18,data\raw\gaming\apify_a0230ca97e18.jpg,0.3556,32.0,False,gaming,apify,2026-05-14T01:03:21.664600,wear-out
apify_6e4b78c70883,data\raw\other\apify_6e4b78c70883.jpg,0.0333,3.0,False,other,apify,2026-05-14T01:03:25.894567,cut-out
apify_3d49186779bd,data\raw\other\apify_3d49186779bd.jpg,0.0556,5.0,False,other,apify,2026-05-14T01:03:28.021748,cut-out
apify_219b52bbd806,data\raw\gaming\apify_219b52bbd806.jpg,0.0444,4.0,False,gaming,apify,2026-05-14T01:03:30.193548,cut-out
apify_0076c6947c51,data\raw\gaming\apify_0076c6947c51.jpg,0.0111,1.0,False,gaming,apify,2026-05-14T01:03:32.296604,cut-out
apify_311042205c2f,data\raw\gaming\apify_311042205c2f.jpg,0.2556,23.0,False,gaming,apify,2026-05-14T01:03:34.661223,wear-out
apify_e77d15539008,data\raw\other\apify_e77d15539008.jpg,0.0333,3.0,False,other,apify,2026-05-14T01:03:37.204930,cut-out
apify_7a8298132ad4,data\raw\gaming\apify_7a8298132ad4.jpg,0.0333,3.0,False,gaming,apify,2026-05-14T01:03:39.002924,cut-out
apify_5e60b26ae5dd,data\raw\gaming\apify_5e60b26ae5dd.jpg,0.4222,38.0,False,gaming,apify,2026-05-14T01:03:41.442024,wear-out
apify_68db3f9ffe90,data\raw\gaming\apify_68db3f9ffe90.jpg,0.0222,2.0,False,gaming,apify,2026-05-14T01:03:43.680323,cut-out
apify_361642ae25fa,data\raw\gaming\apify_361642ae25fa.jpg,0.2444,22.0,False,gaming,apify,2026-05-14T01:03:46.161617,wear-out
apify_1de59cf41077,data\raw\gaming\apify_1de59cf41077.jpg,0.2222,20.0,False,gaming,apify,2026-05-14T01:03:47.826046,wear-out
apify_e43a9dc2e7b0,data\raw\gaming\apify_e43a9dc2e7b0.jpg,0.0889,8.0,False,gaming,apify,2026-05-14T01:03:50.513708,wear-out
apify_16b13a74ac3a,data\raw\gaming\apify_16b13a74ac3a.jpg,0.0556,5.0,False,gaming,apify,2026-05-14T01:03:53.020479,cut-out
apify_05309189de36,data\raw\gaming\apify_05309189de36.jpg,0.0444,4.0,False,gaming,apify,2026-05-14T01:03:54.969299,cut-out
apify_7257a27eaf17,data\raw\gaming\apify_7257a27eaf17.jpg,0.0444,4.0,False,gaming,apify,2026-05-14T01:03:56.460079,cut-out
apify_5f8d610342e1,data\raw\gaming\apify_5f8d610342e1.jpg,0.0778,7.0,False,gaming,apify,2026-05-14T01:03:58.470836,wear-out
apify_1c842ac2cbdb,data\raw\gaming\apify_1c842ac2cbdb.jpg,0.0556,5.0,False,gaming,apify,2026-05-14T01:04:00.976102,cut-out
apify_f5816fa8af92,data\raw\gaming\apify_f5816fa8af92.jpg,0.2444,22.0,False,gaming,apify,2026-05-14T01:04:02.990886,wear-out
apify_ee8be680a853,data\raw\other\apify_ee8be680a853.jpg,0.0556,5.0,False,other,apify,2026-05-14T01:04:05.046282,cut-out
apify_598d57f5e7c3,data\raw\gaming\apify_598d57f5e7c3.jpg,0.0889,8.0,False,gaming,apify,2026-05-14T01:04:07.165914,wear-out
apify_be3aa4efef77,data\raw\gaming\apify_be3aa4efef77.jpg,0.2333,21.0,False,gaming,apify,2026-05-14T01:04:09.364271,wear-out
apify_7cad30492218,data\raw\gaming\apify_7cad30492218.jpg,0.2222,20.0,False,gaming,apify,2026-05-14T01:04:11.664070,wear-out
apify_5b2c75fac12f,data\raw\gaming\apify_5b2c75fac12f.jpg,0.0444,4.0,False,gaming,apify,2026-05-14T01:04:16.286040,cut-out
apify_c5df41328568,data\raw\other\apify_c5df41328568.jpg,0.0444,4.0,False,other,apify,2026-05-14T01:04:18.635910,cut-out
apify_8d8f9fc8669f,data\raw\gaming\apify_8d8f9fc8669f.jpg,0.1444,13.0,False,gaming,apify,2026-05-14T01:04:20.355124,wear-out
apify_1d865bedc472,data\raw\gaming\apify_1d865bedc472.jpg,0.0333,3.0,False,gaming,apify,2026-05-14T01:04:24.283193,cut-out
apify_60de28d2d7f8,data\raw\gaming\apify_60de28d2d7f8.jpg,0.5778,52.0,False,gaming,apify,2026-05-14T01:04:26.600498,wear-out
apify_ec6372569711,data\raw\gaming\apify_ec6372569711.jpg,0.2444,22.0,False,gaming,apify,2026-05-14T01:04:28.812784,wear-out
apify_08aed67a1dde,data\raw\gaming\apify_08aed67a1dde.jpg,0.2333,21.0,False,gaming,apify,2026-05-14T01:04:31.175204,wear-out
apify_a58dfa1a0924,data\raw\gaming\apify_a58dfa1a0924.jpg,0.9,81.0,False,gaming,apify,2026-05-14T01:04:32.692675,wear-out
apify_930692e803cf,data\raw\gaming\apify_930692e803cf.jpg,0.1667,15.0,False,gaming,apify,2026-05-14T01:04:34.829594,wear-out
apify_b9b48b0c68b6,data\raw\gaming\apify_b9b48b0c68b6.jpg,0.1889,17.0,False,gaming,apify,2026-05-14T01:04:37.501267,wear-out
apify_8dcbda0bf0c6,data\raw\gaming\apify_8dcbda0bf0c6.jpg,0.1333,12.0,False,gaming,apify,2026-05-14T01:04:39.012538,wear-out
apify_4377414f3bda,data\raw\gaming\apify_4377414f3bda.jpg,0.0444,4.0,False,gaming,apify,2026-05-14T01:04:42.924813,cut-out
apify_542b1e1859e9,data\raw\gaming\apify_542b1e1859e9.jpg,0.0778,7.0,False,gaming,apify,2026-05-14T01:04:45.189805,wear-out
apify_c4991ac59bd9,data\raw\gaming\apify_c4991ac59bd9.jpg,0.3,27.0,False,gaming,apify,2026-05-14T01:04:47.093248,wear-out
apify_788055ffb4a0,data\raw\gaming\apify_788055ffb4a0.jpg,0.0778,7.0,False,gaming,apify,2026-05-14T01:04:49.162253,wear-out
apify_6a022bff7ed4,data\raw\gaming\apify_6a022bff7ed4.jpg,0.0556,5.0,False,gaming,apify,2026-05-14T01:04:51.397172,cut-out
apify_ad0e1aaaf263,data\raw\gaming\apify_ad0e1aaaf263.jpg,0.8222,74.0,False,gaming,apify,2026-05-14T01:04:52.822231,wear-out
apify_cc79f4cf6cb8,data\raw\gaming\apify_cc79f4cf6cb8.jpg,0.2556,23.0,False,gaming,apify,2026-05-14T01:04:54.524981,wear-out
apify_8f253caa7f42,data\raw\gaming\apify_8f253caa7f42.jpg,0.1556,14.0,False,gaming,apify,2026-05-14T01:04:56.604164,wear-out
apify_ae4abb5e33f3,data\raw\gaming\apify_ae4abb5e33f3.jpg,0.0778,7.0,False,gaming,apify,2026-05-14T01:04:59.005766,wear-out
apify_5667fb2c7c50,data\raw\other\apify_5667fb2c7c50.jpg,0.5333,48.0,False,other,apify,2026-05-14T01:05:02.436696,wear-out
apify_d142ea36fa90,data\raw\gaming\apify_d142ea36fa90.jpg,0.0889,8.0,False,gaming,apify,2026-05-14T01:05:04.857138,wear-out
apify_bf170b7467a9,data\raw\other\apify_bf170b7467a9.jpg,0.7222,65.0,False,other,apify,2026-05-14T01:05:06.807840,wear-out
apify_439786fadb01,data\raw\gaming\apify_439786fadb01.jpg,0.1,9.0,False,gaming,apify,2026-05-14T01:05:09.066314,wear-out
apify_d8bd836c4d5a,data\raw\other\apify_d8bd836c4d5a.jpg,0.2889,26.0,False,other,apify,2026-05-14T01:05:11.080654,wear-out
apify_268c83619608,data\raw\gaming\apify_268c83619608.jpg,0.0667,6.0,False,gaming,apify,2026-05-14T01:05:13.079807,cut-out
apify_ff50899594b5,data\raw\gaming\apify_ff50899594b5.jpg,0.1222,11.0,False,gaming,apify,2026-05-14T01:05:15.635925,wear-out
apify_c1266c31a68e,data\raw\gaming\apify_c1266c31a68e.jpg,0.3667,33.0,False,gaming,apify,2026-05-14T01:05:18.568166,wear-out
apify_6d8eb049b14e,data\raw\gaming\apify_6d8eb049b14e.jpg,0.0556,5.0,False,gaming,apify,2026-05-14T01:05:20.632269,cut-out
apify_21c82b3f7d50,data\raw\gaming\apify_21c82b3f7d50.jpg,0.1556,14.0,False,gaming,apify,2026-05-14T01:05:22.447606,wear-out
apify_c5c690066553,data\raw\gaming\apify_c5c690066553.jpg,0.4667,42.0,False,gaming,apify,2026-05-14T01:05:24.935612,wear-out
apify_eb4f2207d4ac,data\raw\other\apify_eb4f2207d4ac.jpg,0.5333,48.0,False,other,apify,2026-05-14T01:05:27.208525,wear-out
apify_27e5b9ab5bee,data\raw\gaming\apify_27e5b9ab5bee.jpg,0.1111,10.0,False,gaming,apify,2026-05-14T01:05:28.793275,wear-out
apify_402d4e2ff802,data\raw\gaming\apify_402d4e2ff802.jpg,0.0667,6.0,False,gaming,apify,2026-05-14T01:05:30.483134,cut-out
apify_5a7c4ff8a8dd,data\raw\gaming\apify_5a7c4ff8a8dd.jpg,0.2111,19.0,False,gaming,apify,2026-05-14T01:05:32.396978,wear-out
apify_bfbf88f10601,data\raw\other\apify_bfbf88f10601.jpg,0.2111,19.0,False,other,apify,2026-05-14T01:05:35.066659,wear-out
apify_e036d3d6de0e,data\raw\gaming\apify_e036d3d6de0e.jpg,0.0444,4.0,False,gaming,apify,2026-05-14T01:05:37.387964,cut-out
apify_1450ba9c47ed,data\raw\gaming\apify_1450ba9c47ed.jpg,0.0667,6.0,False,gaming,apify,2026-05-14T01:05:39.759393,cut-out
apify_968db26dd374,data\raw\other\apify_968db26dd374.jpg,0.4222,38.0,False,other,apify,2026-05-14T01:05:41.650212,wear-out
apify_95fca368bc69,data\raw\other\apify_95fca368bc69.jpg,0.0889,8.0,False,other,apify,2026-05-14T01:05:43.362554,wear-out
apify_2fbbfd8d4992,data\raw\other\apify_2fbbfd8d4992.jpg,0.0333,3.0,False,other,apify,2026-05-14T01:05:45.581894,cut-out
apify_9b588971e9ae,data\raw\gaming\apify_9b588971e9ae.jpg,0.2667,24.0,False,gaming,apify,2026-05-14T01:05:48.489123,wear-out
apify_22cab84519e6,data\raw\gaming\apify_22cab84519e6.jpg,0.2444,22.0,False,gaming,apify,2026-05-14T01:05:50.573707,wear-out
apify_111210552c38,data\raw\gaming\apify_111210552c38.jpg,0.3667,33.0,False,gaming,apify,2026-05-14T01:05:52.447716,wear-out
apify_8fa58ab87a2b,data\raw\other\apify_8fa58ab87a2b.jpg,0.4778,43.0,False,other,apify,2026-05-14T01:05:56.947876,wear-out
apify_26f0fa113930,data\raw\gaming\apify_26f0fa113930.jpg,0.4111,37.0,False,gaming,apify,2026-05-14T01:05:58.581235,wear-out
apify_1226f2e08465,data\raw\gaming\apify_1226f2e08465.jpg,0.1667,15.0,False,gaming,apify,2026-05-14T01:06:02.937414,wear-out
apify_bb14185ae03e,data\raw\gaming\apify_bb14185ae03e.jpg,0.0889,8.0,False,gaming,apify,2026-05-14T01:06:04.993097,wear-out
apify_22f76869333a,data\raw\gaming\apify_22f76869333a.jpg,0.0778,7.0,False,gaming,apify,2026-05-14T01:06:07.614496,wear-out
apify_2b7c01d49168,data\raw\other\apify_2b7c01d49168.jpg,0.2333,21.0,False,other,apify,2026-05-14T01:06:09.949313,wear-out
apify_f63e4d3612bb,data\raw\gaming\apify_f63e4d3612bb.jpg,0.1889,17.0,False,gaming,apify,2026-05-14T01:06:15.093527,wear-out
apify_97f9b7c309d1,data\raw\gaming\apify_97f9b7c309d1.jpg,0.1222,11.0,False,gaming,apify,2026-05-14T01:06:17.873906,wear-out
apify_a5bb91689078,data\raw\gaming\apify_a5bb91689078.jpg,0.2444,22.0,False,gaming,apify,2026-05-14T01:06:20.271492,wear-out
apify_f8f6691ecc39,data\raw\other\apify_f8f6691ecc39.jpg,0.5444,49.0,False,other,apify,2026-05-14T01:06:22.776080,wear-out
apify_233e161c8f74,data\raw\other\apify_233e161c8f74.jpg,0.2889,26.0,False,other,apify,2026-05-14T01:06:24.966232,wear-out
apify_1e5d669f1070,data\raw\other\apify_1e5d669f1070.jpg,0.2778,25.0,False,other,apify,2026-05-14T01:06:27.471607,wear-out
apify_045801dee916,data\raw\gaming\apify_045801dee916.jpg,0.7889,71.0,False,gaming,apify,2026-05-14T01:06:29.078289,wear-out
apify_3693b4da8761,data\raw\gaming\apify_3693b4da8761.jpg,0.2,18.0,False,gaming,apify,2026-05-14T01:06:31.251153,wear-out
apify_3b8e4d6b6f61,data\raw\gaming\apify_3b8e4d6b6f61.jpg,0.1556,14.0,False,gaming,apify,2026-05-14T01:06:33.028684,wear-out
apify_5f6351fdb911,data\raw\gaming\apify_5f6351fdb911.jpg,0.1444,13.0,False,gaming,apify,2026-05-14T01:06:34.911118,wear-out
apify_fbb162f49adb,data\raw\other\apify_fbb162f49adb.jpg,0.1222,11.0,False,other,apify,2026-05-14T01:06:37.171432,wear-out
apify_6889097bbb1d,data\raw\gaming\apify_6889097bbb1d.jpg,0.1222,11.0,False,gaming,apify,2026-05-14T01:06:39.039703,wear-out
apify_0d16ebc9daac,data\raw\gaming\apify_0d16ebc9daac.jpg,0.0333,3.0,False,gaming,apify,2026-05-14T01:06:40.957003,cut-out
apify_7878f9744930,data\raw\gaming\apify_7878f9744930.jpg,0.8444,76.0,False,gaming,apify,2026-05-14T01:06:42.664675,wear-out
apify_8ab6786e320e,data\raw\gaming\apify_8ab6786e320e.jpg,0.0667,6.0,False,gaming,apify,2026-05-14T01:06:45.244829,cut-out
apify_35c717870eaa,data\raw\other\apify_35c717870eaa.jpg,0.0111,1.0,False,other,apify,2026-05-14T01:06:47.173011,cut-out
apify_c8ccbcbccecf,data\raw\gaming\apify_c8ccbcbccecf.jpg,0.1444,13.0,False,gaming,apify,2026-05-14T01:06:49.461132,wear-out
apify_8b83b6471d69,data\raw\gaming\apify_8b83b6471d69.jpg,0.2778,25.0,False,gaming,apify,2026-05-14T01:06:52.048059,wear-out
apify_437a772c17ce,data\raw\gaming\apify_437a772c17ce.jpg,0.0778,7.0,False,gaming,apify,2026-05-14T01:06:54.818903,wear-out
apify_1811e480bf40,data\raw\gaming\apify_1811e480bf40.jpg,0.2444,22.0,False,gaming,apify,2026-05-14T01:06:57.335284,wear-out
apify_575e0523b23d,data\raw\gaming\apify_575e0523b23d.jpg,0.3,27.0,False,gaming,apify,2026-05-14T01:06:59.897067,wear-out
apify_fdb63a697f94,data\raw\other\apify_fdb63a697f94.jpg,0.5333,48.0,False,other,apify,2026-05-14T01:07:02.230983,wear-out
apify_720ca4a81398,data\raw\gaming\apify_720ca4a81398.jpg,0.1111,10.0,False,gaming,apify,2026-05-14T01:07:04.715633,wear-out
apify_9e82fc1495ca,data\raw\other\apify_9e82fc1495ca.jpg,0.5,45.0,False,other,apify,2026-05-14T01:07:09.659173,wear-out
apify_c32a67ed0078,data\raw\gaming\apify_c32a67ed0078.jpg,0.4444,40.0,False,gaming,apify,2026-05-14T01:07:12.092411,wear-out
apify_29096b4e466d,data\raw\other\apify_29096b4e466d.jpg,0.1444,13.0,False,other,apify,2026-05-14T01:07:14.432194,wear-out
apify_7b191dbfcad0,data\raw\gaming\apify_7b191dbfcad0.jpg,0.0222,2.0,False,gaming,apify,2026-05-14T01:07:16.005488,cut-out
apify_ef3707bc2eb9,data\raw\gaming\apify_ef3707bc2eb9.jpg,0.1111,10.0,False,gaming,apify,2026-05-14T01:07:18.213743,wear-out
apify_7aa200bd4ace,data\raw\other\apify_7aa200bd4ace.jpg,0.6667,60.0,False,other,apify,2026-05-14T01:07:20.355815,wear-out
apify_7f35eb56c6fb,data\raw\gaming\apify_7f35eb56c6fb.jpg,0.1111,10.0,False,gaming,apify,2026-05-14T01:07:22.542036,wear-out
apify_6c3062254b1c,data\raw\gaming\apify_6c3062254b1c.jpg,0.7333,66.0,False,gaming,apify,2026-05-14T01:07:25.168333,wear-out
apify_9ed3ced6412b,data\raw\gaming\apify_9ed3ced6412b.jpg,0.4778,43.0,False,gaming,apify,2026-05-14T01:07:26.854946,wear-out
apify_9917d3de2468,data\raw\gaming\apify_9917d3de2468.jpg,0.0444,4.0,False,gaming,apify,2026-05-14T01:07:28.648719,cut-out
apify_2f5a8d6aa633,data\raw\other\apify_2f5a8d6aa633.jpg,0.0111,1.0,False,other,apify,2026-05-14T01:07:30.488720,cut-out
apify_b39cfd028bcb,data\raw\gaming\apify_b39cfd028bcb.jpg,0.0667,6.0,False,gaming,apify,2026-05-14T01:07:32.045312,cut-out
apify_98deea2ba9a6,data\raw\gaming\apify_98deea2ba9a6.jpg,0.0556,5.0,False,gaming,apify,2026-05-14T01:07:34.102008,cut-out
apify_3df684896126,data\raw\gaming\apify_3df684896126.jpg,0.4222,38.0,False,gaming,apify,2026-05-14T01:07:38.605273,wear-out
apify_673169182d0e,data\raw\gaming\apify_673169182d0e.jpg,0.2778,25.0,False,gaming,apify,2026-05-14T01:07:40.536456,wear-out
apify_22fe0c55d679,data\raw\gaming\apify_22fe0c55d679.jpg,0.3667,33.0,False,gaming,apify,2026-05-14T01:07:42.416693,wear-out
apify_140c077d5abe,data\raw\other\apify_140c077d5abe.jpg,0.4333,39.0,False,other,apify,2026-05-14T01:07:44.627188,wear-out
apify_f3bc9470d92a,data\raw\other\apify_f3bc9470d92a.jpg,0.2,18.0,False,other,apify,2026-05-14T01:07:47.352426,wear-out
apify_11aea61e38a1,data\raw\gaming\apify_11aea61e38a1.jpg,0.5222,47.0,False,gaming,apify,2026-05-14T01:07:49.817685,wear-out
apify_853dd4a3dcf8,data\raw\other\apify_853dd4a3dcf8.jpg,0.0667,6.0,False,other,apify,2026-05-14T01:07:51.986734,cut-out
apify_cf73ed20ffe4,data\raw\gaming\apify_cf73ed20ffe4.jpg,0.0889,8.0,False,gaming,apify,2026-05-14T01:07:54.263252,wear-out
apify_9c0876a71194,data\raw\gaming\apify_9c0876a71194.jpg,0.0889,8.0,False,gaming,apify,2026-05-14T01:07:56.092304,wear-out
apify_4700e8da6159,data\raw\gaming\apify_4700e8da6159.jpg,0.1,9.0,False,gaming,apify,2026-05-14T01:07:57.855821,wear-out
apify_3bbe114a377c,data\raw\other\apify_3bbe114a377c.jpg,0.2,18.0,False,other,apify,2026-05-14T01:08:00.010109,wear-out
apify_aa9e0848b02c,data\raw\gaming\apify_aa9e0848b02c.jpg,0.0111,1.0,False,gaming,apify,2026-05-14T01:08:02.556124,cut-out
apify_4c610da38934,data\raw\gaming\apify_4c610da38934.jpg,0.2444,22.0,False,gaming,apify,2026-05-14T01:08:05.916378,wear-out
apify_b09b6115544a,data\raw\gaming\apify_b09b6115544a.jpg,0.6444,58.0,False,gaming,apify,2026-05-14T01:08:08.040641,wear-out
apify_3e0a91def46c,data\raw\gaming\apify_3e0a91def46c.jpg,0.0556,5.0,False,gaming,apify,2026-05-14T01:08:12.326107,cut-out
apify_3f8debe420e9,data\raw\gaming\apify_3f8debe420e9.jpg,0.5222,47.0,False,gaming,apify,2026-05-14T01:08:14.246687,wear-out
apify_b92859838a92,data\raw\gaming\apify_b92859838a92.jpg,0.2222,20.0,False,gaming,apify,2026-05-14T01:08:21.161904,wear-out
apify_caa11ab69498,data\raw\gaming\apify_caa11ab69498.jpg,0.1667,15.0,False,gaming,apify,2026-05-14T01:08:25.190347,wear-out
apify_5dc9144295d8,data\raw\gaming\apify_5dc9144295d8.jpg,0.3111,28.0,False,gaming,apify,2026-05-14T01:08:27.168589,wear-out
apify_6ef467ff3598,data\raw\gaming\apify_6ef467ff3598.jpg,0.1667,15.0,False,gaming,apify,2026-05-14T01:08:29.200675,wear-out
apify_af9fe3688759,data\raw\gaming\apify_af9fe3688759.jpg,0.0444,4.0,False,gaming,apify,2026-05-14T01:08:31.411085,cut-out
apify_f2c9634263f8,data\raw\gaming\apify_f2c9634263f8.jpg,0.1889,17.0,False,gaming,apify,2026-05-14T01:08:33.806888,wear-out
apify_e443af1e94b5,data\raw\gaming\apify_e443af1e94b5.jpg,0.9111,82.0,False,gaming,apify,2026-05-14T01:08:36.322704,wear-out
apify_11e729725f4d,data\raw\other\apify_11e729725f4d.jpg,0.1222,11.0,False,other,apify,2026-05-14T01:08:38.244534,wear-out
apify_b7ee32530f3b,data\raw\other\apify_b7ee32530f3b.jpg,0.2222,20.0,False,other,apify,2026-05-14T01:08:41.073866,wear-out
apify_0e59dc40e5e6,data\raw\gaming\apify_0e59dc40e5e6.jpg,0.4333,39.0,False,gaming,apify,2026-05-14T01:08:43.002691,wear-out
apify_76e788d60bac,data\raw\gaming\apify_76e788d60bac.jpg,0.1,9.0,False,gaming,apify,2026-05-14T01:08:44.799555,wear-out
apify_1a466e3892b6,data\raw\gaming\apify_1a466e3892b6.jpg,0.1556,14.0,False,gaming,apify,2026-05-14T01:08:46.600367,wear-out
apify_4618196d7c7b,data\raw\gaming\apify_4618196d7c7b.jpg,0.6444,58.0,False,gaming,apify,2026-05-14T01:08:48.660332,wear-out
apify_039c3db1a8e0,data\raw\gaming\apify_039c3db1a8e0.jpg,0.5222,47.0,False,gaming,apify,2026-05-14T01:08:50.643890,wear-out
apify_a464bc543cd7,data\raw\other\apify_a464bc543cd7.jpg,0.4,36.0,False,other,apify,2026-05-14T01:08:52.414006,wear-out
apify_a6899e0817f6,data\raw\other\apify_a6899e0817f6.jpg,0.2111,19.0,False,other,apify,2026-05-14T01:08:54.037514,wear-out
apify_085833314663,data\raw\gaming\apify_085833314663.jpg,0.1667,15.0,False,gaming,apify,2026-05-14T01:08:56.255767,wear-out
apify_8a5437ccd69a,data\raw\gaming\apify_8a5437ccd69a.jpg,0.0444,4.0,False,gaming,apify,2026-05-14T01:09:00.463285,cut-out
apify_26c3eded34de,data\raw\gaming\apify_26c3eded34de.jpg,0.2111,19.0,False,gaming,apify,2026-05-14T01:09:02.708946,wear-out
apify_bdc8822be6bc,data\raw\other\apify_bdc8822be6bc.jpg,0.1778,16.0,False,other,apify,2026-05-14T01:09:04.143289,wear-out
apify_7957982ff1f6,data\raw\gaming\apify_7957982ff1f6.jpg,0.4444,40.0,False,gaming,apify,2026-05-14T01:09:05.929130,wear-out
apify_8380724a1dba,data\raw\other\apify_8380724a1dba.jpg,0.0333,3.0,False,other,apify,2026-05-14T01:09:08.313254,cut-out
apify_b8769ff4bc3f,data\raw\other\apify_b8769ff4bc3f.jpg,0.3556,32.0,False,other,apify,2026-05-14T01:09:13.221618,wear-out
apify_353867e405b2,data\raw\gaming\apify_353867e405b2.jpg,0.0111,1.0,False,gaming,apify,2026-05-14T01:09:14.790793,cut-out
apify_b2c73f39b456,data\raw\gaming\apify_b2c73f39b456.jpg,0.0444,4.0,False,gaming,apify,2026-05-14T01:09:16.842397,cut-out
apify_4d563f0099e1,data\raw\gaming\apify_4d563f0099e1.jpg,0.0667,6.0,False,gaming,apify,2026-05-14T01:09:19.042216,cut-out
apify_986aaf5f15f8,data\raw\gaming\apify_986aaf5f15f8.jpg,0.4667,42.0,False,gaming,apify,2026-05-14T01:09:21.843709,wear-out
apify_b78572803468,data\raw\gaming\apify_b78572803468.jpg,0.3222,29.0,False,gaming,apify,2026-05-14T01:09:24.332431,wear-out
apify_4efe1dc3eef6,data\raw\gaming\apify_4efe1dc3eef6.jpg,0.4,36.0,False,gaming,apify,2026-05-14T01:09:26.887158,wear-out
apify_cde3381a3879,data\raw\gaming\apify_cde3381a3879.jpg,0.1333,12.0,False,gaming,apify,2026-05-14T01:09:28.526678,wear-out
apify_f519f7dd75b3,data\raw\gaming\apify_f519f7dd75b3.jpg,0.0444,4.0,False,gaming,apify,2026-05-14T01:09:31.384639,cut-out
apify_d1d1c1963546,data\raw\gaming\apify_d1d1c1963546.jpg,0.1556,14.0,False,gaming,apify,2026-05-14T01:09:33.930158,wear-out
apify_1afc860d2f6e,data\raw\gaming\apify_1afc860d2f6e.jpg,0.0889,8.0,False,gaming,apify,2026-05-14T01:09:35.738868,wear-out
apify_1527d8cd96ad,data\raw\finance\apify_1527d8cd96ad.jpg,0.1444,13.0,False,finance,apify,2026-05-14T01:09:38.289704,wear-out
apify_a2889b09ea48,data\raw\finance\apify_a2889b09ea48.jpg,0.1667,15.0,False,finance,apify,2026-05-14T01:09:42.018554,wear-out
apify_42b259ff2324,data\raw\finance\apify_42b259ff2324.jpg,0.1222,11.0,False,finance,apify,2026-05-14T01:09:44.029232,wear-out
apify_5aac99dfe54f,data\raw\finance\apify_5aac99dfe54f.jpg,0.2667,24.0,False,finance,apify,2026-05-14T01:09:46.453148,wear-out
apify_72b8cefa446f,data\raw\ecommerce\apify_72b8cefa446f.jpg,0.1111,10.0,False,ecommerce,apify,2026-05-14T01:09:48.623766,wear-out
apify_681b8e8cb5f9,data\raw\finance\apify_681b8e8cb5f9.jpg,0.5889,53.0,False,finance,apify,2026-05-14T01:09:51.623221,wear-out
apify_756efa4c05f5,data\raw\finance\apify_756efa4c05f5.jpg,0.0667,6.0,False,finance,apify,2026-05-14T01:09:53.781520,cut-out
apify_29663287aed2,data\raw\finance\apify_29663287aed2.jpg,0.3222,29.0,False,finance,apify,2026-05-14T01:09:56.177428,wear-out
apify_fd58848c15bf,data\raw\gaming\apify_fd58848c15bf.jpg,0.0444,4.0,False,gaming,apify,2026-05-14T01:10:00.243616,cut-out
apify_a690b2cda441,data\raw\finance\apify_a690b2cda441.jpg,0.3,27.0,False,finance,apify,2026-05-14T01:10:02.818723,wear-out
apify_8afd34fc6910,data\raw\gaming\apify_8afd34fc6910.jpg,0.0444,4.0,False,gaming,apify,2026-05-14T01:10:05.577163,cut-out
apify_ec281666c55f,data\raw\finance\apify_ec281666c55f.jpg,0.2333,21.0,False,finance,apify,2026-05-14T01:10:08.150310,wear-out
apify_b81661a01773,data\raw\finance\apify_b81661a01773.jpg,0.2,18.0,False,finance,apify,2026-05-14T01:10:10.709808,wear-out
apify_b45bd77e330b,data\raw\finance\apify_b45bd77e330b.jpg,0.6,54.0,False,finance,apify,2026-05-14T01:10:13.159314,wear-out
apify_e45ca7ac2ed9,data\raw\other\apify_e45ca7ac2ed9.jpg,0.3111,28.0,False,other,apify,2026-05-14T01:10:15.709375,wear-out
apify_3064e12066de,data\raw\finance\apify_3064e12066de.jpg,0.4444,40.0,False,finance,apify,2026-05-14T01:10:17.659765,wear-out
apify_e0ff3849f7df,data\raw\gaming\apify_e0ff3849f7df.jpg,0.2778,25.0,False,gaming,apify,2026-05-14T01:10:19.997868,wear-out
apify_6c0e0807fb7f,data\raw\finance\apify_6c0e0807fb7f.jpg,0.3889,35.0,False,finance,apify,2026-05-14T01:10:22.395525,wear-out
apify_3e8dd519290e,data\raw\other\apify_3e8dd519290e.jpg,0.6111,55.0,False,other,apify,2026-05-14T01:10:25.092161,wear-out
apify_38d0b3a9a522,data\raw\gaming\apify_38d0b3a9a522.jpg,0.0444,4.0,False,gaming,apify,2026-05-14T01:10:27.889698,cut-out
apify_7c83257ce7b0,data\raw\finance\apify_7c83257ce7b0.jpg,0.1222,11.0,False,finance,apify,2026-05-14T01:10:30.895267,wear-out
apify_8cc8ac3c1318,data\raw\finance\apify_8cc8ac3c1318.jpg,0.0667,6.0,False,finance,apify,2026-05-14T01:10:32.976338,cut-out
apify_245e097e450e,data\raw\gaming\apify_245e097e450e.jpg,0.1333,12.0,False,gaming,apify,2026-05-14T01:10:35.797640,wear-out
apify_c84e160bff1b,data\raw\finance\apify_c84e160bff1b.jpg,0.1222,11.0,False,finance,apify,2026-05-14T01:10:38.437858,wear-out
apify_fa889c026b56,data\raw\finance\apify_fa889c026b56.jpg,0.3889,35.0,False,finance,apify,2026-05-14T01:10:40.510730,wear-out
apify_61544cffc3db,data\raw\finance\apify_61544cffc3db.jpg,0.4556,41.0,False,finance,apify,2026-05-14T01:10:43.375336,wear-out
apify_3143d1b9798d,data\raw\finance\apify_3143d1b9798d.jpg,0.4111,37.0,False,finance,apify,2026-05-14T01:10:46.369753,wear-out
apify_1a2e3a817fd6,data\raw\other\apify_1a2e3a817fd6.jpg,0.1222,11.0,False,other,apify,2026-05-14T01:10:48.980507,wear-out
apify_7a608fa171cc,data\raw\finance\apify_7a608fa171cc.jpg,0.3889,35.0,False,finance,apify,2026-05-14T01:10:51.470983,wear-out
apify_4b77f1038141,data\raw\finance\apify_4b77f1038141.jpg,0.2222,20.0,False,finance,apify,2026-05-14T01:10:53.020735,wear-out
apify_b40668533848,data\raw\finance\apify_b40668533848.jpg,0.2333,21.0,False,finance,apify,2026-05-14T01:10:55.556656,wear-out
apify_aeef128aab58,data\raw\finance\apify_aeef128aab58.jpg,0.4556,41.0,False,finance,apify,2026-05-14T01:10:58.393767,wear-out
apify_ad0026df95c2,data\raw\finance\apify_ad0026df95c2.jpg,0.3889,35.0,False,finance,apify,2026-05-14T01:11:01.117769,wear-out
apify_c3f919e587f4,data\raw\finance\apify_c3f919e587f4.jpg,0.6,54.0,False,finance,apify,2026-05-14T01:11:03.314776,wear-out
apify_8ac957535391,data\raw\finance\apify_8ac957535391.jpg,0.0444,4.0,False,finance,apify,2026-05-14T01:11:06.160776,cut-out
apify_ec3272a19c9e,data\raw\ecommerce\apify_ec3272a19c9e.jpg,0.0778,7.0,False,ecommerce,apify,2026-05-14T01:11:07.955042,wear-out
apify_8c2a13d14c0b,data\raw\other\apify_8c2a13d14c0b.jpg,0.9778,88.0,False,other,apify,2026-05-14T01:11:10.006950,wear-out
apify_dca0a4dc1dac,data\raw\finance\apify_dca0a4dc1dac.jpg,0.2333,21.0,False,finance,apify,2026-05-14T01:11:12.236840,wear-out
apify_d1fc975ef3f0,data\raw\finance\apify_d1fc975ef3f0.jpg,0.0667,6.0,False,finance,apify,2026-05-14T01:11:14.551484,cut-out
apify_880bbab19d5b,data\raw\finance\apify_880bbab19d5b.jpg,0.0667,6.0,False,finance,apify,2026-05-14T01:11:16.913845,cut-out
apify_4913b5c20485,data\raw\finance\apify_4913b5c20485.jpg,0.2333,21.0,False,finance,apify,2026-05-14T01:11:19.829382,wear-out
apify_c78143a95f4e,data\raw\finance\apify_c78143a95f4e.jpg,0.9222,83.0,False,finance,apify,2026-05-14T01:11:22.216231,wear-out
apify_9f41773bfe56,data\raw\finance\apify_9f41773bfe56.jpg,0.0111,1.0,False,finance,apify,2026-05-14T01:11:24.196413,cut-out
apify_6606cf1b2b92,data\raw\finance\apify_6606cf1b2b92.jpg,0.0667,6.0,False,finance,apify,2026-05-14T01:11:26.543960,cut-out
apify_e55a12117d4c,data\raw\finance\apify_e55a12117d4c.jpg,0.4556,41.0,False,finance,apify,2026-05-14T01:11:31.491297,wear-out
apify_65c947dc7e0f,data\raw\other\apify_65c947dc7e0f.jpg,0.9556,86.0,False,other,apify,2026-05-14T01:11:33.467424,wear-out
apify_45e3e84070f0,data\raw\gaming\apify_45e3e84070f0.jpg,0.0444,4.0,False,gaming,apify,2026-05-14T01:11:36.015124,cut-out
apify_ed8783ddfaee,data\raw\finance\apify_ed8783ddfaee.jpg,0.0222,2.0,False,finance,apify,2026-05-14T01:11:38.136470,cut-out
apify_657330f326b4,data\raw\finance\apify_657330f326b4.jpg,0.3,27.0,False,finance,apify,2026-05-14T01:11:40.213786,wear-out
apify_82f79b3933e7,data\raw\finance\apify_82f79b3933e7.jpg,0.3889,35.0,False,finance,apify,2026-05-14T01:11:42.865105,wear-out
apify_b8169b09b0cf,data\raw\finance\apify_b8169b09b0cf.jpg,0.2778,25.0,False,finance,apify,2026-05-14T01:11:45.039593,wear-out
apify_648de12e4607,data\raw\finance\apify_648de12e4607.jpg,0.0444,4.0,False,finance,apify,2026-05-14T01:11:46.860929,cut-out
apify_2153ef4a0c53,data\raw\finance\apify_2153ef4a0c53.jpg,0.2111,19.0,False,finance,apify,2026-05-14T01:11:49.880906,wear-out
apify_3c63f9ae72a6,data\raw\finance\apify_3c63f9ae72a6.jpg,0.2778,25.0,False,finance,apify,2026-05-14T01:11:54.367540,wear-out
apify_bceed2e9c3bc,data\raw\finance\apify_bceed2e9c3bc.jpg,0.0556,5.0,False,finance,apify,2026-05-14T01:11:57.190245,cut-out
apify_0b08592dffe4,data\raw\other\apify_0b08592dffe4.jpg,0.3889,35.0,False,other,apify,2026-05-14T01:11:59.567367,wear-out
apify_d9be0e875d8e,data\raw\other\apify_d9be0e875d8e.jpg,0.6667,60.0,False,other,apify,2026-05-14T01:12:02.386512,wear-out
apify_23d62bdd9e37,data\raw\finance\apify_23d62bdd9e37.jpg,0.2778,25.0,False,finance,apify,2026-05-14T01:12:04.934869,wear-out
apify_b7e05359a182,data\raw\finance\apify_b7e05359a182.jpg,0.3778,34.0,False,finance,apify,2026-05-14T01:12:07.050285,wear-out
apify_c376fe094f11,data\raw\finance\apify_c376fe094f11.jpg,0.1778,16.0,False,finance,apify,2026-05-14T01:12:09.130827,wear-out
apify_6b718e69fd7b,data\raw\finance\apify_6b718e69fd7b.jpg,0.2556,23.0,False,finance,apify,2026-05-14T01:12:11.047042,wear-out
apify_27f00b9478bf,data\raw\finance\apify_27f00b9478bf.jpg,0.0778,7.0,False,finance,apify,2026-05-14T01:12:13.326066,wear-out
apify_e5ef16446f12,data\raw\finance\apify_e5ef16446f12.jpg,0.2222,20.0,False,finance,apify,2026-05-14T01:12:15.473856,wear-out
apify_fcea528259fb,data\raw\finance\apify_fcea528259fb.jpg,0.0333,3.0,False,finance,apify,2026-05-14T01:12:18.233644,cut-out
apify_728a841e28c1,data\raw\finance\apify_728a841e28c1.jpg,0.1333,12.0,False,finance,apify,2026-05-14T01:12:20.549224,wear-out
apify_de1ce6774e61,data\raw\gaming\apify_de1ce6774e61.jpg,0.3333,30.0,False,gaming,apify,2026-05-14T01:12:23.116686,wear-out
apify_f1ed5b52528b,data\raw\finance\apify_f1ed5b52528b.jpg,0.1111,10.0,False,finance,apify,2026-05-14T01:12:25.349245,wear-out
apify_773c1b54e90c,data\raw\finance\apify_773c1b54e90c.jpg,0.3889,35.0,False,finance,apify,2026-05-14T01:12:28.005861,wear-out
apify_2fca6559b597,data\raw\finance\apify_2fca6559b597.jpg,0.3556,32.0,False,finance,apify,2026-05-14T01:12:29.839079,wear-out
apify_34e2ba227a8a,data\raw\finance\apify_34e2ba227a8a.jpg,0.1444,13.0,False,finance,apify,2026-05-14T01:12:31.835920,wear-out
apify_82603b5ac284,data\raw\finance\apify_82603b5ac284.jpg,0.0889,8.0,False,finance,apify,2026-05-14T01:12:34.290510,wear-out
apify_4429d2e0c2e4,data\raw\other\apify_4429d2e0c2e4.jpg,0.6,54.0,False,other,apify,2026-05-14T01:12:38.688254,wear-out
apify_0d5e91f67c8c,data\raw\finance\apify_0d5e91f67c8c.jpg,0.3667,33.0,False,finance,apify,2026-05-14T01:12:41.359358,wear-out
apify_4c95aaa0a680,data\raw\other\apify_4c95aaa0a680.jpg,0.5333,48.0,False,other,apify,2026-05-14T01:12:44.049030,wear-out
apify_1e63c432d637,data\raw\finance\apify_1e63c432d637.jpg,0.3556,32.0,False,finance,apify,2026-05-14T01:12:46.858917,wear-out
apify_88615fa8dcc6,data\raw\finance\apify_88615fa8dcc6.jpg,0.1556,14.0,False,finance,apify,2026-05-14T01:12:48.854396,wear-out
apify_e9582ca3b553,data\raw\finance\apify_e9582ca3b553.jpg,0.0444,4.0,False,finance,apify,2026-05-14T01:12:50.547937,cut-out
apify_4dc371e17494,data\raw\gaming\apify_4dc371e17494.jpg,0.1444,13.0,False,gaming,apify,2026-05-14T01:12:53.124078,wear-out
apify_dcfedd0f25a8,data\raw\finance\apify_dcfedd0f25a8.jpg,0.1222,11.0,False,finance,apify,2026-05-14T01:12:55.674806,wear-out
apify_a6b446e4534e,data\raw\finance\apify_a6b446e4534e.jpg,0.2444,22.0,False,finance,apify,2026-05-14T01:12:58.243987,wear-out
apify_570aa51a2e23,data\raw\gaming\apify_570aa51a2e23.jpg,0.3444,31.0,False,gaming,apify,2026-05-14T01:13:03.514004,wear-out
apify_03f54f9b9fb9,data\raw\finance\apify_03f54f9b9fb9.jpg,0.2333,21.0,False,finance,apify,2026-05-14T01:13:06.126424,wear-out
apify_efa7ee1a52e8,data\raw\finance\apify_efa7ee1a52e8.jpg,0.1333,12.0,False,finance,apify,2026-05-14T01:13:08.988558,wear-out
apify_f103789bc884,data\raw\finance\apify_f103789bc884.jpg,0.6,54.0,False,finance,apify,2026-05-14T01:13:11.032207,wear-out
apify_964c09ab4e34,data\raw\finance\apify_964c09ab4e34.jpg,0.1222,11.0,False,finance,apify,2026-05-14T01:13:15.151985,wear-out
apify_b00ef33584da,data\raw\gaming\apify_b00ef33584da.jpg,0.0667,6.0,False,gaming,apify,2026-05-14T01:13:17.699702,cut-out
apify_b7f1303fcbfc,data\raw\finance\apify_b7f1303fcbfc.jpg,0.3667,33.0,False,finance,apify,2026-05-14T01:13:20.216089,wear-out
apify_c94f05a94310,data\raw\finance\apify_c94f05a94310.jpg,0.0667,6.0,False,finance,apify,2026-05-14T01:13:22.335712,cut-out
apify_40dd939548e7,data\raw\finance\apify_40dd939548e7.jpg,0.1222,11.0,False,finance,apify,2026-05-14T01:13:24.959548,wear-out
apify_b9769d579c9f,data\raw\finance\apify_b9769d579c9f.jpg,0.0889,8.0,False,finance,apify,2026-05-14T01:13:27.540312,wear-out
apify_9fc6acb04afe,data\raw\finance\apify_9fc6acb04afe.jpg,0.3667,33.0,False,finance,apify,2026-05-14T01:13:29.044359,wear-out
apify_2ca5fcdc3f90,data\raw\gaming\apify_2ca5fcdc3f90.jpg,0.6778,61.0,False,gaming,apify,2026-05-14T01:13:30.563833,wear-out
apify_de0e9fde741f,data\raw\finance\apify_de0e9fde741f.jpg,0.3556,32.0,False,finance,apify,2026-05-14T01:13:32.538037,wear-out
apify_4c9a9eac7685,data\raw\finance\apify_4c9a9eac7685.jpg,0.5,45.0,False,finance,apify,2026-05-14T01:13:35.382805,wear-out
apify_7623d3aee7ba,data\raw\finance\apify_7623d3aee7ba.jpg,0.0778,7.0,False,finance,apify,2026-05-14T01:13:37.898139,wear-out
apify_fe132029546f,data\raw\finance\apify_fe132029546f.jpg,0.0556,5.0,False,finance,apify,2026-05-14T01:13:40.590726,cut-out
apify_f88f1ab3c552,data\raw\finance\apify_f88f1ab3c552.jpg,0.0556,5.0,False,finance,apify,2026-05-14T01:13:42.646189,cut-out
apify_e307b5c9d991,data\raw\finance\apify_e307b5c9d991.jpg,0.6222,56.0,False,finance,apify,2026-05-14T01:13:44.925217,wear-out
apify_a7c66cfc0da1,data\raw\finance\apify_a7c66cfc0da1.jpg,0.0667,6.0,False,finance,apify,2026-05-14T01:13:47.262639,cut-out
apify_f800e3b71096,data\raw\finance\apify_f800e3b71096.jpg,0.2556,23.0,False,finance,apify,2026-05-14T01:13:50.034815,wear-out
apify_78106d327184,data\raw\finance\apify_78106d327184.jpg,0.0667,6.0,False,finance,apify,2026-05-14T01:13:52.390095,cut-out
apify_ad2f3589d937,data\raw\finance\apify_ad2f3589d937.jpg,0.0778,7.0,False,finance,apify,2026-05-14T01:13:54.940081,wear-out
apify_d6e1e3bd099f,data\raw\finance\apify_d6e1e3bd099f.jpg,0.6333,57.0,False,finance,apify,2026-05-14T01:13:57.665120,wear-out
apify_2987fdfc98cf,data\raw\gaming\apify_2987fdfc98cf.jpg,0.1333,12.0,False,gaming,apify,2026-05-14T01:14:02.568350,wear-out
apify_f87abf9a368c,data\raw\finance\apify_f87abf9a368c.jpg,0.0222,2.0,False,finance,apify,2026-05-14T01:14:04.741482,cut-out
apify_54cf8c0b0310,data\raw\finance\apify_54cf8c0b0310.jpg,0.0556,5.0,False,finance,apify,2026-05-14T01:14:06.924912,cut-out
apify_df7b1750f0a9,data\raw\gaming\apify_df7b1750f0a9.jpg,0.1889,17.0,False,gaming,apify,2026-05-14T01:14:10.154087,wear-out
apify_8f4552aa0c17,data\raw\finance\apify_8f4552aa0c17.jpg,0.1222,11.0,False,finance,apify,2026-05-14T01:14:12.290949,wear-out
apify_a254ba36656e,data\raw\finance\apify_a254ba36656e.jpg,0.0556,5.0,False,finance,apify,2026-05-14T01:14:15.082850,cut-out
apify_a70942b7ad3b,data\raw\gaming\apify_a70942b7ad3b.jpg,0.0778,7.0,False,gaming,apify,2026-05-14T01:14:17.558476,wear-out
apify_2ec3bd633e36,data\raw\finance\apify_2ec3bd633e36.jpg,0.5778,52.0,False,finance,apify,2026-05-14T01:14:20.130259,wear-out
apify_4645c0fbf604,data\raw\finance\apify_4645c0fbf604.jpg,0.3222,29.0,False,finance,apify,2026-05-14T01:14:22.647229,wear-out
apify_43d1f275e60b,data\raw\finance\apify_43d1f275e60b.jpg,0.5444,49.0,False,finance,apify,2026-05-14T01:14:25.182929,wear-out
apify_a240fe519508,data\raw\finance\apify_a240fe519508.jpg,0.0667,6.0,False,finance,apify,2026-05-14T01:14:27.444075,cut-out
apify_bf56779766f7,data\raw\other\apify_bf56779766f7.jpg,0.1333,12.0,False,other,apify,2026-05-14T01:14:32.412808,wear-out
apify_01215d62e48e,data\raw\ecommerce\apify_01215d62e48e.jpg,0.9778,88.0,False,ecommerce,apify,2026-05-14T01:14:37.430436,wear-out
apify_13d6c7da2ef1,data\raw\finance\apify_13d6c7da2ef1.jpg,0.1,9.0,False,finance,apify,2026-05-14T01:14:39.809571,wear-out
apify_9114dae14f58,data\raw\finance\apify_9114dae14f58.jpg,0.5889,53.0,False,finance,apify,2026-05-14T01:14:44.330707,wear-out
apify_80dced1bbf89,data\raw\finance\apify_80dced1bbf89.jpg,0.1111,10.0,False,finance,apify,2026-05-14T01:14:46.862014,wear-out
apify_603f68c7c0d8,data\raw\finance\apify_603f68c7c0d8.jpg,0.5889,53.0,False,finance,apify,2026-05-14T01:14:48.869532,wear-out
apify_844754d502b9,data\raw\ecommerce\apify_844754d502b9.jpg,0.9778,88.0,False,ecommerce,apify,2026-05-14T01:14:51.620546,wear-out
apify_a972607be5dd,data\raw\ecommerce\apify_a972607be5dd.jpg,0.1111,10.0,False,ecommerce,apify,2026-05-14T01:14:53.727354,wear-out
apify_40b2d41acca5,data\raw\finance\apify_40b2d41acca5.jpg,0.1222,11.0,False,finance,apify,2026-05-14T01:14:55.863820,wear-out
apify_5f26a98869cf,data\raw\gaming\apify_5f26a98869cf.jpg,0.1778,16.0,False,gaming,apify,2026-05-14T01:14:58.384218,wear-out
apify_ee1da99ad8eb,data\raw\ecommerce\apify_ee1da99ad8eb.jpg,0.0556,5.0,False,ecommerce,apify,2026-05-14T01:15:00.488457,cut-out
apify_9aa78f53172a,data\raw\finance\apify_9aa78f53172a.jpg,0.5333,48.0,False,finance,apify,2026-05-14T01:15:02.435209,wear-out
apify_5dd755d0b556,data\raw\ecommerce\apify_5dd755d0b556.jpg,0.0556,5.0,False,ecommerce,apify,2026-05-14T01:15:04.936281,cut-out
apify_15090e949e64,data\raw\finance\apify_15090e949e64.jpg,0.0778,7.0,False,finance,apify,2026-05-14T01:15:14.357676,wear-out
apify_5a554d5f91ea,data\raw\finance\apify_5a554d5f91ea.jpg,0.6778,61.0,False,finance,apify,2026-05-14T01:15:16.370187,wear-out
apify_2452f8757a1e,data\raw\gaming\apify_2452f8757a1e.jpg,0.1222,11.0,False,gaming,apify,2026-05-14T01:15:19.012401,wear-out
apify_c9d1a222c534,data\raw\finance\apify_c9d1a222c534.jpg,0.0222,2.0,False,finance,apify,2026-05-14T01:15:21.684610,cut-out
apify_e1093bfe700c,data\raw\finance\apify_e1093bfe700c.jpg,0.1556,14.0,False,finance,apify,2026-05-14T01:15:26.304435,wear-out
apify_90bda8bd7dbd,data\raw\gaming\apify_90bda8bd7dbd.jpg,0.9667,87.0,False,gaming,apify,2026-05-14T01:15:28.501073,wear-out
apify_3c312e694ff4,data\raw\finance\apify_3c312e694ff4.jpg,0.0667,6.0,False,finance,apify,2026-05-14T01:15:31.294602,cut-out
apify_35b64b6d8157,data\raw\finance\apify_35b64b6d8157.jpg,0.2222,20.0,False,finance,apify,2026-05-14T01:15:33.980208,wear-out
apify_a27ef24bd3db,data\raw\finance\apify_a27ef24bd3db.jpg,0.0667,6.0,False,finance,apify,2026-05-14T01:15:36.174900,cut-out
apify_570b1fdede16,data\raw\finance\apify_570b1fdede16.jpg,0.0222,2.0,False,finance,apify,2026-05-14T01:15:38.539644,cut-out
apify_7e2805476595,data\raw\finance\apify_7e2805476595.jpg,0.4333,39.0,False,finance,apify,2026-05-14T01:15:40.662420,wear-out
apify_5cdaa12de0e8,data\raw\ecommerce\apify_5cdaa12de0e8.jpg,0.7,63.0,False,ecommerce,apify,2026-05-14T01:15:43.302885,wear-out
apify_e212ac8d9e10,data\raw\gaming\apify_e212ac8d9e10.jpg,0.5,45.0,False,gaming,apify,2026-05-14T01:15:48.195492,wear-out
apify_c3d96930ebf3,data\raw\finance\apify_c3d96930ebf3.jpg,0.1778,16.0,False,finance,apify,2026-05-14T01:15:50.984349,wear-out
apify_cabf65959abe,data\raw\ecommerce\apify_cabf65959abe.jpg,0.0333,3.0,False,ecommerce,apify,2026-05-14T01:15:52.958781,cut-out
apify_265675691536,data\raw\finance\apify_265675691536.jpg,0.0778,7.0,False,finance,apify,2026-05-14T01:15:55.072398,wear-out
apify_1c662301da4b,data\raw\finance\apify_1c662301da4b.jpg,0.1222,11.0,False,finance,apify,2026-05-14T01:15:57.630510,wear-out
apify_ecd45188667e,data\raw\finance\apify_ecd45188667e.jpg,0.3222,29.0,False,finance,apify,2026-05-14T01:15:59.467963,wear-out
apify_55b2f91a046c,data\raw\finance\apify_55b2f91a046c.jpg,0.0556,5.0,False,finance,apify,2026-05-14T01:16:01.624739,cut-out
apify_c7b227c3d44f,data\raw\ecommerce\apify_c7b227c3d44f.jpg,0.1444,13.0,False,ecommerce,apify,2026-05-14T01:16:03.995451,wear-out
apify_66e26fa66bd8,data\raw\gaming\apify_66e26fa66bd8.jpg,0.1222,11.0,False,gaming,apify,2026-05-14T01:16:06.283843,wear-out
apify_c571bc5dd5b8,data\raw\ecommerce\apify_c571bc5dd5b8.jpg,0.1,9.0,False,ecommerce,apify,2026-05-14T01:16:08.907407,wear-out
apify_88d47d074289,data\raw\ecommerce\apify_88d47d074289.jpg,0.2,18.0,False,ecommerce,apify,2026-05-14T01:16:11.802070,wear-out
apify_2210ea65f3e5,data\raw\finance\apify_2210ea65f3e5.jpg,0.1333,12.0,False,finance,apify,2026-05-14T01:16:13.908554,wear-out
apify_bff8b0cb3c42,data\raw\finance\apify_bff8b0cb3c42.jpg,0.4444,40.0,False,finance,apify,2026-05-14T01:16:16.028279,wear-out
apify_dd5efb4b3340,data\raw\finance\apify_dd5efb4b3340.jpg,0.1222,11.0,False,finance,apify,2026-05-14T01:16:18.701953,wear-out
apify_022e0ad81997,data\raw\finance\apify_022e0ad81997.jpg,0.0556,5.0,False,finance,apify,2026-05-14T01:16:21.073323,cut-out
apify_b86d3c902561,data\raw\finance\apify_b86d3c902561.jpg,0.2,18.0,False,finance,apify,2026-05-14T01:16:23.446783,wear-out
apify_5dcca0071c5c,data\raw\finance\apify_5dcca0071c5c.jpg,0.6,54.0,False,finance,apify,2026-05-14T01:16:25.877031,wear-out
apify_fdf3fe18080e,data\raw\other\apify_fdf3fe18080e.jpg,0.0222,2.0,False,other,apify,2026-05-14T01:16:27.925668,cut-out
apify_161d416911d3,data\raw\finance\apify_161d416911d3.jpg,0.0333,3.0,False,finance,apify,2026-05-14T01:16:30.486914,cut-out
apify_4a235fc8c900,data\raw\finance\apify_4a235fc8c900.jpg,0.2778,25.0,False,finance,apify,2026-05-14T01:16:32.908155,wear-out
apify_298d37179a60,data\raw\finance\apify_298d37179a60.jpg,0.0556,5.0,False,finance,apify,2026-05-14T01:16:34.775817,cut-out
apify_37998904a884,data\raw\finance\apify_37998904a884.jpg,0.0333,3.0,False,finance,apify,2026-05-14T01:16:37.424281,cut-out
apify_dcd8c6c683f5,data\raw\finance\apify_dcd8c6c683f5.jpg,0.4444,40.0,False,finance,apify,2026-05-14T01:16:39.877285,wear-out
apify_7392f7eee629,data\raw\finance\apify_7392f7eee629.jpg,0.0667,6.0,False,finance,apify,2026-05-14T01:16:42.430871,cut-out
apify_d02eda6891d2,data\raw\finance\apify_d02eda6891d2.jpg,0.0778,7.0,False,finance,apify,2026-05-14T01:16:44.602963,wear-out
apify_b53299479974,data\raw\finance\apify_b53299479974.jpg,0.0778,7.0,False,finance,apify,2026-05-14T01:16:46.437587,wear-out
apify_04ec263834d0,data\raw\finance\apify_04ec263834d0.jpg,0.0667,6.0,False,finance,apify,2026-05-14T01:16:50.887240,cut-out
apify_024d3362a4b5,data\raw\finance\apify_024d3362a4b5.jpg,0.1,9.0,False,finance,apify,2026-05-14T01:16:53.166770,wear-out
apify_81bb96a2284e,data\raw\finance\apify_81bb96a2284e.jpg,0.4556,41.0,False,finance,apify,2026-05-14T01:16:55.903707,wear-out
apify_279825535df7,data\raw\finance\apify_279825535df7.jpg,0.0556,5.0,False,finance,apify,2026-05-14T01:16:58.136559,cut-out
apify_a547d10edf57,data\raw\other\apify_a547d10edf57.jpg,0.7111,64.0,False,other,apify,2026-05-14T01:17:00.745788,wear-out
apify_25841c85c489,data\raw\finance\apify_25841c85c489.jpg,0.6556,59.0,False,finance,apify,2026-05-14T01:17:02.661561,wear-out
apify_006c18db3095,data\raw\other\apify_006c18db3095.jpg,0.5111,46.0,False,other,apify,2026-05-14T01:17:04.800316,wear-out
apify_3609c22c68c3,data\raw\other\apify_3609c22c68c3.jpg,0.0667,6.0,False,other,apify,2026-05-14T01:17:06.935438,cut-out
apify_f12224e5321b,data\raw\ecommerce\apify_f12224e5321b.jpg,0.1444,13.0,False,ecommerce,apify,2026-05-14T01:17:09.462819,wear-out
apify_123a4d63ab20,data\raw\finance\apify_123a4d63ab20.jpg,0.1222,11.0,False,finance,apify,2026-05-14T01:17:12.250610,wear-out
apify_b9224cb37c36,data\raw\gaming\apify_b9224cb37c36.jpg,0.0444,4.0,False,gaming,apify,2026-05-14T01:17:14.264404,cut-out
apify_46413c5e8d05,data\raw\finance\apify_46413c5e8d05.jpg,0.0667,6.0,False,finance,apify,2026-05-14T01:17:17.015685,cut-out
apify_ff4abc79579c,data\raw\finance\apify_ff4abc79579c.jpg,0.1111,10.0,False,finance,apify,2026-05-14T01:17:19.274593,wear-out
apify_c91d1bb2c17d,data\raw\gaming\apify_c91d1bb2c17d.jpg,0.1333,12.0,False,gaming,apify,2026-05-14T01:17:21.420752,wear-out
apify_0c6d7cf0deba,data\raw\finance\apify_0c6d7cf0deba.jpg,0.2667,24.0,False,finance,apify,2026-05-14T01:17:23.202738,wear-out
apify_42043cf04099,data\raw\finance\apify_42043cf04099.jpg,0.1111,10.0,False,finance,apify,2026-05-14T01:17:26.113661,wear-out
apify_e21f35c4568d,data\raw\finance\apify_e21f35c4568d.jpg,0.0444,4.0,False,finance,apify,2026-05-14T01:17:28.487614,cut-out
apify_1575a0c180cc,data\raw\finance\apify_1575a0c180cc.jpg,0.0444,4.0,False,finance,apify,2026-05-14T01:17:30.660576,cut-out
apify_10cab5e12a1e,data\raw\finance\apify_10cab5e12a1e.jpg,0.1222,11.0,False,finance,apify,2026-05-14T01:17:33.095065,wear-out
apify_1a6a73215725,data\raw\finance\apify_1a6a73215725.jpg,0.0889,8.0,False,finance,apify,2026-05-14T01:17:35.551676,wear-out
apify_91cbf14f6eb9,data\raw\finance\apify_91cbf14f6eb9.jpg,0.0444,4.0,False,finance,apify,2026-05-14T01:17:37.483778,cut-out
apify_375e9505955c,data\raw\finance\apify_375e9505955c.jpg,0.2778,25.0,False,finance,apify,2026-05-14T01:17:40.126819,wear-out
apify_97cd1d4ef2fc,data\raw\finance\apify_97cd1d4ef2fc.jpg,0.0778,7.0,False,finance,apify,2026-05-14T01:17:42.168103,wear-out
apify_eff4f69339e1,data\raw\finance\apify_eff4f69339e1.jpg,0.3889,35.0,False,finance,apify,2026-05-14T01:17:44.525027,wear-out
apify_c62560608315,data\raw\finance\apify_c62560608315.jpg,0.3889,35.0,False,finance,apify,2026-05-14T01:17:48.703948,wear-out
apify_3955a52c8580,data\raw\finance\apify_3955a52c8580.jpg,0.1556,14.0,False,finance,apify,2026-05-14T01:17:51.596493,wear-out
apify_9d9f87fcf8cd,data\raw\finance\apify_9d9f87fcf8cd.jpg,0.0556,5.0,False,finance,apify,2026-05-14T01:17:53.784405,cut-out
apify_93b113f34df7,data\raw\finance\apify_93b113f34df7.jpg,0.1333,12.0,False,finance,apify,2026-05-14T01:17:55.412488,wear-out
apify_86502370f5f6,data\raw\finance\apify_86502370f5f6.jpg,0.3889,35.0,False,finance,apify,2026-05-14T01:17:57.435585,wear-out
apify_b4e9c6b05773,data\raw\finance\apify_b4e9c6b05773.jpg,0.0556,5.0,False,finance,apify,2026-05-14T01:17:59.421598,cut-out
apify_7a6214722f9d,data\raw\ecommerce\apify_7a6214722f9d.jpg,0.0444,4.0,False,ecommerce,apify,2026-05-14T01:18:01.298788,cut-out
apify_b3e2f286468b,data\raw\finance\apify_b3e2f286468b.jpg,0.0889,8.0,False,finance,apify,2026-05-14T01:18:03.199120,wear-out
apify_3ecc7c08cc5d,data\raw\gaming\apify_3ecc7c08cc5d.jpg,0.3889,35.0,False,gaming,apify,2026-05-14T01:18:05.401176,wear-out
apify_a65415a10356,data\raw\finance\apify_a65415a10356.jpg,0.1,9.0,False,finance,apify,2026-05-14T01:18:07.928420,wear-out
apify_719869547045,data\raw\finance\apify_719869547045.jpg,0.0667,6.0,False,finance,apify,2026-05-14T01:18:10.217067,cut-out
apify_235c36458670,data\raw\finance\apify_235c36458670.jpg,0.1667,15.0,False,finance,apify,2026-05-14T01:18:12.563684,wear-out
apify_4b5e616ba3dc,data\raw\ecommerce\apify_4b5e616ba3dc.jpg,0.0222,2.0,False,ecommerce,apify,2026-05-14T01:18:15.140211,cut-out
apify_048bc4544323,data\raw\finance\apify_048bc4544323.jpg,0.0333,3.0,False,finance,apify,2026-05-14T01:18:17.006083,cut-out
apify_f445b85f2073,data\raw\finance\apify_f445b85f2073.jpg,0.1333,12.0,False,finance,apify,2026-05-14T01:18:19.693906,wear-out
apify_2d4fb4f6df13,data\raw\ecommerce\apify_2d4fb4f6df13.jpg,0.9556,86.0,False,ecommerce,apify,2026-05-14T01:18:22.544724,wear-out
apify_1e9ea1d18938,data\raw\gaming\apify_1e9ea1d18938.jpg,0.0556,5.0,False,gaming,apify,2026-05-14T01:18:25.351342,cut-out
apify_a85bb2895384,data\raw\finance\apify_a85bb2895384.jpg,0.1556,14.0,False,finance,apify,2026-05-14T01:18:28.102444,wear-out
apify_b1b071e631e4,data\raw\gaming\apify_b1b071e631e4.jpg,0.1444,13.0,False,gaming,apify,2026-05-14T01:18:30.425661,wear-out
apify_9fd6f52366fc,data\raw\finance\apify_9fd6f52366fc.jpg,0.0667,6.0,False,finance,apify,2026-05-14T01:18:34.367058,cut-out
apify_410feb639089,data\raw\other\apify_410feb639089.jpg,0.0889,8.0,False,other,apify,2026-05-14T01:18:36.691273,wear-out
apify_635a3172fd66,data\raw\finance\apify_635a3172fd66.jpg,0.0778,7.0,False,finance,apify,2026-05-14T01:18:38.444810,wear-out
apify_5ad68dcf1f7b,data\raw\gaming\apify_5ad68dcf1f7b.jpg,0.0667,6.0,False,gaming,apify,2026-05-14T01:18:40.909840,cut-out
apify_140b15e1eace,data\raw\finance\apify_140b15e1eace.jpg,0.0667,6.0,False,finance,apify,2026-05-14T01:18:43.391815,cut-out
apify_c59525361a15,data\raw\finance\apify_c59525361a15.jpg,0.3889,35.0,False,finance,apify,2026-05-14T01:18:46.238434,wear-out
apify_c59dd63a5514,data\raw\ecommerce\apify_c59dd63a5514.jpg,0.0444,4.0,False,ecommerce,apify,2026-05-14T01:18:48.749439,cut-out
apify_a14cc1f4e96a,data\raw\finance\apify_a14cc1f4e96a.jpg,0.0667,6.0,False,finance,apify,2026-05-14T01:18:51.570247,cut-out
apify_81015365c7d9,data\raw\other\apify_81015365c7d9.jpg,0.0444,4.0,False,other,apify,2026-05-14T01:18:53.614611,cut-out
apify_3995a0a10234,data\raw\finance\apify_3995a0a10234.jpg,0.1333,12.0,False,finance,apify,2026-05-14T01:18:55.942468,wear-out
apify_65910ab323cf,data\raw\finance\apify_65910ab323cf.jpg,0.0778,7.0,False,finance,apify,2026-05-14T01:18:57.712610,wear-out
apify_96b497c0c546,data\raw\finance\apify_96b497c0c546.jpg,0.0778,7.0,False,finance,apify,2026-05-14T01:19:00.208072,wear-out
apify_df2cc5652201,data\raw\finance\apify_df2cc5652201.jpg,0.0889,8.0,False,finance,apify,2026-05-14T01:19:03.124946,wear-out
apify_58411fde3c13,data\raw\ecommerce\apify_58411fde3c13.jpg,0.1,9.0,False,ecommerce,apify,2026-05-14T01:19:05.069544,wear-out
apify_491ff773f020,data\raw\finance\apify_491ff773f020.jpg,0.3556,32.0,False,finance,apify,2026-05-14T01:19:08.064475,wear-out
apify_0d652da3a7d8,data\raw\finance\apify_0d652da3a7d8.jpg,0.1111,10.0,False,finance,apify,2026-05-14T01:19:10.424047,wear-out
apify_74cef09ac58a,data\raw\finance\apify_74cef09ac58a.jpg,0.5111,46.0,False,finance,apify,2026-05-14T01:19:15.238155,wear-out
apify_1e24b13cafea,data\raw\finance\apify_1e24b13cafea.jpg,0.1778,16.0,False,finance,apify,2026-05-14T01:19:18.021512,wear-out
apify_9c8d83bea41f,data\raw\finance\apify_9c8d83bea41f.jpg,0.3889,35.0,False,finance,apify,2026-05-14T01:19:20.234948,wear-out
apify_74d88791c6f3,data\raw\finance\apify_74d88791c6f3.jpg,0.0889,8.0,False,finance,apify,2026-05-14T01:19:22.141437,wear-out
apify_6b9708203572,data\raw\other\apify_6b9708203572.jpg,0.0111,1.0,False,other,apify,2026-05-14T01:19:24.485056,cut-out
apify_3df9cb8e9c2c,data\raw\finance\apify_3df9cb8e9c2c.jpg,0.0556,5.0,False,finance,apify,2026-05-14T01:19:26.473235,cut-out
apify_50a0384031f9,data\raw\finance\apify_50a0384031f9.jpg,0.1667,15.0,False,finance,apify,2026-05-14T01:19:28.047966,wear-out
apify_b1f118c0612b,data\raw\gaming\apify_b1f118c0612b.jpg,0.0444,4.0,False,gaming,apify,2026-05-14T01:19:30.906357,cut-out
apify_1bde11cbf90a,data\raw\gaming\apify_1bde11cbf90a.jpg,0.1778,16.0,False,gaming,apify,2026-05-14T01:19:32.904037,wear-out
apify_89c63b06e0be,data\raw\other\apify_89c63b06e0be.jpg,0.5111,46.0,False,other,apify,2026-05-14T01:19:35.347709,wear-out
apify_f396ea2c07f4,data\raw\ecommerce\apify_f396ea2c07f4.jpg,0.0556,5.0,False,ecommerce,apify,2026-05-14T01:19:38.141848,cut-out
apify_54cd1320a2db,data\raw\finance\apify_54cd1320a2db.jpg,0.1,9.0,False,finance,apify,2026-05-14T01:19:40.246215,wear-out
apify_2273f8931821,data\raw\finance\apify_2273f8931821.jpg,0.0889,8.0,False,finance,apify,2026-05-14T01:19:43.208092,wear-out
apify_ed891b823b70,data\raw\ecommerce\apify_ed891b823b70.jpg,0.7,63.0,False,ecommerce,apify,2026-05-14T01:19:45.641072,wear-out
apify_b57f32201154,data\raw\other\apify_b57f32201154.jpg,0.0444,4.0,False,other,apify,2026-05-14T01:19:47.708846,cut-out
apify_ef901c783409,data\raw\other\apify_ef901c783409.jpg,0.0667,6.0,False,other,apify,2026-05-14T01:19:49.653454,cut-out
apify_48e5e33702f1,data\raw\finance\apify_48e5e33702f1.jpg,0.5556,50.0,False,finance,apify,2026-05-14T01:19:52.500459,wear-out
apify_2d1eb23b5f0e,data\raw\finance\apify_2d1eb23b5f0e.jpg,0.5889,53.0,False,finance,apify,2026-05-14T01:19:55.157394,wear-out
apify_0eb502e4fa34,data\raw\finance\apify_0eb502e4fa34.jpg,0.0333,3.0,False,finance,apify,2026-05-14T01:19:57.101223,cut-out
apify_cab678cfd44c,data\raw\other\apify_cab678cfd44c.jpg,0.0667,6.0,False,other,apify,2026-05-14T01:19:58.876680,cut-out
apify_b5f351c8d979,data\raw\other\apify_b5f351c8d979.jpg,0.9111,82.0,False,other,apify,2026-05-14T01:20:00.780235,wear-out
apify_bb5ccd40e62e,data\raw\other\apify_bb5ccd40e62e.jpg,0.1222,11.0,False,other,apify,2026-05-14T01:20:02.772938,wear-out
apify_ee21a28989d6,data\raw\finance\apify_ee21a28989d6.jpg,0.0111,1.0,False,finance,apify,2026-05-14T01:20:04.655909,cut-out
apify_3969d67aaa9c,data\raw\gaming\apify_3969d67aaa9c.jpg,0.2111,19.0,False,gaming,apify,2026-05-14T01:20:06.916712,wear-out
apify_5da5c6464053,data\raw\finance\apify_5da5c6464053.jpg,0.0222,2.0,False,finance,apify,2026-05-14T01:20:09.217130,cut-out
apify_a88a641923bf,data\raw\gaming\apify_a88a641923bf.jpg,0.3222,29.0,False,gaming,apify,2026-05-14T01:20:12.138222,wear-out
apify_2528643f81a7,data\raw\gaming\apify_2528643f81a7.jpg,0.0778,7.0,False,gaming,apify,2026-05-14T01:20:14.057699,wear-out
apify_d9a785519208,data\raw\finance\apify_d9a785519208.jpg,0.3778,34.0,False,finance,apify,2026-05-14T01:20:17.409709,wear-out
apify_4b88711dac55,data\raw\other\apify_4b88711dac55.jpg,0.2444,22.0,False,other,apify,2026-05-14T01:20:19.928494,wear-out
apify_fd03024bc1ef,data\raw\finance\apify_fd03024bc1ef.jpg,0.0667,6.0,False,finance,apify,2026-05-14T01:20:22.333576,cut-out
apify_0ffdca603481,data\raw\finance\apify_0ffdca603481.jpg,0.1111,10.0,False,finance,apify,2026-05-14T01:20:25.035396,wear-out
apify_801dd4a15a5f,data\raw\finance\apify_801dd4a15a5f.jpg,0.3444,31.0,False,finance,apify,2026-05-14T01:20:26.996549,wear-out
apify_c3c3e24a49f8,data\raw\finance\apify_c3c3e24a49f8.jpg,0.0556,5.0,False,finance,apify,2026-05-14T01:20:29.113812,cut-out
apify_a94e7ea1ae71,data\raw\finance\apify_a94e7ea1ae71.jpg,0.0111,1.0,False,finance,apify,2026-05-14T01:20:31.154883,cut-out
apify_4eab80c0a343,data\raw\ecommerce\apify_4eab80c0a343.jpg,0.0667,6.0,False,ecommerce,apify,2026-05-14T01:20:32.735140,cut-out
apify_916bb2c015a4,data\raw\ecommerce\apify_916bb2c015a4.jpg,0.7222,65.0,False,ecommerce,apify,2026-05-14T01:20:34.906139,wear-out
apify_7f82d69281c5,data\raw\finance\apify_7f82d69281c5.jpg,0.0111,1.0,False,finance,apify,2026-05-14T01:20:36.976385,cut-out
apify_3de3e042ee02,data\raw\finance\apify_3de3e042ee02.jpg,0.1333,12.0,False,finance,apify,2026-05-14T01:20:39.521430,wear-out
apify_f93163b289fa,data\raw\ecommerce\apify_f93163b289fa.jpg,0.1444,13.0,False,ecommerce,apify,2026-05-14T01:20:41.401780,wear-out
apify_e1ca1cdde77a,data\raw\finance\apify_e1ca1cdde77a.jpg,0.3778,34.0,False,finance,apify,2026-05-14T01:20:43.629200,wear-out
apify_fb648af28e97,data\raw\gaming\apify_fb648af28e97.jpg,0.1556,14.0,False,gaming,apify,2026-05-14T01:20:46.970530,wear-out
apify_936612063714,data\raw\finance\apify_936612063714.jpg,0.0889,8.0,False,finance,apify,2026-05-14T01:20:48.410136,wear-out
apify_149b63afa1ed,data\raw\other\apify_149b63afa1ed.jpg,0.4556,41.0,False,other,apify,2026-05-14T01:20:50.512193,wear-out
apify_16a4abe0b870,data\raw\gaming\apify_16a4abe0b870.jpg,0.0444,4.0,False,gaming,apify,2026-05-14T01:20:52.602830,cut-out
apify_fc56320fe216,data\raw\finance\apify_fc56320fe216.jpg,0.0222,2.0,False,finance,apify,2026-05-14T01:20:54.349015,cut-out
apify_7fd189b7dbf1,data\raw\finance\apify_7fd189b7dbf1.jpg,0.1778,16.0,False,finance,apify,2026-05-14T01:20:56.877247,wear-out
apify_64968055b8d5,data\raw\other\apify_64968055b8d5.jpg,0.3222,29.0,False,other,apify,2026-05-14T01:20:58.556022,wear-out
apify_f30ca07c7766,data\raw\finance\apify_f30ca07c7766.jpg,0.0667,6.0,False,finance,apify,2026-05-14T01:20:59.879687,cut-out
apify_8a7d35b169c5,data\raw\finance\apify_8a7d35b169c5.jpg,0.4222,38.0,False,finance,apify,2026-05-14T01:21:02.040116,wear-out
apify_3bc85c68238e,data\raw\finance\apify_3bc85c68238e.jpg,0.0556,5.0,False,finance,apify,2026-05-14T01:21:05.008509,cut-out
apify_0039fd0a48a7,data\raw\gaming\apify_0039fd0a48a7.jpg,0.0444,4.0,False,gaming,apify,2026-05-14T01:21:07.787505,cut-out
apify_e698ed218d6a,data\raw\ecommerce\apify_e698ed218d6a.jpg,0.0556,5.0,False,ecommerce,apify,2026-05-14T01:21:10.237072,cut-out
apify_e9be4f65f038,data\raw\finance\apify_e9be4f65f038.jpg,0.0444,4.0,False,finance,apify,2026-05-14T01:21:12.651349,cut-out
apify_d979e00a3304,data\raw\finance\apify_d979e00a3304.jpg,0.3333,30.0,False,finance,apify,2026-05-14T01:21:14.754479,wear-out
apify_fc290ade37d6,data\raw\finance\apify_fc290ade37d6.jpg,0.4111,37.0,False,finance,apify,2026-05-14T01:21:19.714029,wear-out
apify_8a2464b10f54,data\raw\finance\apify_8a2464b10f54.jpg,0.0333,3.0,False,finance,apify,2026-05-14T01:21:21.865383,cut-out
apify_5f97a2745149,data\raw\finance\apify_5f97a2745149.jpg,0.0667,6.0,False,finance,apify,2026-05-14T01:21:23.910264,cut-out
apify_b25cc79001d7,data\raw\finance\apify_b25cc79001d7.jpg,0.0778,7.0,False,finance,apify,2026-05-14T01:21:26.306888,wear-out
apify_895e14c365ad,data\raw\other\apify_895e14c365ad.jpg,0.0333,3.0,False,other,apify,2026-05-14T01:21:28.952770,cut-out
apify_3d07ed9c9ff1,data\raw\finance\apify_3d07ed9c9ff1.jpg,0.3222,29.0,False,finance,apify,2026-05-14T01:21:31.773283,wear-out
apify_b5868386fdd2,data\raw\finance\apify_b5868386fdd2.jpg,0.0444,4.0,False,finance,apify,2026-05-14T01:21:34.354649,cut-out
apify_c6a6ed362d2f,data\raw\finance\apify_c6a6ed362d2f.jpg,0.2444,22.0,False,finance,apify,2026-05-14T01:21:37.365586,wear-out
apify_10cba8e7eddb,data\raw\finance\apify_10cba8e7eddb.jpg,0.1556,14.0,False,finance,apify,2026-05-14T01:21:40.000660,wear-out
apify_5917e7a1f334,data\raw\finance\apify_5917e7a1f334.jpg,0.0444,4.0,False,finance,apify,2026-05-14T01:21:41.986150,cut-out
apify_ab9d2d3fe741,data\raw\finance\apify_ab9d2d3fe741.jpg,0.1444,13.0,False,finance,apify,2026-05-14T01:21:44.972482,wear-out
apify_fb22c5bf62a6,data\raw\other\apify_fb22c5bf62a6.jpg,0.2778,25.0,False,other,apify,2026-05-14T01:21:47.345433,wear-out
apify_7dc09bcf3488,data\raw\finance\apify_7dc09bcf3488.jpg,0.1556,14.0,False,finance,apify,2026-05-14T01:21:49.415565,wear-out
apify_8e8df90b974c,data\raw\finance\apify_8e8df90b974c.jpg,0.4556,41.0,False,finance,apify,2026-05-14T01:21:51.537341,wear-out
apify_34515d7b1884,data\raw\gaming\apify_34515d7b1884.jpg,0.1111,10.0,False,gaming,apify,2026-05-14T01:21:54.704816,wear-out
apify_ba0befe4d908,data\raw\finance\apify_ba0befe4d908.jpg,0.3333,30.0,False,finance,apify,2026-05-14T01:21:56.002269,wear-out
apify_a3a7af1c5040,data\raw\other\apify_a3a7af1c5040.jpg,0.0333,3.0,False,other,apify,2026-05-14T01:21:58.640499,cut-out
apify_d490e607efc6,data\raw\finance\apify_d490e607efc6.jpg,0.1,9.0,False,finance,apify,2026-05-14T01:22:01.347533,wear-out
apify_b77acb5933b0,data\raw\finance\apify_b77acb5933b0.jpg,0.0222,2.0,False,finance,apify,2026-05-14T01:22:03.816917,cut-out
apify_dccaf66ce45a,data\raw\finance\apify_dccaf66ce45a.jpg,0.4,36.0,False,finance,apify,2026-05-14T01:22:06.334911,wear-out
apify_2efb5a2f69ab,data\raw\finance\apify_2efb5a2f69ab.jpg,0.2333,21.0,False,finance,apify,2026-05-14T01:22:08.582250,wear-out
apify_8bf3965c7776,data\raw\finance\apify_8bf3965c7776.jpg,0.0333,3.0,False,finance,apify,2026-05-14T01:22:10.609400,cut-out
apify_18e3241c04d7,data\raw\finance\apify_18e3241c04d7.jpg,0.0444,4.0,False,finance,apify,2026-05-14T01:22:12.480118,cut-out
apify_445bd7aa65fb,data\raw\gaming\apify_445bd7aa65fb.jpg,0.9889,89.0,False,gaming,apify,2026-05-14T01:22:14.554745,wear-out
apify_ec2d42bad709,data\raw\finance\apify_ec2d42bad709.jpg,0.0778,7.0,False,finance,apify,2026-05-14T01:22:16.979671,wear-out
apify_5bec7fc19a9f,data\raw\other\apify_5bec7fc19a9f.jpg,0.0444,4.0,False,other,apify,2026-05-14T01:22:18.935423,cut-out
apify_ce7379b4d2d4,data\raw\finance\apify_ce7379b4d2d4.jpg,0.4,36.0,False,finance,apify,2026-05-14T01:22:21.872917,wear-out
apify_197b199692c8,data\raw\gaming\apify_197b199692c8.jpg,0.1667,15.0,False,gaming,apify,2026-05-14T01:22:23.816895,wear-out
apify_85b46314a600,data\raw\other\apify_85b46314a600.jpg,0.2111,19.0,False,other,apify,2026-05-14T01:22:25.723903,wear-out
apify_f45a28c98007,data\raw\ecommerce\apify_f45a28c98007.jpg,0.2222,20.0,False,ecommerce,apify,2026-05-14T01:22:28.166274,wear-out
apify_5fb8754126f4,data\raw\ecommerce\apify_5fb8754126f4.jpg,0.3111,28.0,False,ecommerce,apify,2026-05-14T01:22:30.741947,wear-out
apify_3bda82599cc7,data\raw\gaming\apify_3bda82599cc7.jpg,0.0111,1.0,False,gaming,apify,2026-05-14T01:22:33.356393,cut-out
apify_27bcee9e8bc2,data\raw\finance\apify_27bcee9e8bc2.jpg,0.0889,8.0,False,finance,apify,2026-05-14T01:22:35.989920,wear-out
apify_226734c9fa5c,data\raw\gaming\apify_226734c9fa5c.jpg,0.1444,13.0,False,gaming,apify,2026-05-14T01:22:38.675167,wear-out
apify_e07bb10e5ae2,data\raw\finance\apify_e07bb10e5ae2.jpg,0.6556,59.0,False,finance,apify,2026-05-14T01:22:40.946115,wear-out
apify_4e06365eb6cb,data\raw\ecommerce\apify_4e06365eb6cb.jpg,0.5889,53.0,False,ecommerce,apify,2026-05-14T01:22:45.480127,wear-out
apify_756c88057407,data\raw\other\apify_756c88057407.jpg,0.6889,62.0,False,other,apify,2026-05-14T01:22:57.735230,wear-out
apify_398dc5cd8ecf,data\raw\other\apify_398dc5cd8ecf.jpg,0.2111,19.0,False,other,apify,2026-05-14T01:23:03.512983,wear-out
apify_7ed0d2af41e8,data\raw\ecommerce\apify_7ed0d2af41e8.jpg,0.2111,19.0,False,ecommerce,apify,2026-05-14T01:23:08.577066,wear-out
apify_6c015f40cc3c,data\raw\ecommerce\apify_6c015f40cc3c.jpg,0.2333,21.0,False,ecommerce,apify,2026-05-14T01:23:25.710352,wear-out
apify_15af9b51b9e9,data\raw\other\apify_15af9b51b9e9.jpg,0.0778,7.0,False,other,apify,2026-05-14T01:23:36.862728,wear-out
apify_c542a27378b2,data\raw\other\apify_c542a27378b2.jpg,0.3222,29.0,False,other,apify,2026-05-14T01:23:44.748948,wear-out
apify_49176c668961,data\raw\gaming\apify_49176c668961.jpg,0.3333,30.0,False,gaming,apify,2026-05-14T01:23:46.898965,wear-out
apify_202083bdc74d,data\raw\other\apify_202083bdc74d.jpg,0.4222,38.0,False,other,apify,2026-05-14T01:23:52.584514,wear-out
apify_c74061298cc9,data\raw\ecommerce\apify_c74061298cc9.jpg,0.0444,4.0,False,ecommerce,apify,2026-05-14T01:23:55.356632,cut-out
apify_1a3ffa6966b1,data\raw\ecommerce\apify_1a3ffa6966b1.jpg,0.0333,3.0,False,ecommerce,apify,2026-05-14T01:23:57.836103,cut-out
apify_307824f64931,data\raw\ecommerce\apify_307824f64931.jpg,0.5889,53.0,False,ecommerce,apify,2026-05-14T01:23:59.938731,wear-out
apify_753e9d48f0c7,data\raw\other\apify_753e9d48f0c7.jpg,0.8111,73.0,False,other,apify,2026-05-14T01:24:07.920262,wear-out
apify_0b6b5e4174a6,data\raw\ecommerce\apify_0b6b5e4174a6.jpg,0.1889,17.0,False,ecommerce,apify,2026-05-14T01:24:13.294815,wear-out
apify_f235917ff4eb,data\raw\gaming\apify_f235917ff4eb.jpg,0.0889,8.0,False,gaming,apify,2026-05-14T01:24:18.628699,wear-out
apify_f2b3204f54a5,data\raw\ecommerce\apify_f2b3204f54a5.jpg,0.0444,4.0,False,ecommerce,apify,2026-05-14T01:24:21.877321,cut-out
apify_cc054c88c011,data\raw\ecommerce\apify_cc054c88c011.jpg,0.0889,8.0,False,ecommerce,apify,2026-05-14T01:24:27.205219,wear-out
apify_4b38fcb4be98,data\raw\gaming\apify_4b38fcb4be98.jpg,0.3222,29.0,False,gaming,apify,2026-05-14T01:24:29.736305,wear-out
apify_3c777cdc48fb,data\raw\other\apify_3c777cdc48fb.jpg,0.3667,33.0,False,other,apify,2026-05-14T01:24:35.008322,wear-out
apify_78798aba982e,data\raw\other\apify_78798aba982e.jpg,0.1667,15.0,False,other,apify,2026-05-14T01:24:37.291075,wear-out
apify_18c8679531b4,data\raw\other\apify_18c8679531b4.jpg,0.1,9.0,False,other,apify,2026-05-14T01:24:45.223026,wear-out
apify_58345230595a,data\raw\other\apify_58345230595a.jpg,0.1778,16.0,False,other,apify,2026-05-14T01:24:47.751560,wear-out
apify_f3dc19da4896,data\raw\gaming\apify_f3dc19da4896.jpg,0.3222,29.0,False,gaming,apify,2026-05-14T01:25:12.030158,wear-out
apify_2a2eb9be8349,data\raw\other\apify_2a2eb9be8349.jpg,0.2,18.0,False,other,apify,2026-05-14T01:25:17.165245,wear-out
apify_576bc5e57cfc,data\raw\other\apify_576bc5e57cfc.jpg,0.1889,17.0,False,other,apify,2026-05-14T01:25:18.938037,wear-out
apify_23372857c665,data\raw\other\apify_23372857c665.jpg,0.2,18.0,False,other,apify,2026-05-14T01:25:21.554811,wear-out
apify_bd16a535a274,data\raw\ecommerce\apify_bd16a535a274.jpg,0.7556,68.0,False,ecommerce,apify,2026-05-14T01:25:24.044304,wear-out
apify_71f992df0d08,data\raw\other\apify_71f992df0d08.jpg,0.1667,15.0,False,other,apify,2026-05-14T01:25:26.763076,wear-out
apify_f846a143ff4a,data\raw\ecommerce\apify_f846a143ff4a.jpg,0.0556,5.0,False,ecommerce,apify,2026-05-14T01:25:30.421659,cut-out
apify_fdc8f326af78,data\raw\gaming\apify_fdc8f326af78.jpg,0.5889,53.0,False,gaming,apify,2026-05-14T01:25:37.371118,wear-out
apify_afaa8b234617,data\raw\ecommerce\apify_afaa8b234617.jpg,0.2778,25.0,False,ecommerce,apify,2026-05-14T01:25:49.023455,wear-out
apify_e77ff8cf17c7,data\raw\other\apify_e77ff8cf17c7.jpg,0.0889,8.0,False,other,apify,2026-05-14T01:25:57.234888,wear-out
apify_437ad2a14ea1,data\raw\ecommerce\apify_437ad2a14ea1.jpg,0.0556,5.0,False,ecommerce,apify,2026-05-14T01:25:59.566887,cut-out
apify_2421197815ec,data\raw\ecommerce\apify_2421197815ec.jpg,0.5889,53.0,False,ecommerce,apify,2026-05-14T01:26:08.756069,wear-out
apify_d6b0972de318,data\raw\other\apify_d6b0972de318.jpg,0.9,81.0,False,other,apify,2026-05-14T01:26:14.423274,wear-out
apify_557a15759e7d,data\raw\other\apify_557a15759e7d.jpg,0.2111,19.0,False,other,apify,2026-05-14T01:26:19.342062,wear-out
apify_4a8db6ecdcca,data\raw\finance\apify_4a8db6ecdcca.jpg,0.0778,7.0,False,finance,apify,2026-05-14T01:26:21.958512,wear-out
apify_b3e624374293,data\raw\gaming\apify_b3e624374293.jpg,0.3,27.0,False,gaming,apify,2026-05-14T01:26:27.680585,wear-out
apify_b4e7521ff541,data\raw\other\apify_b4e7521ff541.jpg,0.2778,25.0,False,other,apify,2026-05-14T01:26:30.197026,wear-out
apify_d4dc1dd07f0b,data\raw\other\apify_d4dc1dd07f0b.jpg,0.2889,26.0,False,other,apify,2026-05-14T01:26:32.650477,wear-out
apify_75806dc76e08,data\raw\other\apify_75806dc76e08.jpg,0.2556,23.0,False,other,apify,2026-05-14T01:26:34.914075,wear-out
apify_d643a117e72a,data\raw\other\apify_d643a117e72a.jpg,0.7889,71.0,False,other,apify,2026-05-14T01:26:37.396387,wear-out
apify_ccde02ed6471,data\raw\ecommerce\apify_ccde02ed6471.jpg,0.8,72.0,False,ecommerce,apify,2026-05-14T01:26:39.205594,wear-out
apify_e92a8fc932e4,data\raw\ecommerce\apify_e92a8fc932e4.jpg,0.8667,78.0,False,ecommerce,apify,2026-05-14T01:26:43.906261,wear-out
apify_27d329cead58,data\raw\other\apify_27d329cead58.jpg,0.2,18.0,False,other,apify,2026-05-14T01:26:47.042428,wear-out
apify_19b21a4be73b,data\raw\ecommerce\apify_19b21a4be73b.jpg,0.3222,29.0,False,ecommerce,apify,2026-05-14T01:26:49.259986,wear-out
apify_e4f852054368,data\raw\gaming\apify_e4f852054368.jpg,0.2,18.0,False,gaming,apify,2026-05-14T01:26:51.559032,wear-out
apify_e7821959f0e4,data\raw\other\apify_e7821959f0e4.jpg,0.2222,20.0,False,other,apify,2026-05-14T01:26:57.357503,wear-out
apify_139d3fad1a12,data\raw\gaming\apify_139d3fad1a12.jpg,0.0444,4.0,False,gaming,apify,2026-05-14T01:26:59.842753,cut-out
apify_08e2c645592e,data\raw\ecommerce\apify_08e2c645592e.jpg,0.0556,5.0,False,ecommerce,apify,2026-05-14T01:27:01.951821,cut-out
apify_fe08e8a4d25c,data\raw\other\apify_fe08e8a4d25c.jpg,0.2,18.0,False,other,apify,2026-05-14T01:27:04.440343,wear-out
apify_a7b25051d931,data\raw\ecommerce\apify_a7b25051d931.jpg,0.0889,8.0,False,ecommerce,apify,2026-05-14T01:27:11.875468,wear-out
apify_0109eb2ba7ac,data\raw\other\apify_0109eb2ba7ac.jpg,0.3556,32.0,False,other,apify,2026-05-14T01:27:23.906487,wear-out
apify_ec562bc66388,data\raw\other\apify_ec562bc66388.jpg,0.4,36.0,False,other,apify,2026-05-14T01:27:28.521048,wear-out
apify_1cc1182d0839,data\raw\other\apify_1cc1182d0839.jpg,0.8444,76.0,False,other,apify,2026-05-14T01:27:41.286675,wear-out
apify_c05ccf78bb9b,data\raw\other\apify_c05ccf78bb9b.jpg,0.0222,2.0,False,other,apify,2026-05-14T01:27:47.605538,cut-out
apify_c7f05cf3b592,data\raw\other\apify_c7f05cf3b592.jpg,0.1444,13.0,False,other,apify,2026-05-14T01:27:49.960354,wear-out
apify_701b8caa94b2,data\raw\ecommerce\apify_701b8caa94b2.jpg,0.0667,6.0,False,ecommerce,apify,2026-05-14T01:27:52.163351,cut-out
apify_a6cd9d517a60,data\raw\ecommerce\apify_a6cd9d517a60.jpg,0.0778,7.0,False,ecommerce,apify,2026-05-14T01:27:55.085361,wear-out
apify_0936f5e539e3,data\raw\other\apify_0936f5e539e3.jpg,0.1222,11.0,False,other,apify,2026-05-14T01:27:59.224658,wear-out
apify_7f951a47db38,data\raw\other\apify_7f951a47db38.jpg,0.1556,14.0,False,other,apify,2026-05-14T01:28:02.983247,wear-out
apify_991146488214,data\raw\other\apify_991146488214.jpg,0.2,18.0,False,other,apify,2026-05-14T01:28:16.270457,wear-out
apify_f424a3539c04,data\raw\gaming\apify_f424a3539c04.jpg,0.0667,6.0,False,gaming,apify,2026-05-14T01:28:40.331508,cut-out
apify_1a4ef37fb3ef,data\raw\ecommerce\apify_1a4ef37fb3ef.jpg,0.0889,8.0,False,ecommerce,apify,2026-05-14T01:28:43.162724,wear-out
apify_88287f8c6837,data\raw\other\apify_88287f8c6837.jpg,0.6333,57.0,False,other,apify,2026-05-14T01:28:46.302670,wear-out
apify_ea81619c2584,data\raw\gaming\apify_ea81619c2584.jpg,0.0889,8.0,False,gaming,apify,2026-05-14T01:28:48.698390,wear-out
apify_c58da40cac51,data\raw\ecommerce\apify_c58da40cac51.jpg,0.0889,8.0,False,ecommerce,apify,2026-05-14T01:28:51.090091,wear-out
apify_d40901530617,data\raw\ecommerce\apify_d40901530617.jpg,0.0111,1.0,False,ecommerce,apify,2026-05-14T01:28:53.418368,cut-out
apify_b577efbee8f8,data\raw\other\apify_b577efbee8f8.jpg,0.0222,2.0,False,other,apify,2026-05-14T01:28:56.118284,cut-out
apify_70858fffe3a9,data\raw\other\apify_70858fffe3a9.jpg,0.3222,29.0,False,other,apify,2026-05-14T01:28:58.606310,wear-out
apify_355ad5851ca8,data\raw\ecommerce\apify_355ad5851ca8.jpg,0.6778,61.0,False,ecommerce,apify,2026-05-14T01:29:01.505634,wear-out
apify_7708a32c4617,data\raw\other\apify_7708a32c4617.jpg,0.6556,59.0,False,other,apify,2026-05-14T01:29:09.551995,wear-out
apify_4d0696492e0f,data\raw\ecommerce\apify_4d0696492e0f.jpg,0.2222,20.0,False,ecommerce,apify,2026-05-14T01:29:11.780252,wear-out
apify_226952a0e702,data\raw\ecommerce\apify_226952a0e702.jpg,0.0889,8.0,False,ecommerce,apify,2026-05-14T01:29:13.806223,wear-out
apify_a4ec33d56f9b,data\raw\other\apify_a4ec33d56f9b.jpg,0.0889,8.0,False,other,apify,2026-05-14T01:29:19.183172,wear-out
apify_1e8e505d724c,data\raw\ecommerce\apify_1e8e505d724c.jpg,0.5333,48.0,False,ecommerce,apify,2026-05-14T01:29:21.145689,wear-out
apify_02e09349c15a,data\raw\other\apify_02e09349c15a.jpg,0.7222,65.0,False,other,apify,2026-05-14T01:29:23.773248,wear-out
apify_b7eb90645ad5,data\raw\ecommerce\apify_b7eb90645ad5.jpg,0.8333,75.0,False,ecommerce,apify,2026-05-14T01:29:26.213174,wear-out
apify_e6033faf594d,data\raw\ecommerce\apify_e6033faf594d.jpg,0.1,9.0,False,ecommerce,apify,2026-05-14T01:29:30.520369,wear-out
apify_11be71aa784d,data\raw\gaming\apify_11be71aa784d.jpg,0.6222,56.0,False,gaming,apify,2026-05-14T01:29:32.961253,wear-out
apify_fc3cef4a19a2,data\raw\ecommerce\apify_fc3cef4a19a2.jpg,0.0889,8.0,False,ecommerce,apify,2026-05-14T01:29:35.449002,wear-out
apify_991bdca2e34e,data\raw\finance\apify_991bdca2e34e.jpg,0.5444,49.0,False,finance,apify,2026-05-14T01:29:37.901347,wear-out
apify_47bedeb191a0,data\raw\ecommerce\apify_47bedeb191a0.jpg,0.2778,25.0,False,ecommerce,apify,2026-05-14T01:29:46.726911,wear-out
apify_f91a81b2b3ef,data\raw\ecommerce\apify_f91a81b2b3ef.jpg,0.2,18.0,False,ecommerce,apify,2026-05-14T01:29:49.475749,wear-out
apify_4f7d836609d6,data\raw\other\apify_4f7d836609d6.jpg,0.6,54.0,False,other,apify,2026-05-14T01:29:51.470756,wear-out
apify_9e6e14e2407b,data\raw\ecommerce\apify_9e6e14e2407b.jpg,0.0556,5.0,False,ecommerce,apify,2026-05-14T01:30:04.536280,cut-out
apify_314eea72c2ba,data\raw\other\apify_314eea72c2ba.jpg,0.4333,39.0,False,other,apify,2026-05-14T01:30:07.465879,wear-out
apify_419624111241,data\raw\ecommerce\apify_419624111241.jpg,0.0444,4.0,False,ecommerce,apify,2026-05-14T01:30:09.981305,cut-out
apify_3a234fd3fc73,data\raw\finance\apify_3a234fd3fc73.jpg,0.0778,7.0,False,finance,apify,2026-05-14T01:30:12.535664,wear-out
apify_9cea46ae30e7,data\raw\other\apify_9cea46ae30e7.jpg,0.1667,15.0,False,other,apify,2026-05-14T01:30:14.564116,wear-out
apify_28e7012cd965,data\raw\ecommerce\apify_28e7012cd965.jpg,0.0889,8.0,False,ecommerce,apify,2026-05-14T01:30:17.673235,wear-out
apify_119dec96da52,data\raw\other\apify_119dec96da52.jpg,0.7778,70.0,False,other,apify,2026-05-14T01:30:19.524413,wear-out
apify_cc2c075ffaf2,data\raw\other\apify_cc2c075ffaf2.jpg,0.3556,32.0,False,other,apify,2026-05-14T01:30:22.317798,wear-out
apify_0499baa31919,data\raw\other\apify_0499baa31919.jpg,0.7333,66.0,False,other,apify,2026-05-14T01:30:33.040347,wear-out
apify_b8fe6752a424,data\raw\ecommerce\apify_b8fe6752a424.jpg,0.8111,73.0,False,ecommerce,apify,2026-05-14T01:30:35.638184,wear-out
apify_32fcc5fa4fcc,data\raw\other\apify_32fcc5fa4fcc.jpg,0.3667,33.0,False,other,apify,2026-05-14T01:30:38.217128,wear-out
apify_9b761f7134b5,data\raw\other\apify_9b761f7134b5.jpg,0.8667,78.0,False,other,apify,2026-05-14T01:30:48.298103,wear-out
apify_73c608b04cc1,data\raw\other\apify_73c608b04cc1.jpg,0.6222,56.0,False,other,apify,2026-05-14T01:30:51.496686,wear-out
apify_de760c0cd735,data\raw\other\apify_de760c0cd735.jpg,0.2222,20.0,False,other,apify,2026-05-14T01:30:54.833116,wear-out
apify_4078a1657132,data\raw\ecommerce\apify_4078a1657132.jpg,0.2,18.0,False,ecommerce,apify,2026-05-14T01:30:57.099815,wear-out
apify_72fe139b5da3,data\raw\other\apify_72fe139b5da3.jpg,0.1444,13.0,False,other,apify,2026-05-14T01:30:59.897896,wear-out
apify_c65cf6849f6c,data\raw\ecommerce\apify_c65cf6849f6c.jpg,0.1333,12.0,False,ecommerce,apify,2026-05-14T01:31:02.767030,wear-out
apify_fb465cd88bab,data\raw\ecommerce\apify_fb465cd88bab.jpg,0.2444,22.0,False,ecommerce,apify,2026-05-14T01:31:04.728232,wear-out
apify_6076a20b0aab,data\raw\ecommerce\apify_6076a20b0aab.jpg,0.4556,41.0,False,ecommerce,apify,2026-05-14T01:31:10.407040,wear-out
apify_c730fa2a4851,data\raw\other\apify_c730fa2a4851.jpg,0.0333,3.0,False,other,apify,2026-05-14T01:31:12.526072,cut-out
apify_c58fa0488557,data\raw\other\apify_c58fa0488557.jpg,0.8333,75.0,False,other,apify,2026-05-14T01:31:17.463853,wear-out
apify_5c352a560197,data\raw\ecommerce\apify_5c352a560197.jpg,0.0556,5.0,False,ecommerce,apify,2026-05-14T01:31:20.216349,cut-out
apify_d7686724d870,data\raw\ecommerce\apify_d7686724d870.jpg,0.8778,79.0,False,ecommerce,apify,2026-05-14T01:31:22.491309,wear-out
apify_f8580f3f27a3,data\raw\other\apify_f8580f3f27a3.jpg,0.1778,16.0,False,other,apify,2026-05-14T01:31:24.137239,wear-out
apify_44ada1ada35d,data\raw\other\apify_44ada1ada35d.jpg,0.1222,11.0,False,other,apify,2026-05-14T01:31:29.222426,wear-out
apify_34aa7cafd74c,data\raw\gaming\apify_34aa7cafd74c.jpg,0.3,27.0,False,gaming,apify,2026-05-14T01:31:31.075133,wear-out
apify_38b796b1b1bd,data\raw\other\apify_38b796b1b1bd.jpg,0.1333,12.0,False,other,apify,2026-05-14T01:31:34.024373,wear-out
apify_fc848016a306,data\raw\ecommerce\apify_fc848016a306.jpg,0.2222,20.0,False,ecommerce,apify,2026-05-14T01:31:41.050352,wear-out
apify_2c6c9f39a624,data\raw\other\apify_2c6c9f39a624.jpg,0.8222,74.0,False,other,apify,2026-05-14T01:31:48.224108,wear-out
apify_69b0271ac884,data\raw\ecommerce\apify_69b0271ac884.jpg,0.1778,16.0,False,ecommerce,apify,2026-05-14T01:31:50.731555,wear-out
apify_fcaf34733d45,data\raw\other\apify_fcaf34733d45.jpg,0.0333,3.0,False,other,apify,2026-05-14T01:31:53.328623,cut-out
apify_8b73507341b7,data\raw\gaming\apify_8b73507341b7.jpg,0.0556,5.0,False,gaming,apify,2026-05-14T01:32:06.201423,cut-out
apify_3efed3dc197a,data\raw\gaming\apify_3efed3dc197a.jpg,0.6,54.0,False,gaming,apify,2026-05-14T01:32:08.961994,wear-out
apify_b277b2d41692,data\raw\other\apify_b277b2d41692.jpg,0.1444,13.0,False,other,apify,2026-05-14T01:32:16.435002,wear-out
apify_7090aa7a526f,data\raw\ecommerce\apify_7090aa7a526f.jpg,0.1667,15.0,False,ecommerce,apify,2026-05-14T01:32:21.133579,wear-out
apify_b8c8d41d291a,data\raw\ecommerce\apify_b8c8d41d291a.jpg,0.2222,20.0,False,ecommerce,apify,2026-05-14T01:32:27.113604,wear-out
apify_d3ed0e91d0e1,data\raw\ecommerce\apify_d3ed0e91d0e1.jpg,0.4,36.0,False,ecommerce,apify,2026-05-14T01:32:30.089666,wear-out
apify_4cf622447004,data\raw\gaming\apify_4cf622447004.jpg,0.3556,32.0,False,gaming,apify,2026-05-14T01:32:34.963932,wear-out
apify_5f735b9e0e04,data\raw\ecommerce\apify_5f735b9e0e04.jpg,0.1,9.0,False,ecommerce,apify,2026-05-14T01:32:37.529492,wear-out
apify_0e89fd54945d,data\raw\ecommerce\apify_0e89fd54945d.jpg,0.0889,8.0,False,ecommerce,apify,2026-05-14T01:32:42.526476,wear-out
apify_464efc1e6840,data\raw\ecommerce\apify_464efc1e6840.jpg,0.0444,4.0,False,ecommerce,apify,2026-05-14T01:32:50.037407,cut-out
apify_f2a2a52d9250,data\raw\other\apify_f2a2a52d9250.jpg,0.0333,3.0,False,other,apify,2026-05-14T01:32:58.281021,cut-out
apify_bdf01be6e191,data\raw\other\apify_bdf01be6e191.jpg,0.0333,3.0,False,other,apify,2026-05-14T01:33:03.141235,cut-out
apify_fcfbca35d93b,data\raw\gaming\apify_fcfbca35d93b.jpg,0.0889,8.0,False,gaming,apify,2026-05-14T01:33:08.807459,wear-out
apify_3e0117c115ba,data\raw\gaming\apify_3e0117c115ba.jpg,0.0222,2.0,False,gaming,apify,2026-05-14T01:33:10.963054,cut-out
apify_e6a7b91949ee,data\raw\ecommerce\apify_e6a7b91949ee.jpg,0.1556,14.0,False,ecommerce,apify,2026-05-14T01:33:13.222776,wear-out
apify_5984bf8051f1,data\raw\other\apify_5984bf8051f1.jpg,0.1333,12.0,False,other,apify,2026-05-14T01:33:16.351916,wear-out
apify_e5b9baff8cf5,data\raw\ecommerce\apify_e5b9baff8cf5.jpg,0.0333,3.0,False,ecommerce,apify,2026-05-14T01:33:21.324916,cut-out
apify_23d903b35385,data\raw\ecommerce\apify_23d903b35385.jpg,0.1111,10.0,False,ecommerce,apify,2026-05-14T01:33:26.241783,wear-out
apify_053ea29d3a78,data\raw\ecommerce\apify_053ea29d3a78.jpg,0.0333,3.0,False,ecommerce,apify,2026-05-14T01:33:37.849474,cut-out
apify_ec93c7c7e494,data\raw\ecommerce\apify_ec93c7c7e494.jpg,0.0556,5.0,False,ecommerce,apify,2026-05-14T01:33:40.468557,cut-out
apify_d8ff17086377,data\raw\gaming\apify_d8ff17086377.jpg,0.0111,1.0,False,gaming,apify,2026-05-14T01:33:50.875739,cut-out
apify_07bfcba9cb6a,data\raw\gaming\apify_07bfcba9cb6a.jpg,0.0222,2.0,False,gaming,apify,2026-05-14T01:33:53.584112,cut-out
apify_9598a90899d1,data\raw\other\apify_9598a90899d1.jpg,0.1222,11.0,False,other,apify,2026-05-14T01:33:55.824425,wear-out
apify_d7eac45308d0,data\raw\gaming\apify_d7eac45308d0.jpg,0.0556,5.0,False,gaming,apify,2026-05-14T01:33:58.253965,cut-out
apify_da97b088db98,data\raw\ecommerce\apify_da97b088db98.jpg,0.2556,23.0,False,ecommerce,apify,2026-05-14T01:34:01.450863,wear-out
apify_0615065e7b69,data\raw\other\apify_0615065e7b69.jpg,0.5111,46.0,False,other,apify,2026-05-14T01:34:03.356658,wear-out
apify_9c7ef808c7de,data\raw\ecommerce\apify_9c7ef808c7de.jpg,0.0333,3.0,False,ecommerce,apify,2026-05-14T01:34:05.592318,cut-out
apify_04b6aec403b8,data\raw\gaming\apify_04b6aec403b8.jpg,0.0556,5.0,False,gaming,apify,2026-05-14T01:34:11.775687,cut-out
apify_5065a90087e7,data\raw\other\apify_5065a90087e7.jpg,0.2556,23.0,False,other,apify,2026-05-14T01:34:20.214176,wear-out
apify_586c092d50fe,data\raw\ecommerce\apify_586c092d50fe.jpg,0.7222,65.0,False,ecommerce,apify,2026-05-14T01:34:24.997923,wear-out
apify_06e2bc514fcd,data\raw\ecommerce\apify_06e2bc514fcd.jpg,0.6111,55.0,False,ecommerce,apify,2026-05-14T01:34:30.661749,wear-out
apify_f05276e09baa,data\raw\finance\apify_f05276e09baa.jpg,0.4778,43.0,False,finance,apify,2026-05-14T01:34:33.538208,wear-out
apify_1934b98b7032,data\raw\gaming\apify_1934b98b7032.jpg,0.2667,24.0,False,gaming,apify,2026-05-14T01:34:43.225514,wear-out
apify_639cea3f9f18,data\raw\finance\apify_639cea3f9f18.jpg,0.7889,71.0,False,finance,apify,2026-05-14T01:34:48.908320,wear-out
apify_f55ee55d26c0,data\raw\ecommerce\apify_f55ee55d26c0.jpg,0.4111,37.0,False,ecommerce,apify,2026-05-14T01:34:51.775027,wear-out
apify_3051f870eebd,data\raw\ecommerce\apify_3051f870eebd.jpg,0.1,9.0,False,ecommerce,apify,2026-05-14T01:35:00.575039,wear-out
apify_11946f455cf3,data\raw\gaming\apify_11946f455cf3.jpg,0.1556,14.0,False,gaming,apify,2026-05-14T01:35:02.798515,wear-out
apify_4cb75bcf7115,data\raw\other\apify_4cb75bcf7115.jpg,0.7778,70.0,False,other,apify,2026-05-14T01:35:09.394649,wear-out
apify_d0adef554a24,data\raw\gaming\apify_d0adef554a24.jpg,0.8222,74.0,False,gaming,apify,2026-05-14T01:35:12.307233,wear-out
apify_5611b15bde34,data\raw\other\apify_5611b15bde34.jpg,0.8,72.0,False,other,apify,2026-05-14T01:35:17.873928,wear-out
apify_24f8f5f01f93,data\raw\ecommerce\apify_24f8f5f01f93.jpg,0.0667,6.0,False,ecommerce,apify,2026-05-14T01:35:26.565588,cut-out
apify_4e7fac1f2a64,data\raw\gaming\apify_4e7fac1f2a64.jpg,0.0778,7.0,False,gaming,apify,2026-05-14T01:35:28.834086,wear-out
apify_e049138d5af5,data\raw\gaming\apify_e049138d5af5.jpg,0.6222,56.0,False,gaming,apify,2026-05-14T01:35:31.567050,wear-out
apify_ae7448f9db2f,data\raw\ecommerce\apify_ae7448f9db2f.jpg,0.0333,3.0,False,ecommerce,apify,2026-05-14T01:35:34.624850,cut-out
apify_572c0d42122d,data\raw\ecommerce\apify_572c0d42122d.jpg,0.0333,3.0,False,ecommerce,apify,2026-05-14T01:35:36.474840,cut-out
apify_3252d2a7ccf0,data\raw\gaming\apify_3252d2a7ccf0.jpg,0.2444,22.0,False,gaming,apify,2026-05-14T01:35:41.327849,wear-out
apify_84d592c5db9a,data\raw\finance\apify_84d592c5db9a.jpg,0.2444,22.0,False,finance,apify,2026-05-14T01:35:47.852401,wear-out
apify_cfae448ff68e,data\raw\other\apify_cfae448ff68e.jpg,0.0556,5.0,False,other,apify,2026-05-14T01:35:50.968530,cut-out
apify_9df361dc13a5,data\raw\ecommerce\apify_9df361dc13a5.jpg,0.2444,22.0,False,ecommerce,apify,2026-05-14T01:35:53.216516,wear-out
apify_056776b3fad8,data\raw\other\apify_056776b3fad8.jpg,0.1333,12.0,False,other,apify,2026-05-14T01:35:59.863305,wear-out
apify_c3170e08bf09,data\raw\ecommerce\apify_c3170e08bf09.jpg,0.4,36.0,False,ecommerce,apify,2026-05-14T01:36:06.655897,wear-out
apify_bf9e35cdd372,data\raw\other\apify_bf9e35cdd372.jpg,0.3222,29.0,False,other,apify,2026-05-14T01:36:15.596746,wear-out
apify_ed44c111babe,data\raw\gaming\apify_ed44c111babe.jpg,0.4333,39.0,False,gaming,apify,2026-05-14T01:36:18.632484,wear-out
apify_3c934096062d,data\raw\ecommerce\apify_3c934096062d.jpg,0.0222,2.0,False,ecommerce,apify,2026-05-14T01:36:23.739543,cut-out
apify_e8e4e027f6c1,data\raw\ecommerce\apify_e8e4e027f6c1.jpg,0.5444,49.0,False,ecommerce,apify,2026-05-14T01:36:30.007673,wear-out
apify_e69a52469db1,data\raw\ecommerce\apify_e69a52469db1.jpg,0.7778,70.0,False,ecommerce,apify,2026-05-14T01:36:41.131775,wear-out
apify_6b20966ad7d5,data\raw\finance\apify_6b20966ad7d5.jpg,0.7889,71.0,False,finance,apify,2026-05-14T01:36:49.456912,wear-out
apify_f22daf33370a,data\raw\ecommerce\apify_f22daf33370a.jpg,0.3444,31.0,False,ecommerce,apify,2026-05-14T01:36:55.374235,wear-out
apify_2c6680d8c845,data\raw\other\apify_2c6680d8c845.jpg,0.1556,14.0,False,other,apify,2026-05-14T01:37:02.971973,wear-out
apify_ef29ec6e5407,data\raw\other\apify_ef29ec6e5407.jpg,0.5222,47.0,False,other,apify,2026-05-14T01:37:06.023210,wear-out
apify_9bf342300052,data\raw\other\apify_9bf342300052.jpg,0.4444,40.0,False,other,apify,2026-05-14T01:37:08.066065,wear-out
apify_e3428157c455,data\raw\other\apify_e3428157c455.jpg,0.1889,17.0,False,other,apify,2026-05-14T01:37:15.869677,wear-out
apify_cd83ab778c30,data\raw\other\apify_cd83ab778c30.jpg,0.5556,50.0,False,other,apify,2026-05-14T01:37:17.927327,wear-out
apify_8be31fbd4774,data\raw\ecommerce\apify_8be31fbd4774.jpg,0.0333,3.0,False,ecommerce,apify,2026-05-14T01:37:20.322239,cut-out
apify_f0318b0027d5,data\raw\ecommerce\apify_f0318b0027d5.jpg,0.5222,47.0,False,ecommerce,apify,2026-05-14T01:37:23.365844,wear-out
apify_daf915168421,data\raw\ecommerce\apify_daf915168421.jpg,0.0444,4.0,False,ecommerce,apify,2026-05-14T01:37:25.249444,cut-out
apify_8a1025e81091,data\raw\ecommerce\apify_8a1025e81091.jpg,0.5333,48.0,False,ecommerce,apify,2026-05-14T01:37:27.340179,wear-out
apify_cf92e0fc6062,data\raw\ecommerce\apify_cf92e0fc6062.jpg,0.1889,17.0,False,ecommerce,apify,2026-05-14T01:37:35.789715,wear-out
apify_c020f39d1c9f,data\raw\ecommerce\apify_c020f39d1c9f.jpg,0.0667,6.0,False,ecommerce,apify,2026-05-14T01:37:38.236389,cut-out
apify_da39b57a5774,data\raw\gaming\apify_da39b57a5774.jpg,0.2778,25.0,False,gaming,apify,2026-05-14T01:37:45.269835,wear-out
apify_374644ac9a94,data\raw\ecommerce\apify_374644ac9a94.jpg,0.0556,5.0,False,ecommerce,apify,2026-05-14T01:37:47.436076,cut-out
apify_52066020ea0a,data\raw\other\apify_52066020ea0a.jpg,0.0333,3.0,False,other,apify,2026-05-14T01:37:50.557331,cut-out
apify_0a1ec92c881f,data\raw\ecommerce\apify_0a1ec92c881f.jpg,0.4778,43.0,False,ecommerce,apify,2026-05-14T01:37:55.594675,wear-out
apify_4f9991b05835,data\raw\other\apify_4f9991b05835.jpg,0.1889,17.0,False,other,apify,2026-05-14T01:38:03.122829,wear-out
apify_1be67279b2d2,data\raw\other\apify_1be67279b2d2.jpg,0.2667,24.0,False,other,apify,2026-05-14T01:38:05.861319,wear-out
apify_02d0dbf41ab6,data\raw\other\apify_02d0dbf41ab6.jpg,0.1444,13.0,False,other,apify,2026-05-14T01:38:08.598077,wear-out
apify_9df84e290b7e,data\raw\gaming\apify_9df84e290b7e.jpg,0.1222,11.0,False,gaming,apify,2026-05-14T01:38:11.048377,wear-out
apify_3d50b633b02d,data\raw\other\apify_3d50b633b02d.jpg,0.7889,71.0,False,other,apify,2026-05-14T01:38:15.860813,wear-out
apify_191c046eca50,data\raw\other\apify_191c046eca50.jpg,0.3,27.0,False,other,apify,2026-05-14T01:38:18.439158,wear-out
apify_27d36a5463a3,data\raw\gaming\apify_27d36a5463a3.jpg,0.3,27.0,False,gaming,apify,2026-05-14T01:38:21.656300,wear-out
apify_c86c64281c90,data\raw\ecommerce\apify_c86c64281c90.jpg,0.0556,5.0,False,ecommerce,apify,2026-05-14T01:38:23.966912,cut-out
apify_c792896431fc,data\raw\ecommerce\apify_c792896431fc.jpg,0.8556,77.0,False,ecommerce,apify,2026-05-14T01:38:29.134573,wear-out
apify_b03cd9d91cb8,data\raw\gaming\apify_b03cd9d91cb8.jpg,0.5222,47.0,False,gaming,apify,2026-05-14T01:38:34.319215,wear-out
apify_a747e02b3947,data\raw\ecommerce\apify_a747e02b3947.jpg,0.5444,49.0,False,ecommerce,apify,2026-05-14T01:38:36.663055,wear-out
apify_ca78d0838072,data\raw\other\apify_ca78d0838072.jpg,0.2111,19.0,False,other,apify,2026-05-14T01:38:39.460929,wear-out
apify_1fc1748c2330,data\raw\gaming\apify_1fc1748c2330.jpg,0.3222,29.0,False,gaming,apify,2026-05-14T01:38:43.876591,wear-out
apify_ba46251ce6b0,data\raw\ecommerce\apify_ba46251ce6b0.jpg,0.4778,43.0,False,ecommerce,apify,2026-05-14T01:38:46.659514,wear-out
apify_cf707325a683,data\raw\ecommerce\apify_cf707325a683.jpg,0.0778,7.0,False,ecommerce,apify,2026-05-14T01:38:51.121984,wear-out
apify_b535922095eb,data\raw\ecommerce\apify_b535922095eb.jpg,0.1556,14.0,False,ecommerce,apify,2026-05-14T01:38:54.385662,wear-out
apify_d92482c94367,data\raw\ecommerce\apify_d92482c94367.jpg,0.4,36.0,False,ecommerce,apify,2026-05-14T01:39:07.036052,wear-out
apify_c734ed88e8a8,data\raw\gaming\apify_c734ed88e8a8.jpg,0.2222,20.0,False,gaming,apify,2026-05-14T01:39:09.430056,wear-out
apify_46b52200edfe,data\raw\other\apify_46b52200edfe.jpg,0.1556,14.0,False,other,apify,2026-05-14T01:39:13.765464,wear-out
apify_77e4d66765d4,data\raw\ecommerce\apify_77e4d66765d4.jpg,0.1778,16.0,False,ecommerce,apify,2026-05-14T01:39:16.038937,wear-out
apify_c0148e49e1ef,data\raw\other\apify_c0148e49e1ef.jpg,0.0222,2.0,False,other,apify,2026-05-14T01:39:17.966546,cut-out
apify_0d985d7cbecd,data\raw\ecommerce\apify_0d985d7cbecd.jpg,0.1444,13.0,False,ecommerce,apify,2026-05-14T01:39:20.416829,wear-out
apify_cf67e9f7ad56,data\raw\other\apify_cf67e9f7ad56.jpg,0.7333,66.0,False,other,apify,2026-05-14T01:39:22.449432,wear-out
apify_5bd14955c2fd,data\raw\ecommerce\apify_5bd14955c2fd.jpg,0.7778,70.0,False,ecommerce,apify,2026-05-14T01:39:26.067353,wear-out
apify_b15246f5b9c9,data\raw\other\apify_b15246f5b9c9.jpg,0.4111,37.0,False,other,apify,2026-05-14T01:39:28.503656,wear-out
apify_ec794e6a57c9,data\raw\ecommerce\apify_ec794e6a57c9.jpg,0.6778,61.0,False,ecommerce,apify,2026-05-14T01:39:30.434168,wear-out
apify_654445778a8e,data\raw\ecommerce\apify_654445778a8e.jpg,0.7778,70.0,False,ecommerce,apify,2026-05-14T01:39:35.146260,wear-out
apify_e0c792f3ba08,data\raw\ecommerce\apify_e0c792f3ba08.jpg,0.5889,53.0,False,ecommerce,apify,2026-05-14T01:39:37.597864,wear-out
apify_fb176b6fa7ae,data\raw\ecommerce\apify_fb176b6fa7ae.jpg,0.6222,56.0,False,ecommerce,apify,2026-05-14T01:39:43.801393,wear-out
apify_c10008ffafae,data\raw\ecommerce\apify_c10008ffafae.jpg,0.1111,10.0,False,ecommerce,apify,2026-05-14T01:39:47.981902,wear-out
apify_dfbb13997da9,data\raw\other\apify_dfbb13997da9.jpg,0.5333,48.0,False,other,apify,2026-05-14T01:39:56.571770,wear-out
apify_b83b1bf49d3e,data\raw\other\apify_b83b1bf49d3e.jpg,0.1556,14.0,False,other,apify,2026-05-14T01:39:58.743671,wear-out
apify_8f50df6a2296,data\raw\ecommerce\apify_8f50df6a2296.jpg,0.0444,4.0,False,ecommerce,apify,2026-05-14T01:40:01.035090,cut-out
apify_65981f0ac605,data\raw\other\apify_65981f0ac605.jpg,0.1,9.0,False,other,apify,2026-05-14T01:40:02.932921,wear-out
apify_daa47dd53cbf,data\raw\finance\apify_daa47dd53cbf.jpg,0.1778,16.0,False,finance,apify,2026-05-14T01:40:13.214051,wear-out
apify_4b1626f2984a,data\raw\gaming\apify_4b1626f2984a.jpg,0.8556,77.0,False,gaming,apify,2026-05-14T04:55:36.858849,wear-out
apify_f8420de34ed2,data\raw\other\apify_f8420de34ed2.jpg,0.5778,52.0,False,other,apify,2026-05-14T04:55:41.984580,wear-out
apify_ee41546ff31d,data\raw\other\apify_ee41546ff31d.jpg,0.5222,47.0,False,other,apify,2026-05-14T04:55:47.129856,wear-out
apify_6a7757432c47,data\raw\finance\apify_6a7757432c47.jpg,0.7444,67.0,False,finance,apify,2026-05-14T04:55:48.972858,wear-out
apify_244ea8dd6438,data\raw\other\apify_244ea8dd6438.jpg,0.7222,65.0,False,other,apify,2026-05-14T04:56:00.381576,wear-out
apify_986107be6b05,data\raw\other\apify_986107be6b05.jpg,0.4556,41.0,False,other,apify,2026-05-14T04:56:02.774214,wear-out
apify_8adb994df688,data\raw\other\apify_8adb994df688.jpg,0.3,27.0,False,other,apify,2026-05-14T04:56:05.784482,wear-out
apify_8b56e64b6590,data\raw\other\apify_8b56e64b6590.jpg,0.2778,25.0,False,other,apify,2026-05-14T04:56:08.408249,wear-out
apify_0dc958af0f5c,data\raw\gaming\apify_0dc958af0f5c.jpg,0.8556,77.0,False,gaming,apify,2026-05-14T04:56:24.210326,wear-out
apify_dabd99c8cc0b,data\raw\other\apify_dabd99c8cc0b.jpg,0.7667,69.0,False,other,apify,2026-05-14T04:56:29.628090,wear-out
apify_286e4a42349b,data\raw\other\apify_286e4a42349b.jpg,0.4222,38.0,False,other,apify,2026-05-14T04:56:31.407600,wear-out
apify_e26a379304f0,data\raw\other\apify_e26a379304f0.jpg,0.2778,25.0,False,other,apify,2026-05-14T04:56:34.160609,wear-out
apify_3a697170d0cb,data\raw\other\apify_3a697170d0cb.jpg,0.5222,47.0,False,other,apify,2026-05-14T04:56:36.749335,wear-out
apify_d0c87dfaff16,data\raw\gaming\apify_d0c87dfaff16.jpg,0.5889,53.0,False,gaming,apify,2026-05-14T04:56:38.576484,wear-out
apify_7711d95b8d7d,data\raw\gaming\apify_7711d95b8d7d.jpg,0.5889,53.0,False,gaming,apify,2026-05-14T04:56:41.057852,wear-out
apify_eb0102a579e8,data\raw\other\apify_eb0102a579e8.jpg,0.4778,43.0,False,other,apify,2026-05-14T04:56:50.546055,wear-out
apify_8f280a721481,data\raw\other\apify_8f280a721481.jpg,0.8444,76.0,False,other,apify,2026-05-14T04:56:53.012819,wear-out
apify_840b3c30292b,data\raw\other\apify_840b3c30292b.jpg,0.3556,32.0,False,other,apify,2026-05-14T04:56:57.525029,wear-out
apify_c02de92d45d1,data\raw\gaming\apify_c02de92d45d1.jpg,0.1,9.0,False,gaming,apify,2026-05-14T04:57:03.412796,wear-out
apify_356daaa5f45c,data\raw\other\apify_356daaa5f45c.jpg,0.9222,83.0,False,other,apify,2026-05-14T04:57:04.998074,wear-out
apify_97c5f9cc3ab6,data\raw\other\apify_97c5f9cc3ab6.jpg,0.3333,30.0,False,other,apify,2026-05-14T04:57:07.136188,wear-out
apify_d1d6a100303f,data\raw\other\apify_d1d6a100303f.jpg,0.6556,59.0,False,other,apify,2026-05-14T04:57:12.754372,wear-out
apify_5157a7b9d473,data\raw\other\apify_5157a7b9d473.jpg,0.5,45.0,False,other,apify,2026-05-14T04:57:14.759271,wear-out
apify_276d81d892ca,data\raw\ecommerce\apify_276d81d892ca.jpg,0.6667,60.0,False,ecommerce,apify,2026-05-14T04:57:16.868042,wear-out
apify_4852f8586d9b,data\raw\other\apify_4852f8586d9b.jpg,0.4111,37.0,False,other,apify,2026-05-14T04:57:19.542376,wear-out
apify_17f837650df5,data\raw\ecommerce\apify_17f837650df5.jpg,0.7444,67.0,False,ecommerce,apify,2026-05-14T04:57:26.769306,wear-out
apify_df705e2658fe,data\raw\gaming\apify_df705e2658fe.jpg,0.5111,46.0,False,gaming,apify,2026-05-14T04:57:29.230147,wear-out
apify_bb6f6adbdfab,data\raw\other\apify_bb6f6adbdfab.jpg,0.2889,26.0,False,other,apify,2026-05-14T04:57:31.192251,wear-out
apify_5e44672c0e95,data\raw\other\apify_5e44672c0e95.jpg,0.2333,21.0,False,other,apify,2026-05-14T04:57:34.088567,wear-out
apify_80d7b057e364,data\raw\gaming\apify_80d7b057e364.jpg,0.3333,30.0,False,gaming,apify,2026-05-14T04:57:38.430090,wear-out
apify_f0df20ee2a50,data\raw\other\apify_f0df20ee2a50.jpg,0.2444,22.0,False,other,apify,2026-05-14T04:57:40.406366,wear-out
apify_f01504b27955,data\raw\gaming\apify_f01504b27955.jpg,0.3111,28.0,False,gaming,apify,2026-05-14T04:57:43.361783,wear-out
apify_d9b574c2a979,data\raw\other\apify_d9b574c2a979.jpg,0.3444,31.0,False,other,apify,2026-05-14T04:57:45.864678,wear-out
apify_5672119ecca1,data\raw\other\apify_5672119ecca1.jpg,0.0444,4.0,False,other,apify,2026-05-14T04:57:54.807223,cut-out
apify_0847f79ad3c5,data\raw\other\apify_0847f79ad3c5.jpg,0.2556,23.0,False,other,apify,2026-05-14T04:57:56.832385,wear-out
apify_ccd33a12e479,data\raw\finance\apify_ccd33a12e479.jpg,0.6,54.0,False,finance,apify,2026-05-14T04:57:59.551386,wear-out
apify_1ea8497da060,data\raw\gaming\apify_1ea8497da060.jpg,0.8556,77.0,False,gaming,apify,2026-05-14T04:58:04.077549,wear-out
apify_eb4439ab4a76,data\raw\gaming\apify_eb4439ab4a76.jpg,0.6,54.0,False,gaming,apify,2026-05-14T04:58:05.551058,wear-out
apify_d320883c658d,data\raw\other\apify_d320883c658d.jpg,0.2889,26.0,False,other,apify,2026-05-14T04:58:08.338748,wear-out
apify_678e978603ef,data\raw\other\apify_678e978603ef.jpg,0.1111,10.0,False,other,apify,2026-05-14T04:58:10.788853,wear-out
apify_f466233009bb,data\raw\other\apify_f466233009bb.jpg,0.2,18.0,False,other,apify,2026-05-14T04:58:13.001322,wear-out
apify_ddd0cfee322e,data\raw\other\apify_ddd0cfee322e.jpg,0.3111,28.0,False,other,apify,2026-05-14T04:58:15.094139,wear-out
apify_63f66934ff7e,data\raw\other\apify_63f66934ff7e.jpg,0.1,9.0,False,other,apify,2026-05-14T04:58:20.476654,wear-out
apify_a5f79ad4c266,data\raw\other\apify_a5f79ad4c266.jpg,0.5222,47.0,False,other,apify,2026-05-14T04:58:25.627151,wear-out
apify_62201983b57a,data\raw\gaming\apify_62201983b57a.jpg,0.8556,77.0,False,gaming,apify,2026-05-14T04:58:27.799530,wear-out
apify_21e6d0136cdc,data\raw\other\apify_21e6d0136cdc.jpg,0.2222,20.0,False,other,apify,2026-05-14T04:58:30.466539,wear-out
apify_b1d0d6115b3f,data\raw\other\apify_b1d0d6115b3f.jpg,0.4444,40.0,False,other,apify,2026-05-14T04:58:33.625273,wear-out
apify_5af16321ae27,data\raw\other\apify_5af16321ae27.jpg,0.6667,60.0,False,other,apify,2026-05-14T04:58:35.990792,wear-out
apify_4d9164401655,data\raw\other\apify_4d9164401655.jpg,0.2111,19.0,False,other,apify,2026-05-14T04:58:38.708115,wear-out
apify_7fd3c4034872,data\raw\ecommerce\apify_7fd3c4034872.jpg,0.2,18.0,False,ecommerce,apify,2026-05-14T04:58:41.237120,wear-out
apify_6e5368fd3539,data\raw\other\apify_6e5368fd3539.jpg,0.6111,55.0,False,other,apify,2026-05-14T04:58:43.640371,wear-out
apify_12b8ce1942a4,data\raw\other\apify_12b8ce1942a4.jpg,0.2111,19.0,False,other,apify,2026-05-14T04:58:48.266127,wear-out
apify_e615b6f5f7ec,data\raw\other\apify_e615b6f5f7ec.jpg,0.1444,13.0,False,other,apify,2026-05-14T04:58:50.325511,wear-out
apify_83ee8b264bc0,data\raw\gaming\apify_83ee8b264bc0.jpg,0.3889,35.0,False,gaming,apify,2026-05-14T04:58:52.641336,wear-out
apify_81b3fe6166cb,data\raw\other\apify_81b3fe6166cb.jpg,0.2333,21.0,False,other,apify,2026-05-14T04:58:55.342195,wear-out
apify_5a833c23112f,data\raw\other\apify_5a833c23112f.jpg,0.5222,47.0,False,other,apify,2026-05-14T04:58:57.430974,wear-out
apify_e8cc00d357a3,data\raw\gaming\apify_e8cc00d357a3.jpg,0.6778,61.0,False,gaming,apify,2026-05-14T04:59:00.286508,wear-out
apify_1a46b6622e29,data\raw\other\apify_1a46b6622e29.jpg,0.0889,8.0,False,other,apify,2026-05-14T04:59:02.802781,wear-out
apify_80c5aaea0a2a,data\raw\other\apify_80c5aaea0a2a.jpg,0.5444,49.0,False,other,apify,2026-05-14T04:59:05.342048,wear-out
apify_d5d00857ed52,data\raw\other\apify_d5d00857ed52.jpg,0.1778,16.0,False,other,apify,2026-05-14T04:59:07.403580,wear-out
apify_3ead81e09464,data\raw\other\apify_3ead81e09464.jpg,0.2222,20.0,False,other,apify,2026-05-14T04:59:11.477218,wear-out
apify_fbc334ae1748,data\raw\gaming\apify_fbc334ae1748.jpg,0.8778,79.0,False,gaming,apify,2026-05-14T04:59:14.226386,wear-out
apify_e0a57543e925,data\raw\gaming\apify_e0a57543e925.jpg,0.3333,30.0,False,gaming,apify,2026-05-14T04:59:16.922610,wear-out
apify_016cacfd6441,data\raw\other\apify_016cacfd6441.jpg,0.1667,15.0,False,other,apify,2026-05-14T04:59:19.351937,wear-out
apify_318fb2c3f3f6,data\raw\other\apify_318fb2c3f3f6.jpg,0.1,9.0,False,other,apify,2026-05-14T04:59:21.438012,wear-out
apify_e4e647ff9acc,data\raw\gaming\apify_e4e647ff9acc.jpg,0.5889,53.0,False,gaming,apify,2026-05-14T04:59:23.592616,wear-out
apify_730ad666a792,data\raw\gaming\apify_730ad666a792.jpg,0.2667,24.0,False,gaming,apify,2026-05-14T04:59:32.196304,wear-out
apify_81fc895943c0,data\raw\other\apify_81fc895943c0.jpg,0.6444,58.0,False,other,apify,2026-05-14T04:59:34.561045,wear-out
apify_d5dcf54efa5c,data\raw\other\apify_d5dcf54efa5c.jpg,0.0667,6.0,False,other,apify,2026-05-14T04:59:37.433420,cut-out
apify_4a0ebb2a2a4d,data\raw\other\apify_4a0ebb2a2a4d.jpg,0.1444,13.0,False,other,apify,2026-05-14T04:59:40.008466,wear-out
apify_5a022605aa27,data\raw\gaming\apify_5a022605aa27.jpg,0.0778,7.0,False,gaming,apify,2026-05-14T04:59:42.694969,wear-out
apify_be35dd411ce3,data\raw\other\apify_be35dd411ce3.jpg,0.1333,12.0,False,other,apify,2026-05-14T04:59:47.657245,wear-out
apify_d402c9c79bbf,data\raw\gaming\apify_d402c9c79bbf.jpg,0.6,54.0,False,gaming,apify,2026-05-14T04:59:50.323732,wear-out
apify_e46941b342a4,data\raw\other\apify_e46941b342a4.jpg,0.9556,86.0,False,other,apify,2026-05-14T04:59:53.007488,wear-out
apify_fed76116e7cf,data\raw\other\apify_fed76116e7cf.jpg,0.5333,48.0,False,other,apify,2026-05-14T04:59:55.770971,wear-out
apify_e08439d9baf0,data\raw\gaming\apify_e08439d9baf0.jpg,0.0889,8.0,False,gaming,apify,2026-05-14T04:59:57.570177,wear-out
apify_329e6cd51f46,data\raw\other\apify_329e6cd51f46.jpg,0.1,9.0,False,other,apify,2026-05-14T04:59:59.974997,wear-out
apify_6ec839888643,data\raw\other\apify_6ec839888643.jpg,0.2111,19.0,False,other,apify,2026-05-14T05:00:02.883896,wear-out
apify_b0c3547c3c91,data\raw\other\apify_b0c3547c3c91.jpg,0.3333,30.0,False,other,apify,2026-05-14T05:00:05.180873,wear-out
apify_f2ca9f89260d,data\raw\other\apify_f2ca9f89260d.jpg,0.1,9.0,False,other,apify,2026-05-14T05:00:07.629610,wear-out
apify_2e32f680010c,data\raw\finance\apify_2e32f680010c.jpg,0.1889,17.0,False,finance,apify,2026-05-14T05:00:09.614815,wear-out
apify_eb281f9b8447,data\raw\gaming\apify_eb281f9b8447.jpg,0.8556,77.0,False,gaming,apify,2026-05-14T05:00:11.819733,wear-out
apify_200a7df81070,data\raw\gaming\apify_200a7df81070.jpg,0.3444,31.0,False,gaming,apify,2026-05-14T05:00:13.781823,wear-out
apify_3ef3cf7f99ee,data\raw\other\apify_3ef3cf7f99ee.jpg,0.2111,19.0,False,other,apify,2026-05-14T05:00:16.201681,wear-out
apify_48999eb8adea,data\raw\other\apify_48999eb8adea.jpg,0.2111,19.0,False,other,apify,2026-05-14T05:00:20.513546,wear-out
apify_df6891ca8e7d,data\raw\other\apify_df6891ca8e7d.jpg,0.3111,28.0,False,other,apify,2026-05-14T05:00:22.752140,wear-out
apify_efaa11274e7f,data\raw\other\apify_efaa11274e7f.jpg,0.2111,19.0,False,other,apify,2026-05-14T05:00:25.604592,wear-out
apify_f3550e63a6dd,data\raw\other\apify_f3550e63a6dd.jpg,0.8444,76.0,False,other,apify,2026-05-14T05:00:28.093731,wear-out
apify_11c0a6fd8d8b,data\raw\other\apify_11c0a6fd8d8b.jpg,0.1444,13.0,False,other,apify,2026-05-14T05:00:30.344332,wear-out
apify_276e5c1364f9,data\raw\other\apify_276e5c1364f9.jpg,0.2222,20.0,False,other,apify,2026-05-14T05:00:32.663499,wear-out
apify_025fc8b3de44,data\raw\other\apify_025fc8b3de44.jpg,0.2556,23.0,False,other,apify,2026-05-14T05:00:35.221308,wear-out
apify_cd7a6e1023df,data\raw\other\apify_cd7a6e1023df.jpg,0.8333,75.0,False,other,apify,2026-05-14T05:00:37.035491,wear-out
apify_c710703133e6,data\raw\other\apify_c710703133e6.jpg,0.1667,15.0,False,other,apify,2026-05-14T05:00:39.552927,wear-out
apify_e53df925deb6,data\raw\other\apify_e53df925deb6.jpg,0.4444,40.0,False,other,apify,2026-05-14T05:00:41.605653,wear-out
apify_f82355f229d5,data\raw\other\apify_f82355f229d5.jpg,0.2,18.0,False,other,apify,2026-05-14T05:00:44.433829,wear-out
apify_148b6b1a88bf,data\raw\gaming\apify_148b6b1a88bf.jpg,0.6889,62.0,False,gaming,apify,2026-05-14T05:00:46.529930,wear-out
apify_bfec377107ed,data\raw\other\apify_bfec377107ed.jpg,0.0444,4.0,False,other,apify,2026-05-14T05:00:49.536709,cut-out
apify_fe88e163a1e4,data\raw\gaming\apify_fe88e163a1e4.jpg,0.0556,5.0,False,gaming,apify,2026-05-14T05:00:52.371966,cut-out
apify_fe4b0c252c09,data\raw\gaming\apify_fe4b0c252c09.jpg,0.1333,12.0,False,gaming,apify,2026-05-14T05:00:54.373882,wear-out
apify_158e2b4b40fc,data\raw\other\apify_158e2b4b40fc.jpg,0.1667,15.0,False,other,apify,2026-05-14T05:00:56.471870,wear-out
apify_a84fc74b534c,data\raw\other\apify_a84fc74b534c.jpg,0.2,18.0,False,other,apify,2026-05-14T05:00:59.356393,wear-out
apify_c6de35d29b9d,data\raw\gaming\apify_c6de35d29b9d.jpg,0.0778,7.0,False,gaming,apify,2026-05-14T05:01:01.559163,wear-out
apify_07c5553df4a8,data\raw\other\apify_07c5553df4a8.jpg,0.2667,24.0,False,other,apify,2026-05-14T05:01:04.420079,wear-out
apify_0a0641022c71,data\raw\other\apify_0a0641022c71.jpg,0.1333,12.0,False,other,apify,2026-05-14T05:01:11.175904,wear-out
apify_be6c50db96c9,data\raw\other\apify_be6c50db96c9.jpg,0.7444,67.0,False,other,apify,2026-05-14T05:01:14.354656,wear-out
apify_91f0c99b7d37,data\raw\other\apify_91f0c99b7d37.jpg,0.1889,17.0,False,other,apify,2026-05-14T05:01:16.692106,wear-out
apify_ba565181fb2f,data\raw\other\apify_ba565181fb2f.jpg,0.2556,23.0,False,other,apify,2026-05-14T05:01:18.560280,wear-out
apify_92844467cc19,data\raw\other\apify_92844467cc19.jpg,0.9778,88.0,False,other,apify,2026-05-14T05:01:25.413219,wear-out
apify_21bca7c1a123,data\raw\other\apify_21bca7c1a123.jpg,0.5222,47.0,False,other,apify,2026-05-14T05:01:28.409763,wear-out
apify_67dd9a79e3ad,data\raw\other\apify_67dd9a79e3ad.jpg,0.1778,16.0,False,other,apify,2026-05-14T05:01:31.123447,wear-out
apify_1ed5b08155b6,data\raw\other\apify_1ed5b08155b6.jpg,0.2556,23.0,False,other,apify,2026-05-14T05:01:33.389004,wear-out
apify_72084aed56bd,data\raw\other\apify_72084aed56bd.jpg,0.0556,5.0,False,other,apify,2026-05-14T05:01:35.349917,cut-out
apify_7d8f84e2bc7c,data\raw\gaming\apify_7d8f84e2bc7c.jpg,0.0889,8.0,False,gaming,apify,2026-05-14T05:01:37.999394,wear-out
apify_681277f170f6,data\raw\gaming\apify_681277f170f6.jpg,0.0556,5.0,False,gaming,apify,2026-05-14T05:01:40.408141,cut-out
apify_bee47be44b27,data\raw\other\apify_bee47be44b27.jpg,0.3778,34.0,False,other,apify,2026-05-14T05:01:42.654510,wear-out
apify_9267e64433c2,data\raw\gaming\apify_9267e64433c2.jpg,0.3222,29.0,False,gaming,apify,2026-05-14T05:01:47.851147,wear-out
apify_7d12b1591353,data\raw\other\apify_7d12b1591353.jpg,0.1667,15.0,False,other,apify,2026-05-14T05:01:56.449797,wear-out
apify_3ccf9ee28802,data\raw\ecommerce\apify_3ccf9ee28802.jpg,0.3222,29.0,False,ecommerce,apify,2026-05-14T05:01:58.407180,wear-out
apify_012c78b96fa0,data\raw\other\apify_012c78b96fa0.jpg,0.0222,2.0,False,other,apify,2026-05-14T05:02:01.103725,cut-out
apify_8375457b1c9d,data\raw\other\apify_8375457b1c9d.jpg,0.0778,7.0,False,other,apify,2026-05-14T05:02:03.805029,wear-out
apify_27429d430dc0,data\raw\other\apify_27429d430dc0.jpg,0.0444,4.0,False,other,apify,2026-05-14T05:02:06.527134,cut-out
apify_0a305a97c309,data\raw\gaming\apify_0a305a97c309.jpg,0.0556,5.0,False,gaming,apify,2026-05-14T05:02:08.515601,cut-out
apify_4bec5585ddb9,data\raw\other\apify_4bec5585ddb9.jpg,0.1667,15.0,False,other,apify,2026-05-14T05:02:11.121625,wear-out
apify_3626dc1d2502,data\raw\other\apify_3626dc1d2502.jpg,0.0556,5.0,False,other,apify,2026-05-14T05:02:13.733724,cut-out
apify_4a4906950260,data\raw\other\apify_4a4906950260.jpg,0.4444,40.0,False,other,apify,2026-05-14T05:02:16.374640,wear-out
apify_b19048f79672,data\raw\other\apify_b19048f79672.jpg,0.0889,8.0,False,other,apify,2026-05-14T05:02:19.241504,wear-out
apify_a065e0a925a8,data\raw\other\apify_a065e0a925a8.jpg,0.4333,39.0,False,other,apify,2026-05-14T05:02:21.516868,wear-out
apify_9ebef04a9214,data\raw\gaming\apify_9ebef04a9214.jpg,0.0556,5.0,False,gaming,apify,2026-05-14T05:02:23.558607,cut-out
apify_5b6bcc1447c0,data\raw\other\apify_5b6bcc1447c0.jpg,0.0556,5.0,False,other,apify,2026-05-14T05:02:25.663167,cut-out
apify_47b62b76eb73,data\raw\gaming\apify_47b62b76eb73.jpg,0.1556,14.0,False,gaming,apify,2026-05-14T05:02:27.952018,wear-out
apify_c2b03c8d60ce,data\raw\other\apify_c2b03c8d60ce.jpg,0.5556,50.0,False,other,apify,2026-05-14T05:02:29.606999,wear-out
apify_c425f5eb9db3,data\raw\other\apify_c425f5eb9db3.jpg,0.4444,40.0,False,other,apify,2026-05-14T05:02:31.707455,wear-out
apify_8cf3f5b1ecde,data\raw\gaming\apify_8cf3f5b1ecde.jpg,0.1444,13.0,False,gaming,apify,2026-05-14T05:02:34.089392,wear-out
apify_e0c3ccfa7657,data\raw\gaming\apify_e0c3ccfa7657.jpg,0.2556,23.0,False,gaming,apify,2026-05-14T05:02:36.851623,wear-out
apify_0f42b74beb7b,data\raw\gaming\apify_0f42b74beb7b.jpg,0.0444,4.0,False,gaming,apify,2026-05-14T05:02:38.920263,cut-out
apify_14e38dc62044,data\raw\other\apify_14e38dc62044.jpg,0.3444,31.0,False,other,apify,2026-05-14T05:02:41.488235,wear-out
apify_a292ef65d0de,data\raw\finance\apify_a292ef65d0de.jpg,0.1556,14.0,False,finance,apify,2026-05-14T05:02:43.226405,wear-out
apify_6e09c4258eaf,data\raw\other\apify_6e09c4258eaf.jpg,0.1556,14.0,False,other,apify,2026-05-14T05:02:45.887595,wear-out
apify_40e814da19b3,data\raw\other\apify_40e814da19b3.jpg,0.4,36.0,False,other,apify,2026-05-14T05:02:47.997788,wear-out
apify_2bd954e212af,data\raw\other\apify_2bd954e212af.jpg,0.1444,13.0,False,other,apify,2026-05-14T05:02:50.475288,wear-out
apify_849c641b1501,data\raw\other\apify_849c641b1501.jpg,0.2889,26.0,False,other,apify,2026-05-14T05:02:54.644720,wear-out
apify_0b1871db830f,data\raw\gaming\apify_0b1871db830f.jpg,0.1333,12.0,False,gaming,apify,2026-05-14T05:02:57.076326,wear-out
apify_fdafe089df07,data\raw\gaming\apify_fdafe089df07.jpg,0.2333,21.0,False,gaming,apify,2026-05-14T05:02:59.211273,wear-out
apify_8b45f8a974a2,data\raw\other\apify_8b45f8a974a2.jpg,0.2,18.0,False,other,apify,2026-05-14T05:03:01.009377,wear-out
apify_ab7cd96b1d7e,data\raw\other\apify_ab7cd96b1d7e.jpg,0.0556,5.0,False,other,apify,2026-05-14T05:03:03.816487,cut-out
apify_8812952b191f,data\raw\other\apify_8812952b191f.jpg,0.0444,4.0,False,other,apify,2026-05-14T05:03:05.645505,cut-out
apify_b1390f8a6996,data\raw\gaming\apify_b1390f8a6996.jpg,0.7,63.0,False,gaming,apify,2026-05-14T05:03:07.572946,wear-out
apify_49a814c87b8d,data\raw\other\apify_49a814c87b8d.jpg,0.5222,47.0,False,other,apify,2026-05-14T05:03:09.908494,wear-out
apify_f94f1efdd46e,data\raw\other\apify_f94f1efdd46e.jpg,0.1,9.0,False,other,apify,2026-05-14T05:03:12.071319,wear-out
apify_cf6c79654bf8,data\raw\other\apify_cf6c79654bf8.jpg,0.2,18.0,False,other,apify,2026-05-14T05:03:14.749139,wear-out
apify_32c012d9110b,data\raw\gaming\apify_32c012d9110b.jpg,0.1333,12.0,False,gaming,apify,2026-05-14T05:03:17.613555,wear-out
apify_e2eafff0a2d0,data\raw\other\apify_e2eafff0a2d0.jpg,0.1333,12.0,False,other,apify,2026-05-14T05:03:19.810053,wear-out
apify_12c72d224ae8,data\raw\other\apify_12c72d224ae8.jpg,0.4111,37.0,False,other,apify,2026-05-14T05:03:21.684661,wear-out
apify_904409956c15,data\raw\other\apify_904409956c15.jpg,0.6889,62.0,False,other,apify,2026-05-14T05:03:26.996073,wear-out
apify_56b9c0eb7dda,data\raw\other\apify_56b9c0eb7dda.jpg,0.3778,34.0,False,other,apify,2026-05-14T05:03:29.669769,wear-out
apify_d663ad31b40c,data\raw\other\apify_d663ad31b40c.jpg,0.6778,61.0,False,other,apify,2026-05-14T05:03:32.885924,wear-out
apify_6b55d7060c87,data\raw\other\apify_6b55d7060c87.jpg,0.1556,14.0,False,other,apify,2026-05-14T05:03:38.267607,wear-out
apify_c7933c69057a,data\raw\other\apify_c7933c69057a.jpg,0.2778,25.0,False,other,apify,2026-05-14T05:03:40.320182,wear-out
apify_e79ed4db887d,data\raw\gaming\apify_e79ed4db887d.jpg,0.8556,77.0,False,gaming,apify,2026-05-14T05:03:43.046693,wear-out
apify_ffe0ea496a39,data\raw\other\apify_ffe0ea496a39.jpg,0.9111,82.0,False,other,apify,2026-05-14T05:03:45.748793,wear-out
apify_a0c2674748a3,data\raw\other\apify_a0c2674748a3.jpg,0.3,27.0,False,other,apify,2026-05-14T05:03:47.871089,wear-out
apify_2de172ecd90f,data\raw\other\apify_2de172ecd90f.jpg,0.9778,88.0,False,other,apify,2026-05-14T05:03:49.889191,wear-out
apify_00c9bbbb9ce2,data\raw\other\apify_00c9bbbb9ce2.jpg,0.3333,30.0,False,other,apify,2026-05-14T05:03:52.331237,wear-out
apify_403c69cc9a19,data\raw\other\apify_403c69cc9a19.jpg,0.0444,4.0,False,other,apify,2026-05-14T05:03:54.795818,cut-out
apify_133aac21e651,data\raw\gaming\apify_133aac21e651.jpg,0.2,18.0,False,gaming,apify,2026-05-14T05:03:57.731736,wear-out
apify_deae5cb6b517,data\raw\other\apify_deae5cb6b517.jpg,0.2111,19.0,False,other,apify,2026-05-14T05:04:00.396941,wear-out
apify_e6e49a4c55d7,data\raw\finance\apify_e6e49a4c55d7.jpg,0.2778,25.0,False,finance,apify,2026-05-14T05:04:02.861292,wear-out
apify_1b95f5136c2f,data\raw\other\apify_1b95f5136c2f.jpg,0.1556,14.0,False,other,apify,2026-05-14T05:04:05.891131,wear-out
apify_738c6cd6121f,data\raw\gaming\apify_738c6cd6121f.jpg,0.2556,23.0,False,gaming,apify,2026-05-14T05:04:07.843644,wear-out
apify_142ffcb20b30,data\raw\other\apify_142ffcb20b30.jpg,0.2222,20.0,False,other,apify,2026-05-14T05:04:09.981532,wear-out
apify_25994fa7c92f,data\raw\other\apify_25994fa7c92f.jpg,0.1222,11.0,False,other,apify,2026-05-14T05:04:12.772081,wear-out
apify_3bb0ffd51d5f,data\raw\gaming\apify_3bb0ffd51d5f.jpg,0.2889,26.0,False,gaming,apify,2026-05-14T05:04:17.599302,wear-out
apify_45cb9b62fbe7,data\raw\other\apify_45cb9b62fbe7.jpg,0.2778,25.0,False,other,apify,2026-05-14T05:04:20.081044,wear-out
apify_5649e7868aad,data\raw\other\apify_5649e7868aad.jpg,0.1667,15.0,False,other,apify,2026-05-14T05:04:22.144732,wear-out
apify_0915a22c96b8,data\raw\other\apify_0915a22c96b8.jpg,0.1444,13.0,False,other,apify,2026-05-14T05:04:24.780195,wear-out
apify_cbca7971a76d,data\raw\other\apify_cbca7971a76d.jpg,0.4556,41.0,False,other,apify,2026-05-14T05:04:27.735315,wear-out
apify_aacd1c928c94,data\raw\other\apify_aacd1c928c94.jpg,0.4222,38.0,False,other,apify,2026-05-14T05:04:30.690564,wear-out
apify_cbd1774c3327,data\raw\gaming\apify_cbd1774c3327.jpg,0.0444,4.0,False,gaming,apify,2026-05-14T05:04:32.644242,cut-out
apify_b777d484267f,data\raw\other\apify_b777d484267f.jpg,0.1889,17.0,False,other,apify,2026-05-14T05:04:35.429896,wear-out
apify_e38f25a33816,data\raw\other\apify_e38f25a33816.jpg,0.3111,28.0,False,other,apify,2026-05-14T05:04:40.698053,wear-out
apify_2214f63a57f1,data\raw\other\apify_2214f63a57f1.jpg,0.1556,14.0,False,other,apify,2026-05-14T05:04:43.311936,wear-out
apify_a309ea9a6926,data\raw\other\apify_a309ea9a6926.jpg,0.3,27.0,False,other,apify,2026-05-14T05:04:47.871118,wear-out
apify_f0e0f03da261,data\raw\gaming\apify_f0e0f03da261.jpg,0.0667,6.0,False,gaming,apify,2026-05-14T05:04:52.524575,cut-out
apify_3d9f5659643d,data\raw\other\apify_3d9f5659643d.jpg,0.4556,41.0,False,other,apify,2026-05-14T05:04:55.023084,wear-out
apify_92d740e60da2,data\raw\other\apify_92d740e60da2.jpg,0.4,36.0,False,other,apify,2026-05-14T05:04:56.748308,wear-out
apify_63a4975477f9,data\raw\other\apify_63a4975477f9.jpg,0.0778,7.0,False,other,apify,2026-05-14T05:04:58.904580,wear-out
apify_e6105317daae,data\raw\other\apify_e6105317daae.jpg,0.0778,7.0,False,other,apify,2026-05-14T05:05:01.546568,wear-out
apify_5c21bd23f82c,data\raw\other\apify_5c21bd23f82c.jpg,0.1889,17.0,False,other,apify,2026-05-14T05:05:03.536248,wear-out
apify_88a65afb04ef,data\raw\other\apify_88a65afb04ef.jpg,0.1111,10.0,False,other,apify,2026-05-14T05:05:06.485980,wear-out
apify_ef3d7c754881,data\raw\other\apify_ef3d7c754881.jpg,0.2222,20.0,False,other,apify,2026-05-14T05:05:08.563442,wear-out
apify_2c171bbf6514,data\raw\other\apify_2c171bbf6514.jpg,0.6,54.0,False,other,apify,2026-05-14T05:05:11.555889,wear-out
apify_3cab5a1588a4,data\raw\other\apify_3cab5a1588a4.jpg,0.8444,76.0,False,other,apify,2026-05-14T05:05:14.306959,wear-out
apify_81f15dd52e01,data\raw\other\apify_81f15dd52e01.jpg,0.0444,4.0,False,other,apify,2026-05-14T05:05:16.798517,cut-out
apify_a48f2a471347,data\raw\other\apify_a48f2a471347.jpg,0.3444,31.0,False,other,apify,2026-05-14T05:05:19.077593,wear-out
apify_c706c831bad5,data\raw\gaming\apify_c706c831bad5.jpg,0.2556,23.0,False,gaming,apify,2026-05-14T05:05:21.012801,wear-out
apify_d037e6e5cdbe,data\raw\other\apify_d037e6e5cdbe.jpg,0.1444,13.0,False,other,apify,2026-05-14T05:05:23.407961,wear-out
apify_12efff2e962d,data\raw\other\apify_12efff2e962d.jpg,0.2778,25.0,False,other,apify,2026-05-14T05:05:26.222418,wear-out
apify_8039f2a8aa65,data\raw\other\apify_8039f2a8aa65.jpg,0.0556,5.0,False,other,apify,2026-05-14T05:05:28.466205,cut-out
apify_b632e4bacffe,data\raw\other\apify_b632e4bacffe.jpg,0.0889,8.0,False,other,apify,2026-05-14T05:05:31.050397,wear-out
apify_5813af6f53d3,data\raw\other\apify_5813af6f53d3.jpg,0.0889,8.0,False,other,apify,2026-05-14T05:05:33.475121,wear-out
apify_085e85658168,data\raw\other\apify_085e85658168.jpg,0.2889,26.0,False,other,apify,2026-05-14T05:05:38.131762,wear-out
apify_b26456de60cd,data\raw\gaming\apify_b26456de60cd.jpg,0.5778,52.0,False,gaming,apify,2026-05-14T05:05:40.472599,wear-out
apify_2610edf10a13,data\raw\ecommerce\apify_2610edf10a13.jpg,0.2,18.0,False,ecommerce,apify,2026-05-14T05:05:42.954070,wear-out
apify_0b7d1d5be5aa,data\raw\other\apify_0b7d1d5be5aa.jpg,0.6111,55.0,False,other,apify,2026-05-14T05:05:45.083919,wear-out
apify_ae1b1610ccc9,data\raw\gaming\apify_ae1b1610ccc9.jpg,0.2556,23.0,False,gaming,apify,2026-05-14T05:05:47.797207,wear-out
apify_dd0d32ac3ce6,data\raw\other\apify_dd0d32ac3ce6.jpg,0.0444,4.0,False,other,apify,2026-05-14T05:05:52.156827,cut-out
apify_46e90fbec46f,data\raw\other\apify_46e90fbec46f.jpg,0.9889,89.0,False,other,apify,2026-05-14T05:05:57.705777,wear-out
apify_65be7207a720,data\raw\other\apify_65be7207a720.jpg,0.0889,8.0,False,other,apify,2026-05-14T05:06:00.160618,wear-out
apify_ef40483913e4,data\raw\gaming\apify_ef40483913e4.jpg,0.0556,5.0,False,gaming,apify,2026-05-14T05:06:02.709083,cut-out
apify_63921b134c50,data\raw\other\apify_63921b134c50.jpg,0.0556,5.0,False,other,apify,2026-05-14T05:06:04.681977,cut-out
apify_d5ab252a7795,data\raw\other\apify_d5ab252a7795.jpg,0.6556,59.0,False,other,apify,2026-05-14T05:06:12.982500,wear-out
apify_0e121e6c01e2,data\raw\ecommerce\apify_0e121e6c01e2.jpg,0.0778,7.0,False,ecommerce,apify,2026-05-14T05:06:16.653277,wear-out
apify_0364c024df06,data\raw\ecommerce\apify_0364c024df06.jpg,0.2111,19.0,False,ecommerce,apify,2026-05-14T05:06:20.537487,wear-out
apify_d8ea83d45134,data\raw\other\apify_d8ea83d45134.jpg,0.3111,28.0,False,other,apify,2026-05-14T05:06:35.275696,wear-out
apify_11be38dedb57,data\raw\ecommerce\apify_11be38dedb57.jpg,0.6444,58.0,False,ecommerce,apify,2026-05-14T05:06:37.989926,wear-out
apify_d7167ae153a2,data\raw\ecommerce\apify_d7167ae153a2.jpg,0.2333,21.0,False,ecommerce,apify,2026-05-14T05:06:42.569235,wear-out
apify_5b071ca8bf6b,data\raw\ecommerce\apify_5b071ca8bf6b.jpg,0.0778,7.0,False,ecommerce,apify,2026-05-14T05:06:57.403232,wear-out
apify_7e5e2309688b,data\raw\ecommerce\apify_7e5e2309688b.jpg,0.2778,25.0,False,ecommerce,apify,2026-05-14T05:07:01.966197,wear-out
apify_8c8dec00541d,data\raw\ecommerce\apify_8c8dec00541d.jpg,0.8111,73.0,False,ecommerce,apify,2026-05-14T05:07:04.331483,wear-out
apify_bb510ee38101,data\raw\ecommerce\apify_bb510ee38101.jpg,0.1333,12.0,False,ecommerce,apify,2026-05-14T05:07:06.741935,wear-out
apify_f36b0b7f256f,data\raw\ecommerce\apify_f36b0b7f256f.jpg,0.6556,59.0,False,ecommerce,apify,2026-05-14T05:07:11.123541,wear-out
apify_02d6b2f1ea70,data\raw\ecommerce\apify_02d6b2f1ea70.jpg,0.6556,59.0,False,ecommerce,apify,2026-05-14T05:07:13.900656,wear-out
apify_3a6e3c94b9ad,data\raw\ecommerce\apify_3a6e3c94b9ad.jpg,0.4111,37.0,False,ecommerce,apify,2026-05-14T05:07:16.696440,wear-out
apify_87026dc0f48b,data\raw\other\apify_87026dc0f48b.jpg,0.7333,66.0,False,other,apify,2026-05-14T05:07:19.270485,wear-out
apify_6768c2ded69b,data\raw\ecommerce\apify_6768c2ded69b.jpg,0.0111,1.0,False,ecommerce,apify,2026-05-14T05:07:21.671931,cut-out
apify_db809ac970ea,data\raw\ecommerce\apify_db809ac970ea.jpg,0.1111,10.0,False,ecommerce,apify,2026-05-14T05:07:27.243182,wear-out
apify_26add85334b3,data\raw\ecommerce\apify_26add85334b3.jpg,0.1222,11.0,False,ecommerce,apify,2026-05-14T05:07:46.279537,wear-out
apify_77279ae3aede,data\raw\other\apify_77279ae3aede.jpg,0.0222,2.0,False,other,apify,2026-05-14T05:07:58.562314,cut-out
apify_a7e59ce81d80,data\raw\ecommerce\apify_a7e59ce81d80.jpg,0.8778,79.0,False,ecommerce,apify,2026-05-14T05:08:12.904967,wear-out
apify_baa78da3ae9d,data\raw\ecommerce\apify_baa78da3ae9d.jpg,0.1778,16.0,False,ecommerce,apify,2026-05-14T05:08:18.438382,wear-out
apify_0f5640ec029d,data\raw\ecommerce\apify_0f5640ec029d.jpg,0.4,36.0,False,ecommerce,apify,2026-05-14T05:08:30.054011,wear-out
apify_3a11fb71bf11,data\raw\ecommerce\apify_3a11fb71bf11.jpg,0.7444,67.0,False,ecommerce,apify,2026-05-14T05:08:35.437293,wear-out
apify_16ca5260a58c,data\raw\ecommerce\apify_16ca5260a58c.jpg,0.0111,1.0,False,ecommerce,apify,2026-05-14T05:08:38.662061,cut-out
apify_eb2e2bbc832b,data\raw\ecommerce\apify_eb2e2bbc832b.jpg,0.6889,62.0,False,ecommerce,apify,2026-05-14T05:08:43.616064,wear-out
apify_24b96320c3a0,data\raw\ecommerce\apify_24b96320c3a0.jpg,0.2778,25.0,False,ecommerce,apify,2026-05-14T05:08:46.782301,wear-out
apify_bcca9ca9e47c,data\raw\ecommerce\apify_bcca9ca9e47c.jpg,0.1222,11.0,False,ecommerce,apify,2026-05-14T05:08:48.536313,wear-out
apify_187f872b27d6,data\raw\other\apify_187f872b27d6.jpg,0.2222,20.0,False,other,apify,2026-05-14T05:08:52.172489,wear-out
apify_9cb22b4221b6,data\raw\other\apify_9cb22b4221b6.jpg,0.3333,30.0,False,other,apify,2026-05-14T05:08:58.291800,wear-out
apify_fc6d03315b24,data\raw\ecommerce\apify_fc6d03315b24.jpg,0.0333,3.0,False,ecommerce,apify,2026-05-14T05:09:04.829720,cut-out
apify_9723750f8e41,data\raw\other\apify_9723750f8e41.jpg,0.4667,42.0,False,other,apify,2026-05-14T05:09:12.788840,wear-out
apify_b9e22e1940fe,data\raw\ecommerce\apify_b9e22e1940fe.jpg,0.7556,68.0,False,ecommerce,apify,2026-05-14T05:09:17.995799,wear-out
apify_812a497288de,data\raw\ecommerce\apify_812a497288de.jpg,0.8222,74.0,False,ecommerce,apify,2026-05-14T05:09:21.261255,wear-out
apify_4cdfcd77ab13,data\raw\ecommerce\apify_4cdfcd77ab13.jpg,0.7444,67.0,False,ecommerce,apify,2026-05-14T05:09:26.277558,wear-out
apify_46f0f41d9453,data\raw\ecommerce\apify_46f0f41d9453.jpg,0.7556,68.0,False,ecommerce,apify,2026-05-14T05:09:28.216861,wear-out
apify_b1ed73210a8d,data\raw\other\apify_b1ed73210a8d.jpg,0.2222,20.0,False,other,apify,2026-05-14T05:09:35.878060,wear-out
apify_75b2537afb11,data\raw\ecommerce\apify_75b2537afb11.jpg,0.6556,59.0,False,ecommerce,apify,2026-05-14T05:09:38.532445,wear-out
apify_a744f804d3e3,data\raw\other\apify_a744f804d3e3.jpg,0.4444,40.0,False,other,apify,2026-05-14T05:09:41.317540,wear-out
apify_efc22d4e4363,data\raw\ecommerce\apify_efc22d4e4363.jpg,0.1889,17.0,False,ecommerce,apify,2026-05-14T05:09:56.449000,wear-out
apify_8bf5d3a46d6c,data\raw\ecommerce\apify_8bf5d3a46d6c.jpg,0.0333,3.0,False,ecommerce,apify,2026-05-14T05:09:58.171312,cut-out
apify_e9a5630a1136,data\raw\ecommerce\apify_e9a5630a1136.jpg,0.1667,15.0,False,ecommerce,apify,2026-05-14T05:10:00.676100,wear-out
apify_98ec04c53f23,data\raw\other\apify_98ec04c53f23.jpg,0.1333,12.0,False,other,apify,2026-05-14T05:10:10.346339,wear-out
apify_0fe0ae7dfac5,data\raw\other\apify_0fe0ae7dfac5.jpg,0.6778,61.0,False,other,apify,2026-05-14T05:10:23.243783,wear-out
apify_84e1f9d0bb22,data\raw\ecommerce\apify_84e1f9d0bb22.jpg,0.7667,69.0,False,ecommerce,apify,2026-05-14T05:10:26.345102,wear-out
apify_2b4bcbfbfd7c,data\raw\other\apify_2b4bcbfbfd7c.jpg,0.6889,62.0,False,other,apify,2026-05-14T05:10:28.944007,wear-out
apify_076a0e7093b7,data\raw\ecommerce\apify_076a0e7093b7.jpg,0.1778,16.0,False,ecommerce,apify,2026-05-14T05:10:30.796738,wear-out
apify_ee32352212ea,data\raw\other\apify_ee32352212ea.jpg,0.8,72.0,False,other,apify,2026-05-14T05:10:35.410254,wear-out
apify_7fb7af556d59,data\raw\gaming\apify_7fb7af556d59.jpg,0.4667,42.0,False,gaming,apify,2026-05-14T05:10:37.688256,wear-out
apify_233a753b5923,data\raw\other\apify_233a753b5923.jpg,0.1333,12.0,False,other,apify,2026-05-14T05:10:45.848856,wear-out
apify_4e78d2c81037,data\raw\other\apify_4e78d2c81037.jpg,0.4444,40.0,False,other,apify,2026-05-14T05:10:50.996608,wear-out
apify_524e107b8324,data\raw\ecommerce\apify_524e107b8324.jpg,0.3556,32.0,False,ecommerce,apify,2026-05-14T05:10:53.759378,wear-out
apify_d48b21b459da,data\raw\ecommerce\apify_d48b21b459da.jpg,0.9667,87.0,False,ecommerce,apify,2026-05-14T05:10:56.776559,wear-out
apify_bee99263ea52,data\raw\ecommerce\apify_bee99263ea52.jpg,0.0111,1.0,False,ecommerce,apify,2026-05-14T05:11:03.284913,cut-out
apify_8ef325c20a5c,data\raw\other\apify_8ef325c20a5c.jpg,0.5778,52.0,False,other,apify,2026-05-14T05:11:17.781886,wear-out
apify_a8098c8bfcf0,data\raw\other\apify_a8098c8bfcf0.jpg,0.1,9.0,False,other,apify,2026-05-14T05:11:33.021084,wear-out
apify_ec5e8a20d48d,data\raw\ecommerce\apify_ec5e8a20d48d.jpg,0.7222,65.0,False,ecommerce,apify,2026-05-14T05:11:38.248799,wear-out
apify_09c416b6bf62,data\raw\ecommerce\apify_09c416b6bf62.jpg,0.2889,26.0,False,ecommerce,apify,2026-05-14T05:11:41.358482,wear-out
apify_5e2a3f1686ce,data\raw\ecommerce\apify_5e2a3f1686ce.jpg,0.6889,62.0,False,ecommerce,apify,2026-05-14T05:11:46.443137,wear-out
apify_5f5b2493df4f,data\raw\ecommerce\apify_5f5b2493df4f.jpg,0.1444,13.0,False,ecommerce,apify,2026-05-14T05:11:49.131797,wear-out
apify_84705baa2888,data\raw\other\apify_84705baa2888.jpg,0.2667,24.0,False,other,apify,2026-05-14T05:11:51.754286,wear-out
apify_7152cab6d797,data\raw\other\apify_7152cab6d797.jpg,0.1444,13.0,False,other,apify,2026-05-14T05:11:54.705813,wear-out
apify_26fb9e3c81c8,data\raw\other\apify_26fb9e3c81c8.jpg,0.3556,32.0,False,other,apify,2026-05-14T05:11:57.533840,wear-out
apify_ede46425a181,data\raw\other\apify_ede46425a181.jpg,0.2111,19.0,False,other,apify,2026-05-14T05:12:02.096017,wear-out
apify_bf3009b3319c,data\raw\ecommerce\apify_bf3009b3319c.jpg,0.1778,16.0,False,ecommerce,apify,2026-05-14T05:12:07.513153,wear-out
apify_f97a350000a0,data\raw\other\apify_f97a350000a0.jpg,0.8556,77.0,False,other,apify,2026-05-14T05:12:14.947168,wear-out
apify_b9c85bee01ce,data\raw\ecommerce\apify_b9c85bee01ce.jpg,0.8556,77.0,False,ecommerce,apify,2026-05-14T05:12:33.345032,wear-out
apify_1eba0038f645,data\raw\ecommerce\apify_1eba0038f645.jpg,0.7222,65.0,False,ecommerce,apify,2026-05-14T05:12:36.430282,wear-out
apify_49e1d8cb1b69,data\raw\ecommerce\apify_49e1d8cb1b69.jpg,0.8778,79.0,False,ecommerce,apify,2026-05-14T05:12:38.826147,wear-out
apify_9216cd4aefe2,data\raw\ecommerce\apify_9216cd4aefe2.jpg,0.2222,20.0,False,ecommerce,apify,2026-05-14T05:12:43.744229,wear-out
apify_3ba628294061,data\raw\ecommerce\apify_3ba628294061.jpg,0.4889,44.0,False,ecommerce,apify,2026-05-14T05:12:45.428089,wear-out
apify_755061a773bd,data\raw\other\apify_755061a773bd.jpg,0.6,54.0,False,other,apify,2026-05-14T05:12:53.959290,wear-out
apify_a5c3e577e0c9,data\raw\ecommerce\apify_a5c3e577e0c9.jpg,0.9111,82.0,False,ecommerce,apify,2026-05-14T05:12:55.703733,wear-out
apify_782635a4749e,data\raw\ecommerce\apify_782635a4749e.jpg,0.3111,28.0,False,ecommerce,apify,2026-05-14T05:13:00.880762,wear-out
apify_bf5d722b8986,data\raw\other\apify_bf5d722b8986.jpg,0.1556,14.0,False,other,apify,2026-05-14T05:13:03.455361,wear-out
apify_c9cbf4489b66,data\raw\ecommerce\apify_c9cbf4489b66.jpg,0.8667,78.0,False,ecommerce,apify,2026-05-14T05:13:06.614647,wear-out
apify_206c87bb0794,data\raw\ecommerce\apify_206c87bb0794.jpg,0.0333,3.0,False,ecommerce,apify,2026-05-14T05:13:08.396944,cut-out
apify_42887f1fa620,data\raw\other\apify_42887f1fa620.jpg,0.7444,67.0,False,other,apify,2026-05-14T05:13:14.038853,wear-out
apify_33444af655b7,data\raw\ecommerce\apify_33444af655b7.jpg,0.3889,35.0,False,ecommerce,apify,2026-05-14T05:13:16.565432,wear-out
apify_bad495228235,data\raw\other\apify_bad495228235.jpg,0.5556,50.0,False,other,apify,2026-05-14T05:13:22.501906,wear-out
apify_e724208c9494,data\raw\ecommerce\apify_e724208c9494.jpg,0.5111,46.0,False,ecommerce,apify,2026-05-14T05:13:32.142192,wear-out
apify_7a2d35f458be,data\raw\other\apify_7a2d35f458be.jpg,0.1111,10.0,False,other,apify,2026-05-14T05:13:34.146991,wear-out
apify_9d8b5d6c1628,data\raw\ecommerce\apify_9d8b5d6c1628.jpg,0.5667,51.0,False,ecommerce,apify,2026-05-14T05:13:38.461738,wear-out
apify_9c0d706a526e,data\raw\ecommerce\apify_9c0d706a526e.jpg,0.0778,7.0,False,ecommerce,apify,2026-05-14T05:13:42.914911,wear-out
apify_81f7fd11128d,data\raw\ecommerce\apify_81f7fd11128d.jpg,0.0333,3.0,False,ecommerce,apify,2026-05-14T05:13:45.557804,cut-out
apify_3c53c5607a58,data\raw\other\apify_3c53c5607a58.jpg,0.3444,31.0,False,other,apify,2026-05-14T05:13:47.103137,wear-out
apify_e7720910912f,data\raw\gaming\apify_e7720910912f.jpg,0.2111,19.0,False,gaming,apify,2026-05-14T05:13:49.504228,wear-out
apify_f43fce1a5ce6,data\raw\ecommerce\apify_f43fce1a5ce6.jpg,0.4,36.0,False,ecommerce,apify,2026-05-14T05:14:07.243380,wear-out
apify_a4bd99204a36,data\raw\ecommerce\apify_a4bd99204a36.jpg,0.0778,7.0,False,ecommerce,apify,2026-05-14T05:14:14.598439,wear-out
apify_33c4c113ba81,data\raw\ecommerce\apify_33c4c113ba81.jpg,0.4778,43.0,False,ecommerce,apify,2026-05-14T05:14:17.220853,wear-out
apify_a125450297e0,data\raw\ecommerce\apify_a125450297e0.jpg,0.6444,58.0,False,ecommerce,apify,2026-05-14T05:14:19.225791,wear-out
apify_c0990f44e1e3,data\raw\other\apify_c0990f44e1e3.jpg,0.4778,43.0,False,other,apify,2026-05-14T05:14:21.643907,wear-out
apify_5efcc513b27b,data\raw\other\apify_5efcc513b27b.jpg,0.1667,15.0,False,other,apify,2026-05-14T05:14:24.916640,wear-out
apify_cc3b8e8ed885,data\raw\other\apify_cc3b8e8ed885.jpg,0.4111,37.0,False,other,apify,2026-05-14T05:14:30.177986,wear-out
apify_b966d94ae6ad,data\raw\gaming\apify_b966d94ae6ad.jpg,0.3,27.0,False,gaming,apify,2026-05-14T05:14:32.950416,wear-out
apify_11a562c3ed23,data\raw\ecommerce\apify_11a562c3ed23.jpg,0.2333,21.0,False,ecommerce,apify,2026-05-14T05:14:35.392764,wear-out
apify_b2d6b0d1430a,data\raw\ecommerce\apify_b2d6b0d1430a.jpg,0.1778,16.0,False,ecommerce,apify,2026-05-14T05:14:39.911958,wear-out
apify_d3fa3e1961a7,data\raw\other\apify_d3fa3e1961a7.jpg,0.2111,19.0,False,other,apify,2026-05-14T05:14:42.687532,wear-out
apify_d882fc48df18,data\raw\other\apify_d882fc48df18.jpg,0.6333,57.0,False,other,apify,2026-05-14T05:14:45.008207,wear-out
apify_350d5c9f9966,data\raw\ecommerce\apify_350d5c9f9966.jpg,0.7,63.0,False,ecommerce,apify,2026-05-14T05:14:49.804208,wear-out
apify_61c43155d434,data\raw\other\apify_61c43155d434.jpg,0.3111,28.0,False,other,apify,2026-05-14T05:14:54.197186,wear-out
apify_78309b6d9a14,data\raw\ecommerce\apify_78309b6d9a14.jpg,0.2333,21.0,False,ecommerce,apify,2026-05-14T05:14:55.929984,wear-out
apify_481483bd3f3f,data\raw\ecommerce\apify_481483bd3f3f.jpg,0.0333,3.0,False,ecommerce,apify,2026-05-14T05:14:57.554583,cut-out
apify_1388920e93ed,data\raw\ecommerce\apify_1388920e93ed.jpg,0.1778,16.0,False,ecommerce,apify,2026-05-14T05:15:02.938413,wear-out
apify_a68dbdd3cbfa,data\raw\gaming\apify_a68dbdd3cbfa.jpg,0.8667,78.0,False,gaming,apify,2026-05-14T05:15:11.648095,wear-out
apify_0e4cd920e752,data\raw\ecommerce\apify_0e4cd920e752.jpg,0.0333,3.0,False,ecommerce,apify,2026-05-14T05:15:13.932407,cut-out
apify_7611a5b4ab3c,data\raw\other\apify_7611a5b4ab3c.jpg,0.7444,67.0,False,other,apify,2026-05-14T05:15:16.121495,wear-out
apify_681f5e5edb76,data\raw\other\apify_681f5e5edb76.jpg,0.8444,76.0,False,other,apify,2026-05-14T05:15:18.776326,wear-out
apify_6f446f272b7c,data\raw\ecommerce\apify_6f446f272b7c.jpg,0.1333,12.0,False,ecommerce,apify,2026-05-14T05:15:21.133139,wear-out
apify_0f223d13a43f,data\raw\ecommerce\apify_0f223d13a43f.jpg,0.5,45.0,False,ecommerce,apify,2026-05-14T05:15:23.406846,wear-out
apify_0d6ed45dc76c,data\raw\ecommerce\apify_0d6ed45dc76c.jpg,0.5222,47.0,False,ecommerce,apify,2026-05-14T05:15:25.799739,wear-out
apify_3ac608b1437e,data\raw\other\apify_3ac608b1437e.jpg,0.4778,43.0,False,other,apify,2026-05-14T05:15:27.992542,wear-out
apify_d477c60498ac,data\raw\ecommerce\apify_d477c60498ac.jpg,0.1889,17.0,False,ecommerce,apify,2026-05-14T05:15:30.067575,wear-out
apify_bc4d4c83dcfa,data\raw\ecommerce\apify_bc4d4c83dcfa.jpg,0.0667,6.0,False,ecommerce,apify,2026-05-14T05:15:35.201972,cut-out
apify_03a78e3937da,data\raw\ecommerce\apify_03a78e3937da.jpg,0.6444,58.0,False,ecommerce,apify,2026-05-14T05:15:37.531482,wear-out
apify_456281f1ecd4,data\raw\other\apify_456281f1ecd4.jpg,0.2667,24.0,False,other,apify,2026-05-14T05:15:39.844907,wear-out
apify_b08606741ef7,data\raw\ecommerce\apify_b08606741ef7.jpg,0.0889,8.0,False,ecommerce,apify,2026-05-14T05:15:47.078699,wear-out
apify_f9528dcef3b3,data\raw\ecommerce\apify_f9528dcef3b3.jpg,0.0667,6.0,False,ecommerce,apify,2026-05-14T05:15:53.786906,cut-out
apify_357308c67d48,data\raw\ecommerce\apify_357308c67d48.jpg,0.2,18.0,False,ecommerce,apify,2026-05-14T05:16:11.053782,wear-out
apify_6e2e1c0439b6,data\raw\ecommerce\apify_6e2e1c0439b6.jpg,0.7222,65.0,False,ecommerce,apify,2026-05-14T05:16:15.444731,wear-out
apify_d4fcd3df2e8f,data\raw\other\apify_d4fcd3df2e8f.jpg,0.6222,56.0,False,other,apify,2026-05-14T05:16:19.527282,wear-out
apify_fd2b9bf540c5,data\raw\ecommerce\apify_fd2b9bf540c5.jpg,0.6667,60.0,False,ecommerce,apify,2026-05-14T05:16:21.660403,wear-out
apify_64bdd76d2261,data\raw\ecommerce\apify_64bdd76d2261.jpg,0.7667,69.0,False,ecommerce,apify,2026-05-14T05:16:27.496090,wear-out
apify_099849524827,data\raw\other\apify_099849524827.jpg,0.1111,10.0,False,other,apify,2026-05-14T05:16:29.651216,wear-out
apify_32906d49d750,data\raw\ecommerce\apify_32906d49d750.jpg,0.1,9.0,False,ecommerce,apify,2026-05-14T05:16:33.798558,wear-out
apify_7065c166335b,data\raw\other\apify_7065c166335b.jpg,0.7556,68.0,False,other,apify,2026-05-14T05:16:36.375398,wear-out
apify_7e3a7d5a76a3,data\raw\ecommerce\apify_7e3a7d5a76a3.jpg,0.6222,56.0,False,ecommerce,apify,2026-05-14T05:16:38.338058,wear-out
apify_c5f4091af014,data\raw\ecommerce\apify_c5f4091af014.jpg,0.2667,24.0,False,ecommerce,apify,2026-05-14T05:16:40.131783,wear-out
apify_25d1230c6d5a,data\raw\ecommerce\apify_25d1230c6d5a.jpg,0.0556,5.0,False,ecommerce,apify,2026-05-14T05:16:47.045846,cut-out
apify_62b0609e26d9,data\raw\ecommerce\apify_62b0609e26d9.jpg,0.0444,4.0,False,ecommerce,apify,2026-05-14T05:16:49.123836,cut-out
apify_033c4d20aa6c,data\raw\ecommerce\apify_033c4d20aa6c.jpg,0.8333,75.0,False,ecommerce,apify,2026-05-14T05:16:51.732737,wear-out
apify_28f9ef053932,data\raw\ecommerce\apify_28f9ef053932.jpg,0.7111,64.0,False,ecommerce,apify,2026-05-14T05:16:54.533034,wear-out
apify_5e8fd595e6d1,data\raw\ecommerce\apify_5e8fd595e6d1.jpg,0.2333,21.0,False,ecommerce,apify,2026-05-14T05:16:59.063603,wear-out
apify_c4577c79ada2,data\raw\ecommerce\apify_c4577c79ada2.jpg,0.1667,15.0,False,ecommerce,apify,2026-05-14T05:17:01.545096,wear-out
apify_33bee99a665c,data\raw\other\apify_33bee99a665c.jpg,0.3,27.0,False,other,apify,2026-05-14T05:17:04.137882,wear-out
apify_25dc34980041,data\raw\ecommerce\apify_25dc34980041.jpg,0.0778,7.0,False,ecommerce,apify,2026-05-14T05:17:13.680322,wear-out
apify_e72419389c3b,data\raw\ecommerce\apify_e72419389c3b.jpg,0.5111,46.0,False,ecommerce,apify,2026-05-14T05:17:16.379648,wear-out
apify_44ed04b4e44a,data\raw\ecommerce\apify_44ed04b4e44a.jpg,0.1778,16.0,False,ecommerce,apify,2026-05-14T05:17:26.122141,wear-out
apify_bb319f8a3586,data\raw\ecommerce\apify_bb319f8a3586.jpg,0.1556,14.0,False,ecommerce,apify,2026-05-14T05:17:28.831784,wear-out
apify_73207a7afef4,data\raw\ecommerce\apify_73207a7afef4.jpg,0.6111,55.0,False,ecommerce,apify,2026-05-14T05:17:30.888361,wear-out
apify_0e8f82dba29f,data\raw\ecommerce\apify_0e8f82dba29f.jpg,0.6556,59.0,False,ecommerce,apify,2026-05-14T05:17:39.112439,wear-out
apify_fdd67bfefa7d,data\raw\ecommerce\apify_fdd67bfefa7d.jpg,0.0111,1.0,False,ecommerce,apify,2026-05-14T05:17:41.681296,cut-out
apify_bf6d552f9fc8,data\raw\ecommerce\apify_bf6d552f9fc8.jpg,0.2111,19.0,False,ecommerce,apify,2026-05-14T05:17:43.972801,wear-out
apify_c26faaf24e0b,data\raw\ecommerce\apify_c26faaf24e0b.jpg,0.1444,13.0,False,ecommerce,apify,2026-05-14T05:17:48.873667,wear-out
apify_2273ba1e542f,data\raw\other\apify_2273ba1e542f.jpg,0.3,27.0,False,other,apify,2026-05-14T05:17:55.939223,wear-out
apify_f38ed15e2f13,data\raw\ecommerce\apify_f38ed15e2f13.jpg,0.5,45.0,False,ecommerce,apify,2026-05-14T05:17:59.914327,wear-out
apify_70ae0a614303,data\raw\other\apify_70ae0a614303.jpg,0.6556,59.0,False,other,apify,2026-05-14T05:18:04.971887,wear-out
apify_63df600c75b5,data\raw\ecommerce\apify_63df600c75b5.jpg,0.9778,88.0,False,ecommerce,apify,2026-05-14T05:18:07.726747,wear-out
apify_00099ff961dc,data\raw\other\apify_00099ff961dc.jpg,0.1333,12.0,False,other,apify,2026-05-14T05:18:10.407859,wear-out
apify_8ad6d9a289f2,data\raw\ecommerce\apify_8ad6d9a289f2.jpg,0.0667,6.0,False,ecommerce,apify,2026-05-14T05:18:23.292138,cut-out
apify_5ff44eb43b7c,data\raw\other\apify_5ff44eb43b7c.jpg,0.0444,4.0,False,other,apify,2026-05-14T05:18:27.474734,cut-out
apify_9e7f5ed93681,data\raw\ecommerce\apify_9e7f5ed93681.jpg,0.5333,48.0,False,ecommerce,apify,2026-05-14T05:18:30.023833,wear-out
apify_2ec64d0b3e35,data\raw\ecommerce\apify_2ec64d0b3e35.jpg,0.5444,49.0,False,ecommerce,apify,2026-05-14T05:18:34.818736,wear-out
apify_c3f48d2bd04c,data\raw\gaming\apify_c3f48d2bd04c.jpg,0.4667,42.0,False,gaming,apify,2026-05-14T05:18:37.051697,wear-out
apify_ea0ec1bf1196,data\raw\other\apify_ea0ec1bf1196.jpg,0.5556,50.0,False,other,apify,2026-05-14T05:18:40.796721,wear-out
apify_40226d660a9c,data\raw\ecommerce\apify_40226d660a9c.jpg,0.3,27.0,False,ecommerce,apify,2026-05-14T05:18:43.363697,wear-out
apify_7a68aaf2796c,data\raw\ecommerce\apify_7a68aaf2796c.jpg,0.1,9.0,False,ecommerce,apify,2026-05-14T05:18:45.147320,wear-out
apify_77d0623ba3f3,data\raw\ecommerce\apify_77d0623ba3f3.jpg,0.0889,8.0,False,ecommerce,apify,2026-05-14T05:18:46.942701,wear-out
apify_3b55f52eab50,data\raw\ecommerce\apify_3b55f52eab50.jpg,0.0556,5.0,False,ecommerce,apify,2026-05-14T05:18:50.080196,cut-out
apify_cac578aba72f,data\raw\ecommerce\apify_cac578aba72f.jpg,0.4333,39.0,False,ecommerce,apify,2026-05-14T05:18:52.314739,wear-out
apify_4cc3f9e1d6e5,data\raw\other\apify_4cc3f9e1d6e5.jpg,0.4111,37.0,False,other,apify,2026-05-14T05:18:58.343299,wear-out
apify_0baa7efe9bdb,data\raw\other\apify_0baa7efe9bdb.jpg,0.1444,13.0,False,other,apify,2026-05-14T05:19:00.652637,wear-out
apify_c7f312643edd,data\raw\other\apify_c7f312643edd.jpg,0.8556,77.0,False,other,apify,2026-05-14T05:19:02.863601,wear-out
apify_2357d5174c7e,data\raw\ecommerce\apify_2357d5174c7e.jpg,0.4222,38.0,False,ecommerce,apify,2026-05-14T05:19:05.607129,wear-out
apify_9b17a2a410de,data\raw\ecommerce\apify_9b17a2a410de.jpg,0.4111,37.0,False,ecommerce,apify,2026-05-14T05:19:08.017117,wear-out
apify_bcbf89dca530,data\raw\ecommerce\apify_bcbf89dca530.jpg,0.7111,64.0,False,ecommerce,apify,2026-05-14T05:19:10.808260,wear-out
apify_e776b4bb9250,data\raw\ecommerce\apify_e776b4bb9250.jpg,0.2,18.0,False,ecommerce,apify,2026-05-14T05:19:12.972563,wear-out
apify_7850ac2842ee,data\raw\ecommerce\apify_7850ac2842ee.jpg,0.2556,23.0,False,ecommerce,apify,2026-05-14T05:19:23.198431,wear-out
apify_ee6ab410f574,data\raw\ecommerce\apify_ee6ab410f574.jpg,0.5,45.0,False,ecommerce,apify,2026-05-14T05:19:29.909883,wear-out
apify_18b48daab763,data\raw\ecommerce\apify_18b48daab763.jpg,0.0444,4.0,False,ecommerce,apify,2026-05-14T05:19:38.499517,cut-out
apify_b83fbc11b85b,data\raw\ecommerce\apify_b83fbc11b85b.jpg,0.0444,4.0,False,ecommerce,apify,2026-05-14T05:19:41.468519,cut-out
apify_5831364ad364,data\raw\ecommerce\apify_5831364ad364.jpg,0.4111,37.0,False,ecommerce,apify,2026-05-14T05:19:46.428592,wear-out
apify_911b64e94404,data\raw\ecommerce\apify_911b64e94404.jpg,0.3333,30.0,False,ecommerce,apify,2026-05-14T05:19:51.926557,wear-out
apify_fe0ccea9edce,data\raw\other\apify_fe0ccea9edce.jpg,0.1778,16.0,False,other,apify,2026-05-14T05:19:53.620430,wear-out
apify_0a6b668d3f44,data\raw\ecommerce\apify_0a6b668d3f44.jpg,0.6556,59.0,False,ecommerce,apify,2026-05-14T05:19:56.655092,wear-out
apify_6bbf6eaa16fb,data\raw\finance\apify_6bbf6eaa16fb.jpg,0.7667,69.0,False,finance,apify,2026-05-14T05:20:04.796055,wear-out
apify_ade6a931f5dc,data\raw\other\apify_ade6a931f5dc.jpg,0.3222,29.0,False,other,apify,2026-05-14T05:20:07.957459,wear-out
apify_9a8e73712c89,data\raw\other\apify_9a8e73712c89.jpg,0.3222,29.0,False,other,apify,2026-05-14T05:20:10.935588,wear-out
apify_2b9a41fa4ec0,data\raw\ecommerce\apify_2b9a41fa4ec0.jpg,0.1778,16.0,False,ecommerce,apify,2026-05-14T05:20:12.943198,wear-out
apify_b4c76c5c03d3,data\raw\ecommerce\apify_b4c76c5c03d3.jpg,0.9889,89.0,False,ecommerce,apify,2026-05-14T05:20:15.125767,wear-out
apify_5bdcaa45fb30,data\raw\other\apify_5bdcaa45fb30.jpg,0.6222,56.0,False,other,apify,2026-05-14T05:20:18.443528,wear-out
apify_48475ca121be,data\raw\ecommerce\apify_48475ca121be.jpg,0.3556,32.0,False,ecommerce,apify,2026-05-14T05:20:20.724719,wear-out
apify_46512fbdb031,data\raw\ecommerce\apify_46512fbdb031.jpg,0.7333,66.0,False,ecommerce,apify,2026-05-14T05:20:28.397943,wear-out
apify_cf3084723595,data\raw\other\apify_cf3084723595.jpg,0.2333,21.0,False,other,apify,2026-05-14T05:20:31.101411,wear-out
apify_8bd75dfca398,data\raw\ecommerce\apify_8bd75dfca398.jpg,0.8,72.0,False,ecommerce,apify,2026-05-14T05:20:35.779165,wear-out
apify_9b465557bacb,data\raw\other\apify_9b465557bacb.jpg,0.5111,46.0,False,other,apify,2026-05-14T05:20:37.599042,wear-out
apify_ec3059b2230d,data\raw\ecommerce\apify_ec3059b2230d.jpg,0.8889,80.0,False,ecommerce,apify,2026-05-14T05:20:45.429179,wear-out
apify_56f497ce7386,data\raw\other\apify_56f497ce7386.jpg,0.2333,21.0,False,other,apify,2026-05-14T05:20:51.079937,wear-out
apify_0e6be1bdccd1,data\raw\ecommerce\apify_0e6be1bdccd1.jpg,0.6111,55.0,False,ecommerce,apify,2026-05-14T05:20:56.815845,wear-out
apify_2fed01028164,data\raw\ecommerce\apify_2fed01028164.jpg,0.4444,40.0,False,ecommerce,apify,2026-05-14T05:20:58.990931,wear-out
apify_5302c39c0780,data\raw\other\apify_5302c39c0780.jpg,0.6667,60.0,False,other,apify,2026-05-14T05:21:01.390215,wear-out
apify_5d487bd32d87,data\raw\ecommerce\apify_5d487bd32d87.jpg,0.5333,48.0,False,ecommerce,apify,2026-05-14T05:21:06.697578,wear-out
apify_8f122a570d18,data\raw\other\apify_8f122a570d18.jpg,0.3889,35.0,False,other,apify,2026-05-14T05:21:08.980289,wear-out
apify_0acbabf391ce,data\raw\ecommerce\apify_0acbabf391ce.jpg,0.0444,4.0,False,ecommerce,apify,2026-05-14T05:21:12.126808,cut-out
apify_c6b3ee7f1ae8,data\raw\ecommerce\apify_c6b3ee7f1ae8.jpg,0.0444,4.0,False,ecommerce,apify,2026-05-14T05:21:15.278919,cut-out
apify_983f26a67881,data\raw\ecommerce\apify_983f26a67881.jpg,0.0444,4.0,False,ecommerce,apify,2026-05-14T05:21:18.230946,cut-out
apify_ec4a6c9deae9,data\raw\other\apify_ec4a6c9deae9.jpg,0.4778,43.0,False,other,apify,2026-05-14T05:21:21.321895,wear-out
apify_3c8bae98ea6e,data\raw\other\apify_3c8bae98ea6e.jpg,0.2889,26.0,False,other,apify,2026-05-14T05:21:23.963281,wear-out
apify_e5bc0212f324,data\raw\other\apify_e5bc0212f324.jpg,0.3778,34.0,False,other,apify,2026-05-14T05:21:26.361400,wear-out
apify_2fd91328d042,data\raw\other\apify_2fd91328d042.jpg,0.0778,7.0,False,other,apify,2026-05-14T05:21:34.905271,wear-out
apify_e6684a498f40,data\raw\gaming\apify_e6684a498f40.jpg,0.1778,16.0,False,gaming,apify,2026-05-14T05:21:39.362768,wear-out
apify_18605655bb65,data\raw\other\apify_18605655bb65.jpg,0.4111,37.0,False,other,apify,2026-05-14T05:21:44.873653,wear-out
apify_d0aa955e1a72,data\raw\other\apify_d0aa955e1a72.jpg,0.1,9.0,False,other,apify,2026-05-14T05:21:48.135897,wear-out
apify_12a34d8a923a,data\raw\ecommerce\apify_12a34d8a923a.jpg,0.4889,44.0,False,ecommerce,apify,2026-05-14T05:21:50.120102,wear-out
apify_6b3784d13335,data\raw\gaming\apify_6b3784d13335.jpg,0.5333,48.0,False,gaming,apify,2026-05-14T05:21:51.992657,wear-out
apify_143d2cdf8bb7,data\raw\ecommerce\apify_143d2cdf8bb7.jpg,0.4444,40.0,False,ecommerce,apify,2026-05-14T05:21:53.981929,wear-out
apify_bd7fe636eaed,data\raw\ecommerce\apify_bd7fe636eaed.jpg,0.5667,51.0,False,ecommerce,apify,2026-05-14T05:21:58.623417,wear-out
apify_343f4c699ca6,data\raw\ecommerce\apify_343f4c699ca6.jpg,0.5111,46.0,False,ecommerce,apify,2026-05-14T05:22:01.235401,wear-out
apify_4ed1b9aca458,data\raw\other\apify_4ed1b9aca458.jpg,0.2889,26.0,False,other,apify,2026-05-14T05:22:04.247271,wear-out
apify_c059fe8a7f81,data\raw\other\apify_c059fe8a7f81.jpg,0.9333,84.0,False,other,apify,2026-05-14T05:22:09.722879,wear-out
apify_7a60abacdbb8,data\raw\other\apify_7a60abacdbb8.jpg,0.5111,46.0,False,other,apify,2026-05-14T05:22:12.483876,wear-out
apify_1a24cadea35c,data\raw\ecommerce\apify_1a24cadea35c.jpg,0.5889,53.0,False,ecommerce,apify,2026-05-14T05:22:15.135100,wear-out
apify_6d329594ba6a,data\raw\ecommerce\apify_6d329594ba6a.jpg,0.1444,13.0,False,ecommerce,apify,2026-05-14T05:22:17.331346,wear-out
apify_1daacd615e6d,data\raw\other\apify_1daacd615e6d.jpg,0.1444,13.0,False,other,apify,2026-05-14T05:22:20.004557,wear-out
apify_b869dcad66ae,data\raw\ecommerce\apify_b869dcad66ae.jpg,0.2222,20.0,False,ecommerce,apify,2026-05-14T05:22:22.711287,wear-out
apify_f74403b363c4,data\raw\ecommerce\apify_f74403b363c4.jpg,0.5111,46.0,False,ecommerce,apify,2026-05-14T05:22:25.664133,wear-out
apify_9b4a6235789e,data\raw\ecommerce\apify_9b4a6235789e.jpg,0.4778,43.0,False,ecommerce,apify,2026-05-14T05:22:28.469750,wear-out
apify_3010461204b5,data\raw\ecommerce\apify_3010461204b5.jpg,0.6111,55.0,False,ecommerce,apify,2026-05-14T05:22:32.251723,wear-out
apify_43b821737538,data\raw\ecommerce\apify_43b821737538.jpg,0.3444,31.0,False,ecommerce,apify,2026-05-14T05:22:34.239293,wear-out
apify_3459cf6d63e2,data\raw\other\apify_3459cf6d63e2.jpg,0.3333,30.0,False,other,apify,2026-05-14T05:22:36.670165,wear-out
apify_64e0c0560e43,data\raw\other\apify_64e0c0560e43.jpg,0.3778,34.0,False,other,apify,2026-05-14T05:22:38.347135,wear-out
apify_cd3aa0b6d4b3,data\raw\other\apify_cd3aa0b6d4b3.jpg,0.1111,10.0,False,other,apify,2026-05-14T05:22:43.155433,wear-out
apify_6de3b555646a,data\raw\ecommerce\apify_6de3b555646a.jpg,0.3,27.0,False,ecommerce,apify,2026-05-14T05:22:45.329873,wear-out
apify_41287d9aafd5,data\raw\ecommerce\apify_41287d9aafd5.jpg,0.0556,5.0,False,ecommerce,apify,2026-05-14T05:22:47.999732,cut-out
apify_3163016cd4da,data\raw\ecommerce\apify_3163016cd4da.jpg,0.0444,4.0,False,ecommerce,apify,2026-05-14T05:22:53.108482,cut-out
apify_61b4a999652a,data\raw\ecommerce\apify_61b4a999652a.jpg,0.0889,8.0,False,ecommerce,apify,2026-05-14T05:22:55.226959,wear-out
apify_37199ea9f524,data\raw\other\apify_37199ea9f524.jpg,0.9333,84.0,False,other,apify,2026-05-14T05:22:57.621666,wear-out
apify_5de56a5d2e45,data\raw\ecommerce\apify_5de56a5d2e45.jpg,0.0222,2.0,False,ecommerce,apify,2026-05-14T05:23:00.386541,cut-out
apify_5710a11847aa,data\raw\ecommerce\apify_5710a11847aa.jpg,0.2,18.0,False,ecommerce,apify,2026-05-14T05:23:06.411985,wear-out
apify_1eac1ce67ed3,data\raw\ecommerce\apify_1eac1ce67ed3.jpg,0.3111,28.0,False,ecommerce,apify,2026-05-14T05:23:09.222956,wear-out
apify_6020d078766b,data\raw\ecommerce\apify_6020d078766b.jpg,0.1444,13.0,False,ecommerce,apify,2026-05-14T05:23:11.783182,wear-out
apify_07a26a0ca3e5,data\raw\ecommerce\apify_07a26a0ca3e5.jpg,0.3111,28.0,False,ecommerce,apify,2026-05-14T05:23:14.122859,wear-out
apify_f88185a19ad1,data\raw\ecommerce\apify_f88185a19ad1.jpg,0.7556,68.0,False,ecommerce,apify,2026-05-14T05:23:15.581132,wear-out
apify_b6196b0071e7,data\raw\ecommerce\apify_b6196b0071e7.jpg,0.0667,6.0,False,ecommerce,apify,2026-05-14T05:23:18.099855,cut-out
apify_8061f4532eac,data\raw\ecommerce\apify_8061f4532eac.jpg,0.3556,32.0,False,ecommerce,apify,2026-05-14T05:23:20.551970,wear-out
apify_49ece4d43615,data\raw\other\apify_49ece4d43615.jpg,0.3778,34.0,False,other,apify,2026-05-14T05:23:23.397147,wear-out
apify_ec21fb467905,data\raw\ecommerce\apify_ec21fb467905.jpg,0.2444,22.0,False,ecommerce,apify,2026-05-14T05:23:28.661836,wear-out
apify_658abdc08c66,data\raw\ecommerce\apify_658abdc08c66.jpg,0.7333,66.0,False,ecommerce,apify,2026-05-14T05:23:31.794821,wear-out
apify_5bce5055dfbf,data\raw\ecommerce\apify_5bce5055dfbf.jpg,0.2444,22.0,False,ecommerce,apify,2026-05-14T05:23:34.113740,wear-out
apify_c91107f6c3a5,data\raw\ecommerce\apify_c91107f6c3a5.jpg,0.8111,73.0,False,ecommerce,apify,2026-05-14T05:23:42.030672,wear-out
apify_f2db2acedd89,data\raw\ecommerce\apify_f2db2acedd89.jpg,0.7444,67.0,False,ecommerce,apify,2026-05-14T05:23:44.188054,wear-out
apify_7e159b3c575c,data\raw\other\apify_7e159b3c575c.jpg,0.2444,22.0,False,other,apify,2026-05-14T05:23:50.906149,wear-out
apify_ebed20ba41d2,data\raw\ecommerce\apify_ebed20ba41d2.jpg,0.7556,68.0,False,ecommerce,apify,2026-05-14T05:23:52.920288,wear-out
apify_0073abe4f7fb,data\raw\other\apify_0073abe4f7fb.jpg,0.1333,12.0,False,other,apify,2026-05-14T05:23:55.457476,wear-out
apify_9db5b82e5395,data\raw\other\apify_9db5b82e5395.jpg,0.4778,43.0,False,other,apify,2026-05-14T05:24:02.237481,wear-out
apify_99359467b85e,data\raw\gaming\apify_99359467b85e.jpg,0.0778,7.0,False,gaming,apify,2026-05-14T05:24:05.027189,wear-out
apify_9fa8343d1914,data\raw\ecommerce\apify_9fa8343d1914.jpg,0.7778,70.0,False,ecommerce,apify,2026-05-14T05:24:07.682012,wear-out
apify_df4fc470eddb,data\raw\ecommerce\apify_df4fc470eddb.jpg,0.0444,4.0,False,ecommerce,apify,2026-05-14T05:24:10.151423,cut-out
apify_3528eab859cc,data\raw\ecommerce\apify_3528eab859cc.jpg,0.2667,24.0,False,ecommerce,apify,2026-05-14T05:24:15.068412,wear-out
apify_65da980a83d3,data\raw\other\apify_65da980a83d3.jpg,0.6667,60.0,False,other,apify,2026-05-14T05:24:22.916391,wear-out
apify_520cce352784,data\raw\ecommerce\apify_520cce352784.jpg,0.4222,38.0,False,ecommerce,apify,2026-05-14T05:24:24.703885,wear-out
apify_4cc05a42f695,data\raw\ecommerce\apify_4cc05a42f695.jpg,0.0778,7.0,False,ecommerce,apify,2026-05-14T05:24:27.523702,wear-out
apify_969f0f64b110,data\raw\ecommerce\apify_969f0f64b110.jpg,0.2222,20.0,False,ecommerce,apify,2026-05-14T05:24:30.402991,wear-out
apify_330769b04ee0,data\raw\ecommerce\apify_330769b04ee0.jpg,0.5556,50.0,False,ecommerce,apify,2026-05-14T05:24:41.011300,wear-out
apify_df84899636c0,data\raw\other\apify_df84899636c0.jpg,0.5222,47.0,False,other,apify,2026-05-14T05:24:43.098843,wear-out
apify_ce84dedabeb8,data\raw\ecommerce\apify_ce84dedabeb8.jpg,0.3889,35.0,False,ecommerce,apify,2026-05-14T05:24:50.764569,wear-out
apify_bcb7c4295a75,data\raw\ecommerce\apify_bcb7c4295a75.jpg,0.0444,4.0,False,ecommerce,apify,2026-05-14T05:24:58.209567,cut-out
apify_4ad8426c91e2,data\raw\other\apify_4ad8426c91e2.jpg,0.5556,50.0,False,other,apify,2026-05-14T05:25:00.836864,wear-out
apify_06b2a7955ea1,data\raw\ecommerce\apify_06b2a7955ea1.jpg,0.0667,6.0,False,ecommerce,apify,2026-05-14T05:25:03.124450,cut-out
apify_381fa900e712,data\raw\ecommerce\apify_381fa900e712.jpg,0.0667,6.0,False,ecommerce,apify,2026-05-14T05:25:05.652665,cut-out
apify_bc5633556023,data\raw\other\apify_bc5633556023.jpg,0.6,54.0,False,other,apify,2026-05-14T05:25:07.922177,wear-out
apify_306da26321e6,data\raw\ecommerce\apify_306da26321e6.jpg,0.6667,60.0,False,ecommerce,apify,2026-05-14T05:25:13.948519,wear-out
apify_59a510362af9,data\raw\gaming\apify_59a510362af9.jpg,0.5,45.0,False,gaming,apify,2026-05-14T05:25:16.391996,wear-out
apify_c4caab2c1da7,data\raw\other\apify_c4caab2c1da7.jpg,0.3778,34.0,False,other,apify,2026-05-14T05:25:19.709557,wear-out
apify_4101e7acf64d,data\raw\gaming\apify_4101e7acf64d.jpg,0.5778,52.0,False,gaming,apify,2026-05-14T05:25:21.988483,wear-out
apify_8268d821ea39,data\raw\ecommerce\apify_8268d821ea39.jpg,0.5556,50.0,False,ecommerce,apify,2026-05-14T05:25:23.977570,wear-out
apify_6cc84aafbd6d,data\raw\ecommerce\apify_6cc84aafbd6d.jpg,0.0444,4.0,False,ecommerce,apify,2026-05-14T05:25:26.760624,cut-out
apify_399f75f55faa,data\raw\ecommerce\apify_399f75f55faa.jpg,0.3333,30.0,False,ecommerce,apify,2026-05-14T05:25:32.115731,wear-out
apify_ce1ff4339ef8,data\raw\other\apify_ce1ff4339ef8.jpg,0.9667,87.0,False,other,apify,2026-05-14T05:25:34.402871,wear-out
apify_fa5f88bd235b,data\raw\other\apify_fa5f88bd235b.jpg,0.5444,49.0,False,other,apify,2026-05-14T05:25:37.172697,wear-out
apify_9702229d1b79,data\raw\ecommerce\apify_9702229d1b79.jpg,0.1778,16.0,False,ecommerce,apify,2026-05-14T05:25:39.798965,wear-out
apify_0952636a0f4c,data\raw\ecommerce\apify_0952636a0f4c.jpg,0.0889,8.0,False,ecommerce,apify,2026-05-14T05:25:42.006685,wear-out
apify_f0432b2cb4de,data\raw\other\apify_f0432b2cb4de.jpg,0.0889,8.0,False,other,apify,2026-05-14T05:25:44.996444,wear-out
apify_04ee917e8cb2,data\raw\ecommerce\apify_04ee917e8cb2.jpg,0.0222,2.0,False,ecommerce,apify,2026-05-14T05:25:46.956128,cut-out
apify_2ccd28389471,data\raw\other\apify_2ccd28389471.jpg,0.5889,53.0,False,other,apify,2026-05-14T05:25:49.592765,wear-out
apify_1fc20e23b362,data\raw\other\apify_1fc20e23b362.jpg,0.0778,7.0,False,other,apify,2026-05-14T05:25:52.371399,wear-out
apify_c219cf510f7d,data\raw\ecommerce\apify_c219cf510f7d.jpg,0.7111,64.0,False,ecommerce,apify,2026-05-14T05:25:56.112268,wear-out
apify_7de58510dcea,data\raw\ecommerce\apify_7de58510dcea.jpg,0.9667,87.0,False,ecommerce,apify,2026-05-14T05:25:58.641356,wear-out
apify_55fb2569970a,data\raw\ecommerce\apify_55fb2569970a.jpg,0.0778,7.0,False,ecommerce,apify,2026-05-14T05:26:01.439471,wear-out
apify_2826424d7a8e,data\raw\other\apify_2826424d7a8e.jpg,0.1222,11.0,False,other,apify,2026-05-14T05:26:04.455301,wear-out
apify_8dcd91a1ce11,data\raw\ecommerce\apify_8dcd91a1ce11.jpg,0.1,9.0,False,ecommerce,apify,2026-05-14T05:26:06.912540,wear-out
apify_e9d0af34b4f7,data\raw\other\apify_e9d0af34b4f7.jpg,0.8333,75.0,False,other,apify,2026-05-14T05:26:10.095243,wear-out
apify_4c86e1d2eb26,data\raw\ecommerce\apify_4c86e1d2eb26.jpg,0.4667,42.0,False,ecommerce,apify,2026-05-14T05:26:12.377985,wear-out
apify_6b375de3379d,data\raw\other\apify_6b375de3379d.jpg,0.1667,15.0,False,other,apify,2026-05-14T05:26:15.579436,wear-out
apify_47ec008a0af1,data\raw\ecommerce\apify_47ec008a0af1.jpg,0.6,54.0,False,ecommerce,apify,2026-05-14T05:26:17.738338,wear-out
apify_f541547045c7,data\raw\ecommerce\apify_f541547045c7.jpg,0.0444,4.0,False,ecommerce,apify,2026-05-14T05:26:24.867639,cut-out
apify_afb7c76ea88c,data\raw\ecommerce\apify_afb7c76ea88c.jpg,0.7,63.0,False,ecommerce,apify,2026-05-14T05:26:34.968574,wear-out
apify_ee559cf0c2a8,data\raw\ecommerce\apify_ee559cf0c2a8.jpg,0.0556,5.0,False,ecommerce,apify,2026-05-14T05:26:39.649868,cut-out
apify_706b664ff6f6,data\raw\ecommerce\apify_706b664ff6f6.jpg,0.0222,2.0,False,ecommerce,apify,2026-05-14T05:26:44.265485,cut-out
apify_dd1c57412af3,data\raw\ecommerce\apify_dd1c57412af3.jpg,0.7556,68.0,False,ecommerce,apify,2026-05-14T05:26:46.602330,wear-out
apify_1b5e2abb1643,data\raw\other\apify_1b5e2abb1643.jpg,0.2111,19.0,False,other,apify,2026-05-14T05:26:49.505843,wear-out
apify_f139507ebb84,data\raw\other\apify_f139507ebb84.jpg,0.1889,17.0,False,other,apify,2026-05-14T05:26:51.783765,wear-out
apify_32c104e24f84,data\raw\ecommerce\apify_32c104e24f84.jpg,0.4333,39.0,False,ecommerce,apify,2026-05-14T05:26:58.971464,wear-out
apify_683e7c8a44a9,data\raw\ecommerce\apify_683e7c8a44a9.jpg,0.4111,37.0,False,ecommerce,apify,2026-05-14T05:27:04.858216,wear-out
apify_8fccd3b47dac,data\raw\gaming\apify_8fccd3b47dac.jpg,0.3889,35.0,False,gaming,apify,2026-05-14T05:27:11.368270,wear-out
apify_744657846583,data\raw\other\apify_744657846583.jpg,0.6111,55.0,False,other,apify,2026-05-14T05:27:13.530495,wear-out
apify_a9d97e7976a5,data\raw\ecommerce\apify_a9d97e7976a5.jpg,0.5889,53.0,False,ecommerce,apify,2026-05-14T05:27:16.384214,wear-out
apify_1bce71df78a6,data\raw\ecommerce\apify_1bce71df78a6.jpg,0.2556,23.0,False,ecommerce,apify,2026-05-14T05:27:19.431327,wear-out
apify_1586fe4c1543,data\raw\ecommerce\apify_1586fe4c1543.jpg,0.4444,40.0,False,ecommerce,apify,2026-05-14T05:27:22.022314,wear-out
apify_b24815e40ae0,data\raw\ecommerce\apify_b24815e40ae0.jpg,0.4556,41.0,False,ecommerce,apify,2026-05-14T05:27:24.710524,wear-out
apify_ebdf98bc4a3e,data\raw\other\apify_ebdf98bc4a3e.jpg,0.6889,62.0,False,other,apify,2026-05-14T05:27:31.150773,wear-out
apify_384e5df509d6,data\raw\ecommerce\apify_384e5df509d6.jpg,0.2,18.0,False,ecommerce,apify,2026-05-14T05:27:33.521421,wear-out
apify_b977e9390983,data\raw\other\apify_b977e9390983.jpg,0.1222,11.0,False,other,apify,2026-05-14T05:27:36.252044,wear-out
apify_b70aa75e5eaf,data\raw\ecommerce\apify_b70aa75e5eaf.jpg,0.1444,13.0,False,ecommerce,apify,2026-05-14T05:27:40.192530,wear-out
apify_dcb8f44587c8,data\raw\ecommerce\apify_dcb8f44587c8.jpg,0.1667,15.0,False,ecommerce,apify,2026-05-14T05:27:42.816319,wear-out
apify_0912d6c291b7,data\raw\gaming\apify_0912d6c291b7.jpg,0.3111,28.0,False,gaming,apify,2026-05-14T05:27:48.402519,wear-out
apify_ece6a57141bd,data\raw\other\apify_ece6a57141bd.jpg,0.0667,6.0,False,other,apify,2026-05-14T05:27:53.624954,cut-out
apify_28812f068f4c,data\raw\ecommerce\apify_28812f068f4c.jpg,0.5111,46.0,False,ecommerce,apify,2026-05-14T05:27:55.477797,wear-out
apify_cc77f185b9b7,data\raw\ecommerce\apify_cc77f185b9b7.jpg,0.7889,71.0,False,ecommerce,apify,2026-05-14T05:27:57.837968,wear-out
apify_45dc2be7d77d,data\raw\other\apify_45dc2be7d77d.jpg,0.2444,22.0,False,other,apify,2026-05-14T05:28:03.284455,wear-out
apify_3f9559f0b88e,data\raw\ecommerce\apify_3f9559f0b88e.jpg,0.5111,46.0,False,ecommerce,apify,2026-05-14T05:28:06.154868,wear-out
apify_1bffa39e6ae1,data\raw\ecommerce\apify_1bffa39e6ae1.jpg,0.0556,5.0,False,ecommerce,apify,2026-05-14T05:28:08.675956,cut-out
apify_42b1f1cad396,data\raw\ecommerce\apify_42b1f1cad396.jpg,0.3,27.0,False,ecommerce,apify,2026-05-14T05:28:10.914532,wear-out
apify_440846da38e7,data\raw\ecommerce\apify_440846da38e7.jpg,0.4667,42.0,False,ecommerce,apify,2026-05-14T05:28:13.233461,wear-out
apify_ca70382ee378,data\raw\ecommerce\apify_ca70382ee378.jpg,0.3,27.0,False,ecommerce,apify,2026-05-14T05:28:18.014938,wear-out
apify_d949de566d0b,data\raw\ecommerce\apify_d949de566d0b.jpg,0.3444,31.0,False,ecommerce,apify,2026-05-14T05:28:20.027217,wear-out
apify_57abed0be08a,data\raw\other\apify_57abed0be08a.jpg,0.3111,28.0,False,other,apify,2026-05-14T05:28:22.355956,wear-out
apify_b9c7bbadce80,data\raw\other\apify_b9c7bbadce80.jpg,0.1333,12.0,False,other,apify,2026-05-14T05:28:26.466908,wear-out
apify_206dfaec9d79,data\raw\ecommerce\apify_206dfaec9d79.jpg,0.0444,4.0,False,ecommerce,apify,2026-05-14T05:28:29.257425,cut-out
apify_2a3cf07a457e,data\raw\ecommerce\apify_2a3cf07a457e.jpg,0.2444,22.0,False,ecommerce,apify,2026-05-14T05:28:32.137776,wear-out
apify_63c7290c27bf,data\raw\ecommerce\apify_63c7290c27bf.jpg,0.7444,67.0,False,ecommerce,apify,2026-05-14T05:28:37.388528,wear-out
apify_4ca9102fcdc9,data\raw\finance\apify_4ca9102fcdc9.jpg,0.2333,21.0,False,finance,apify,2026-05-14T05:28:43.199032,wear-out
apify_18c99437b92d,data\raw\ecommerce\apify_18c99437b92d.jpg,0.9889,89.0,False,ecommerce,apify,2026-05-14T05:28:46.158355,wear-out
apify_d8c40425d012,data\raw\ecommerce\apify_d8c40425d012.jpg,0.4556,41.0,False,ecommerce,apify,2026-05-14T05:28:48.572004,wear-out
apify_2152abefe9d2,data\raw\ecommerce\apify_2152abefe9d2.jpg,0.9222,83.0,False,ecommerce,apify,2026-05-14T05:28:53.301323,wear-out
apify_61fc02bce6c7,data\raw\ecommerce\apify_61fc02bce6c7.jpg,0.3778,34.0,False,ecommerce,apify,2026-05-14T05:28:55.473139,wear-out
apify_a4aef4a5165b,data\raw\ecommerce\apify_a4aef4a5165b.jpg,0.1444,13.0,False,ecommerce,apify,2026-05-14T05:28:57.923381,wear-out
apify_bdd96ed11dc9,data\raw\ecommerce\apify_bdd96ed11dc9.jpg,0.0333,3.0,False,ecommerce,apify,2026-05-14T05:29:00.175239,cut-out
apify_5997ec83b931,data\raw\other\apify_5997ec83b931.jpg,0.2889,26.0,False,other,apify,2026-05-14T05:29:05.325446,wear-out
apify_b8dd1029a4c7,data\raw\ecommerce\apify_b8dd1029a4c7.jpg,0.7,63.0,False,ecommerce,apify,2026-05-14T05:29:07.787508,wear-out
apify_1be80aa35c9c,data\raw\ecommerce\apify_1be80aa35c9c.jpg,0.2667,24.0,False,ecommerce,apify,2026-05-14T05:29:10.750946,wear-out
apify_bab3674089b3,data\raw\other\apify_bab3674089b3.jpg,0.7,63.0,False,other,apify,2026-05-14T05:29:12.827809,wear-out
apify_79ed7d90f834,data\raw\ecommerce\apify_79ed7d90f834.jpg,0.2111,19.0,False,ecommerce,apify,2026-05-14T05:29:15.627534,wear-out
apify_a3bdb4a94e52,data\raw\ecommerce\apify_a3bdb4a94e52.jpg,0.2778,25.0,False,ecommerce,apify,2026-05-14T05:29:20.931100,wear-out
apify_8e8f692e1824,data\raw\ecommerce\apify_8e8f692e1824.jpg,0.9222,83.0,False,ecommerce,apify,2026-05-14T05:29:23.388251,wear-out
apify_d2ba62377b13,data\raw\ecommerce\apify_d2ba62377b13.jpg,0.6333,57.0,False,ecommerce,apify,2026-05-14T05:29:25.375147,wear-out
apify_7ba33b7dcebe,data\raw\other\apify_7ba33b7dcebe.jpg,0.4556,41.0,False,other,apify,2026-05-14T05:29:27.325842,wear-out
apify_c05eba58f5df,data\raw\other\apify_c05eba58f5df.jpg,0.1,9.0,False,other,apify,2026-05-14T05:29:29.532762,wear-out
apify_152d167ed6f0,data\raw\ecommerce\apify_152d167ed6f0.jpg,0.2556,23.0,False,ecommerce,apify,2026-05-14T05:29:31.558103,wear-out
apify_250507097205,data\raw\ecommerce\apify_250507097205.jpg,0.0778,7.0,False,ecommerce,apify,2026-05-14T05:29:34.097117,wear-out
apify_59ea89aa66d5,data\raw\ecommerce\apify_59ea89aa66d5.jpg,0.5444,49.0,False,ecommerce,apify,2026-05-14T05:29:36.272128,wear-out
apify_6c28c6890aed,data\raw\ecommerce\apify_6c28c6890aed.jpg,0.3778,34.0,False,ecommerce,apify,2026-05-14T05:29:38.727085,wear-out
apify_bcbbb5b02525,data\raw\ecommerce\apify_bcbbb5b02525.jpg,0.5,45.0,False,ecommerce,apify,2026-05-14T05:29:46.232197,wear-out
apify_e9e73489b7b2,data\raw\ecommerce\apify_e9e73489b7b2.jpg,0.6556,59.0,False,ecommerce,apify,2026-05-14T05:29:49.402846,wear-out
apify_1c591de5818d,data\raw\ecommerce\apify_1c591de5818d.jpg,0.3556,32.0,False,ecommerce,apify,2026-05-14T05:29:51.816984,wear-out
apify_e70ed8beb6c6,data\raw\ecommerce\apify_e70ed8beb6c6.jpg,0.0333,3.0,False,ecommerce,apify,2026-05-14T05:29:59.231698,cut-out
apify_64f560492fdc,data\raw\ecommerce\apify_64f560492fdc.jpg,0.1889,17.0,False,ecommerce,apify,2026-05-14T05:30:01.411281,wear-out
apify_0bfa68e7e4cf,data\raw\ecommerce\apify_0bfa68e7e4cf.jpg,0.9444,85.0,False,ecommerce,apify,2026-05-14T05:30:33.733583,wear-out
apify_aab2e4bf5b02,data\raw\other\apify_aab2e4bf5b02.jpg,0.6111,55.0,False,other,apify,2026-05-14T05:30:51.828656,wear-out
apify_153295ac9502,data\raw\other\apify_153295ac9502.jpg,0.2778,25.0,False,other,apify,2026-05-14T05:31:01.708594,wear-out
apify_5406d925c2cc,data\raw\other\apify_5406d925c2cc.jpg,0.2111,19.0,False,other,apify,2026-05-14T05:31:23.192003,wear-out
apify_0a783c38c60f,data\raw\other\apify_0a783c38c60f.jpg,0.5889,53.0,False,other,apify,2026-05-14T05:31:26.079997,wear-out
apify_140bfeaec24f,data\raw\ecommerce\apify_140bfeaec24f.jpg,0.1667,15.0,False,ecommerce,apify,2026-05-14T05:31:33.596896,wear-out
apify_83d39da3e72b,data\raw\other\apify_83d39da3e72b.jpg,0.4667,42.0,False,other,apify,2026-05-14T05:31:35.596883,wear-out
apify_24924c164677,data\raw\other\apify_24924c164677.jpg,0.7,63.0,False,other,apify,2026-05-14T05:31:40.312418,wear-out
apify_9f019baf72de,data\raw\other\apify_9f019baf72de.jpg,0.9222,83.0,False,other,apify,2026-05-14T05:31:42.978203,wear-out
apify_6a7e6e4cd76f,data\raw\gaming\apify_6a7e6e4cd76f.jpg,0.2333,21.0,False,gaming,apify,2026-05-14T05:31:47.185485,wear-out
apify_596eac37710a,data\raw\other\apify_596eac37710a.jpg,0.7556,68.0,False,other,apify,2026-05-14T05:31:58.020543,wear-out
apify_778020043d5f,data\raw\other\apify_778020043d5f.jpg,0.4667,42.0,False,other,apify,2026-05-14T05:32:09.931279,wear-out
apify_fae0959a7f62,data\raw\other\apify_fae0959a7f62.jpg,0.1444,13.0,False,other,apify,2026-05-14T05:32:24.917569,wear-out
apify_321a71e6f6a0,data\raw\other\apify_321a71e6f6a0.jpg,0.1222,11.0,False,other,apify,2026-05-14T05:32:46.295024,wear-out
apify_dd0747a6edc1,data\raw\other\apify_dd0747a6edc1.jpg,0.3,27.0,False,other,apify,2026-05-14T05:32:48.953497,wear-out
apify_9daebb2b9cb3,data\raw\finance\apify_9daebb2b9cb3.jpg,0.7111,64.0,False,finance,apify,2026-05-14T05:32:59.688597,wear-out
apify_c719e6b9d079,data\raw\finance\apify_c719e6b9d079.jpg,0.0889,8.0,False,finance,apify,2026-05-14T05:33:06.748355,wear-out
apify_156664f4ad0d,data\raw\other\apify_156664f4ad0d.jpg,0.6111,55.0,False,other,apify,2026-05-14T05:33:18.974350,wear-out
apify_e71c11b7006b,data\raw\ecommerce\apify_e71c11b7006b.jpg,0.0889,8.0,False,ecommerce,apify,2026-05-14T05:33:22.673266,wear-out
apify_be2346735bd5,data\raw\gaming\apify_be2346735bd5.jpg,0.9444,85.0,False,gaming,apify,2026-05-14T05:33:33.824183,wear-out
apify_13d2edbec5f0,data\raw\other\apify_13d2edbec5f0.jpg,0.9444,85.0,False,other,apify,2026-05-14T05:33:42.392528,wear-out
apify_ce0cc8698d80,data\raw\other\apify_ce0cc8698d80.jpg,0.4444,40.0,False,other,apify,2026-05-14T05:33:45.485015,wear-out
apify_201d9759b8ce,data\raw\other\apify_201d9759b8ce.jpg,0.4444,40.0,False,other,apify,2026-05-14T05:33:51.108842,wear-out
apify_11281db50857,data\raw\other\apify_11281db50857.jpg,0.4111,37.0,False,other,apify,2026-05-14T05:34:02.107596,wear-out
apify_38d926272c54,data\raw\ecommerce\apify_38d926272c54.jpg,0.2333,21.0,False,ecommerce,apify,2026-05-14T05:34:04.638550,wear-out
apify_b5ac46018414,data\raw\ecommerce\apify_b5ac46018414.jpg,0.4556,41.0,False,ecommerce,apify,2026-05-14T05:34:07.655240,wear-out
apify_f71467d96870,data\raw\other\apify_f71467d96870.jpg,0.0333,3.0,False,other,apify,2026-05-14T05:34:12.827059,cut-out
apify_1ceea81eada7,data\raw\other\apify_1ceea81eada7.jpg,0.7111,64.0,False,other,apify,2026-05-14T05:34:17.546391,wear-out
apify_448902818ea7,data\raw\ecommerce\apify_448902818ea7.jpg,0.3667,33.0,False,ecommerce,apify,2026-05-14T05:34:19.296628,wear-out
apify_8bd6cfbb8188,data\raw\other\apify_8bd6cfbb8188.jpg,0.2778,25.0,False,other,apify,2026-05-14T05:34:31.628237,wear-out
apify_8d7fbcaa065b,data\raw\other\apify_8d7fbcaa065b.jpg,0.6,54.0,False,other,apify,2026-05-14T05:34:34.271739,wear-out
apify_c3f0c27a98f6,data\raw\other\apify_c3f0c27a98f6.jpg,0.9111,82.0,False,other,apify,2026-05-14T05:34:37.053885,wear-out
apify_284c01557ce8,data\raw\other\apify_284c01557ce8.jpg,0.6444,58.0,False,other,apify,2026-05-14T05:34:40.307296,wear-out
apify_5a25e7331f23,data\raw\other\apify_5a25e7331f23.jpg,0.6222,56.0,False,other,apify,2026-05-14T05:34:49.727349,wear-out
apify_16638195cd03,data\raw\ecommerce\apify_16638195cd03.jpg,0.3667,33.0,False,ecommerce,apify,2026-05-14T05:34:55.059459,wear-out
apify_19b90e39ac24,data\raw\other\apify_19b90e39ac24.jpg,0.3333,30.0,False,other,apify,2026-05-14T05:35:01.404503,wear-out
apify_b77a86204432,data\raw\other\apify_b77a86204432.jpg,0.5889,53.0,False,other,apify,2026-05-14T05:35:03.349924,wear-out
apify_6b8b19abd6ce,data\raw\other\apify_6b8b19abd6ce.jpg,0.9222,83.0,False,other,apify,2026-05-14T05:35:12.670795,wear-out
apify_f74353c2398d,data\raw\finance\apify_f74353c2398d.jpg,0.1333,12.0,False,finance,apify,2026-05-14T05:35:17.285194,wear-out
apify_c77f6e7b41d6,data\raw\other\apify_c77f6e7b41d6.jpg,0.0667,6.0,False,other,apify,2026-05-14T05:35:20.902792,cut-out
apify_9ad018037202,data\raw\ecommerce\apify_9ad018037202.jpg,0.1222,11.0,False,ecommerce,apify,2026-05-14T05:35:28.180149,wear-out
apify_430dd207586b,data\raw\other\apify_430dd207586b.jpg,0.1444,13.0,False,other,apify,2026-05-14T05:35:33.673019,wear-out
apify_48dd391454ba,data\raw\finance\apify_48dd391454ba.jpg,0.9889,89.0,False,finance,apify,2026-05-14T05:35:39.708992,wear-out
apify_cb0d8f466a69,data\raw\other\apify_cb0d8f466a69.jpg,0.3556,32.0,False,other,apify,2026-05-14T05:35:46.029489,wear-out
apify_eab98c6168bb,data\raw\other\apify_eab98c6168bb.jpg,0.1444,13.0,False,other,apify,2026-05-14T05:35:55.156118,wear-out
apify_fb858ff70bae,data\raw\ecommerce\apify_fb858ff70bae.jpg,0.1667,15.0,False,ecommerce,apify,2026-05-14T05:35:57.617802,wear-out
apify_a83845bbb659,data\raw\other\apify_a83845bbb659.jpg,0.5556,50.0,False,other,apify,2026-05-14T05:36:03.902262,wear-out
apify_b551162acc6a,data\raw\other\apify_b551162acc6a.jpg,0.6333,57.0,False,other,apify,2026-05-14T05:36:09.526436,wear-out
apify_a17bde67fd5a,data\raw\other\apify_a17bde67fd5a.jpg,0.5222,47.0,False,other,apify,2026-05-14T05:36:18.969819,wear-out
apify_5b8f2b7eab7f,data\raw\other\apify_5b8f2b7eab7f.jpg,0.5778,52.0,False,other,apify,2026-05-14T05:36:21.456492,wear-out
apify_fa40724e682a,data\raw\other\apify_fa40724e682a.jpg,0.7222,65.0,False,other,apify,2026-05-14T05:36:26.271018,wear-out
apify_ddb08fa8b9a3,data\raw\other\apify_ddb08fa8b9a3.jpg,0.3222,29.0,False,other,apify,2026-05-14T05:36:29.092839,wear-out
apify_51eab0679254,data\raw\ecommerce\apify_51eab0679254.jpg,0.1,9.0,False,ecommerce,apify,2026-05-14T05:36:31.072769,wear-out
apify_8e4bdb08a1ea,data\raw\other\apify_8e4bdb08a1ea.jpg,0.4222,38.0,False,other,apify,2026-05-14T05:36:35.885961,wear-out
apify_983ccecaa821,data\raw\ecommerce\apify_983ccecaa821.jpg,0.7778,70.0,False,ecommerce,apify,2026-05-14T05:36:43.558226,wear-out
apify_7a146dbd8b5c,data\raw\other\apify_7a146dbd8b5c.jpg,0.1222,11.0,False,other,apify,2026-05-14T05:36:51.775244,wear-out
apify_e68f61d388f8,data\raw\ecommerce\apify_e68f61d388f8.jpg,0.4111,37.0,False,ecommerce,apify,2026-05-14T05:37:00.360929,wear-out
apify_2db96450df64,data\raw\gaming\apify_2db96450df64.jpg,0.1889,17.0,False,gaming,apify,2026-05-14T05:37:11.175261,wear-out
apify_9565c79f4fb6,data\raw\other\apify_9565c79f4fb6.jpg,0.8556,77.0,False,other,apify,2026-05-14T05:37:19.194329,wear-out
apify_b4b8164f4695,data\raw\other\apify_b4b8164f4695.jpg,0.0333,3.0,False,other,apify,2026-05-14T05:37:21.269244,cut-out
apify_910c95a1535a,data\raw\other\apify_910c95a1535a.jpg,0.3556,32.0,False,other,apify,2026-05-14T05:37:23.841292,wear-out
apify_6b47e880a44d,data\raw\other\apify_6b47e880a44d.jpg,0.9889,89.0,False,other,apify,2026-05-14T05:37:26.228254,wear-out
apify_6676ed17bbfe,data\raw\other\apify_6676ed17bbfe.jpg,0.3222,29.0,False,other,apify,2026-05-14T05:37:28.865924,wear-out
apify_af5437669c63,data\raw\other\apify_af5437669c63.jpg,0.0333,3.0,False,other,apify,2026-05-14T05:37:31.633844,cut-out
apify_be543718baf6,data\raw\other\apify_be543718baf6.jpg,0.0889,8.0,False,other,apify,2026-05-14T05:37:40.305361,wear-out
apify_1cf58727face,data\raw\gaming\apify_1cf58727face.jpg,0.7778,70.0,False,gaming,apify,2026-05-14T05:37:45.416134,wear-out
apify_72c1681cf274,data\raw\ecommerce\apify_72c1681cf274.jpg,0.3778,34.0,False,ecommerce,apify,2026-05-14T05:37:53.600519,wear-out
apify_e685d7d58eb5,data\raw\gaming\apify_e685d7d58eb5.jpg,0.3,27.0,False,gaming,apify,2026-05-14T05:37:59.949969,wear-out
apify_6c92bb3c44cc,data\raw\other\apify_6c92bb3c44cc.jpg,0.1444,13.0,False,other,apify,2026-05-14T05:38:07.444541,wear-out
apify_6b0bfa304f8f,data\raw\other\apify_6b0bfa304f8f.jpg,0.4111,37.0,False,other,apify,2026-05-14T05:38:15.488693,wear-out
apify_06604a266078,data\raw\other\apify_06604a266078.jpg,0.4,36.0,False,other,apify,2026-05-14T05:38:21.273965,wear-out
apify_665f79a16c25,data\raw\ecommerce\apify_665f79a16c25.jpg,0.1111,10.0,False,ecommerce,apify,2026-05-14T05:38:23.543240,wear-out
apify_5c1f68a598a5,data\raw\other\apify_5c1f68a598a5.jpg,0.0333,3.0,False,other,apify,2026-05-14T05:38:25.902877,cut-out
apify_40cc9d813403,data\raw\other\apify_40cc9d813403.jpg,0.3,27.0,False,other,apify,2026-05-14T05:38:27.649069,wear-out
apify_d7c6626e170a,data\raw\gaming\apify_d7c6626e170a.jpg,0.3556,32.0,False,gaming,apify,2026-05-14T05:38:31.130214,wear-out
apify_573c08dc7568,data\raw\other\apify_573c08dc7568.jpg,0.0333,3.0,False,other,apify,2026-05-14T05:38:39.078487,cut-out
apify_2637e8aadd71,data\raw\other\apify_2637e8aadd71.jpg,0.4111,37.0,False,other,apify,2026-05-14T05:38:45.114821,wear-out
apify_c3e69c9aa6ba,data\raw\other\apify_c3e69c9aa6ba.jpg,0.1444,13.0,False,other,apify,2026-05-14T05:38:51.212612,wear-out
apify_42c048ccb880,data\raw\ecommerce\apify_42c048ccb880.jpg,0.2333,21.0,False,ecommerce,apify,2026-05-14T05:38:53.897654,wear-out
apify_467bfc049e98,data\raw\other\apify_467bfc049e98.jpg,0.5444,49.0,False,other,apify,2026-05-14T05:38:58.200623,wear-out
apify_40ba28028e2f,data\raw\gaming\apify_40ba28028e2f.jpg,0.0333,3.0,False,gaming,apify,2026-05-14T05:39:02.167636,cut-out
apify_f77dab30d7be,data\raw\other\apify_f77dab30d7be.jpg,0.3,27.0,False,other,apify,2026-05-14T05:39:06.463794,wear-out
apify_39268193b9fc,data\raw\finance\apify_39268193b9fc.jpg,0.7111,64.0,False,finance,apify,2026-05-14T05:39:16.407028,wear-out
apify_4306feca3224,data\raw\other\apify_4306feca3224.jpg,0.0333,3.0,False,other,apify,2026-05-14T05:39:18.906438,cut-out
apify_a5a4e718d065,data\raw\other\apify_a5a4e718d065.jpg,0.2333,21.0,False,other,apify,2026-05-14T05:39:32.339894,wear-out
apify_22367884540c,data\raw\finance\apify_22367884540c.jpg,0.4111,37.0,False,finance,apify,2026-05-14T05:39:35.960763,wear-out
apify_4d88aa6bf0ef,data\raw\gaming\apify_4d88aa6bf0ef.jpg,0.0222,2.0,False,gaming,apify,2026-05-14T05:39:38.052277,cut-out
apify_7776fb8878d3,data\raw\gaming\apify_7776fb8878d3.jpg,0.7333,66.0,False,gaming,apify,2026-05-14T05:39:41.392562,wear-out
apify_dcdd184b2b46,data\raw\gaming\apify_dcdd184b2b46.jpg,0.0333,3.0,False,gaming,apify,2026-05-14T05:39:44.098774,cut-out
apify_1d646fa3c417,data\raw\other\apify_1d646fa3c417.jpg,0.3444,31.0,False,other,apify,2026-05-14T05:39:55.561099,wear-out
apify_5b486245260c,data\raw\other\apify_5b486245260c.jpg,0.6333,57.0,False,other,apify,2026-05-14T05:40:00.569822,wear-out
apify_1d3c15316f7b,data\raw\gaming\apify_1d3c15316f7b.jpg,0.4111,37.0,False,gaming,apify,2026-05-14T05:40:08.394966,wear-out
apify_61252feb8f9a,data\raw\other\apify_61252feb8f9a.jpg,0.5889,53.0,False,other,apify,2026-05-14T05:40:21.781904,wear-out
apify_537834d0fb26,data\raw\ecommerce\apify_537834d0fb26.jpg,0.0889,8.0,False,ecommerce,apify,2026-05-14T05:40:25.066856,wear-out
apify_f2c11345820b,data\raw\other\apify_f2c11345820b.jpg,0.4222,38.0,False,other,apify,2026-05-14T05:40:28.063610,wear-out
apify_379a4a1f66b6,data\raw\other\apify_379a4a1f66b6.jpg,0.1444,13.0,False,other,apify,2026-05-14T05:40:30.852045,wear-out
apify_e8555cc2368c,data\raw\gaming\apify_e8555cc2368c.jpg,0.0111,1.0,False,gaming,apify,2026-05-14T05:40:33.146489,cut-out
apify_f4aa50bdb979,data\raw\gaming\apify_f4aa50bdb979.jpg,0.0222,2.0,False,gaming,apify,2026-05-14T05:40:34.855438,cut-out
apify_ec742594cf6d,data\raw\gaming\apify_ec742594cf6d.jpg,0.4,36.0,False,gaming,apify,2026-05-14T05:40:36.874772,wear-out
apify_8f8d7ef9683d,data\raw\other\apify_8f8d7ef9683d.jpg,0.1444,13.0,False,other,apify,2026-05-14T05:40:40.121085,wear-out
apify_a96c2bc4eabd,data\raw\other\apify_a96c2bc4eabd.jpg,0.9556,86.0,False,other,apify,2026-05-14T05:40:41.805697,wear-out
apify_5d16ca12461b,data\raw\ecommerce\apify_5d16ca12461b.jpg,0.5222,47.0,False,ecommerce,apify,2026-05-14T05:40:48.265635,wear-out
apify_6ae8dd97f857,data\raw\other\apify_6ae8dd97f857.jpg,0.4667,42.0,False,other,apify,2026-05-14T05:40:56.030687,wear-out
apify_6798dc7dcf30,data\raw\ecommerce\apify_6798dc7dcf30.jpg,0.0333,3.0,False,ecommerce,apify,2026-05-14T05:40:59.204835,cut-out
apify_01c28c52928f,data\raw\other\apify_01c28c52928f.jpg,0.3333,30.0,False,other,apify,2026-05-14T05:41:02.232681,wear-out
apify_a177aec1c2c3,data\raw\other\apify_a177aec1c2c3.jpg,0.8667,78.0,False,other,apify,2026-05-14T05:41:08.452908,wear-out
apify_ecc63b0d481a,data\raw\other\apify_ecc63b0d481a.jpg,0.2889,26.0,False,other,apify,2026-05-14T05:41:10.993556,wear-out
apify_65888126b437,data\raw\other\apify_65888126b437.jpg,0.3333,30.0,False,other,apify,2026-05-14T05:41:16.908951,wear-out
apify_4211548c25e9,data\raw\ecommerce\apify_4211548c25e9.jpg,0.0333,3.0,False,ecommerce,apify,2026-05-14T05:41:22.072847,cut-out
apify_b7a43d21c82f,data\raw\other\apify_b7a43d21c82f.jpg,0.0556,5.0,False,other,apify,2026-05-14T05:41:24.471845,cut-out
apify_2a58d781af48,data\raw\other\apify_2a58d781af48.jpg,0.7222,65.0,False,other,apify,2026-05-14T05:41:27.575867,wear-out
apify_481735ff436f,data\raw\gaming\apify_481735ff436f.jpg,0.8889,80.0,False,gaming,apify,2026-05-14T05:41:31.143362,wear-out
apify_1ad45d17133e,data\raw\gaming\apify_1ad45d17133e.jpg,0.0667,6.0,False,gaming,apify,2026-05-14T05:41:33.158534,cut-out
apify_d6abdaffcb06,data\raw\gaming\apify_d6abdaffcb06.jpg,0.1444,13.0,False,gaming,apify,2026-05-14T05:41:37.873290,wear-out
apify_cd2566672764,data\raw\other\apify_cd2566672764.jpg,0.2667,24.0,False,other,apify,2026-05-14T05:41:44.439515,wear-out
apify_fa396c67bf16,data\raw\ecommerce\apify_fa396c67bf16.jpg,0.3778,34.0,False,ecommerce,apify,2026-05-14T05:41:49.147818,wear-out
apify_4c26e7c17139,data\raw\other\apify_4c26e7c17139.jpg,0.1,9.0,False,other,apify,2026-05-14T05:41:51.355475,wear-out
apify_5d983deb4990,data\raw\other\apify_5d983deb4990.jpg,0.3111,28.0,False,other,apify,2026-05-14T05:41:56.832876,wear-out
apify_d12dc9cc009a,data\raw\ecommerce\apify_d12dc9cc009a.jpg,0.1778,16.0,False,ecommerce,apify,2026-05-14T05:42:03.162975,wear-out
apify_bfffe8362a7b,data\raw\other\apify_bfffe8362a7b.jpg,0.0222,2.0,False,other,apify,2026-05-14T05:42:12.445496,cut-out
apify_9083e033e740,data\raw\gaming\apify_9083e033e740.jpg,0.6889,62.0,False,gaming,apify,2026-05-14T05:42:17.140399,wear-out
apify_0ac77962ca2f,data\raw\other\apify_0ac77962ca2f.jpg,0.3111,28.0,False,other,apify,2026-05-14T05:42:24.800855,wear-out
apify_edc5fc0da402,data\raw\other\apify_edc5fc0da402.jpg,0.6333,57.0,False,other,apify,2026-05-14T05:42:29.505843,wear-out
apify_09dc66261bfc,data\raw\other\apify_09dc66261bfc.jpg,0.6,54.0,False,other,apify,2026-05-14T05:42:35.156455,wear-out
apify_59ee45f64e7a,data\raw\other\apify_59ee45f64e7a.jpg,0.1,9.0,False,other,apify,2026-05-14T05:42:38.265334,wear-out
apify_2722aa8bc97c,data\raw\other\apify_2722aa8bc97c.jpg,0.9333,84.0,False,other,apify,2026-05-14T05:42:48.459298,wear-out
apify_186a8adc9629,data\raw\gaming\apify_186a8adc9629.jpg,0.7444,67.0,False,gaming,apify,2026-05-14T05:43:08.289710,wear-out
apify_33d355052d72,data\raw\other\apify_33d355052d72.jpg,0.0667,6.0,False,other,apify,2026-05-14T05:43:10.663826,cut-out
apify_517854111a76,data\raw\gaming\apify_517854111a76.jpg,0.4667,42.0,False,gaming,apify,2026-05-14T05:43:13.062350,wear-out
apify_03969805b0de,data\raw\other\apify_03969805b0de.jpg,0.2222,20.0,False,other,apify,2026-05-14T05:43:14.855760,wear-out
apify_6a2690c90a56,data\raw\other\apify_6a2690c90a56.jpg,0.0333,3.0,False,other,apify,2026-05-14T05:43:20.683162,cut-out
apify_b6144dcd5f8e,data\raw\other\apify_b6144dcd5f8e.jpg,0.3889,35.0,False,other,apify,2026-05-14T05:43:22.779376,wear-out
apify_1077f329b7ff,data\raw\other\apify_1077f329b7ff.jpg,0.7222,65.0,False,other,apify,2026-05-14T05:43:28.025015,wear-out
apify_1a58b36d8c8f,data\raw\other\apify_1a58b36d8c8f.jpg,0.7667,69.0,False,other,apify,2026-05-14T05:43:30.053523,wear-out
apify_34d4c3264d66,data\raw\other\apify_34d4c3264d66.jpg,0.4667,42.0,False,other,apify,2026-05-14T05:43:32.215319,wear-out
apify_a240b16545cd,data\raw\gaming\apify_a240b16545cd.jpg,0.9444,85.0,False,gaming,apify,2026-05-14T05:43:34.634659,wear-out
apify_9f311f1ccff9,data\raw\ecommerce\apify_9f311f1ccff9.jpg,0.8778,79.0,False,ecommerce,apify,2026-05-14T05:43:36.421278,wear-out
apify_7db23bad9f88,data\raw\ecommerce\apify_7db23bad9f88.jpg,0.3667,33.0,False,ecommerce,apify,2026-05-14T05:43:38.291740,wear-out
apify_9c9939919134,data\raw\other\apify_9c9939919134.jpg,0.1444,13.0,False,other,apify,2026-05-14T05:43:40.542834,wear-out
apify_d213cbfb1254,data\raw\other\apify_d213cbfb1254.jpg,0.4667,42.0,False,other,apify,2026-05-14T05:43:42.617675,wear-out
apify_a6d23e45a1aa,data\raw\ecommerce\apify_a6d23e45a1aa.jpg,0.3667,33.0,False,ecommerce,apify,2026-05-14T05:43:47.984695,wear-out
apify_dff24df39fb9,data\raw\other\apify_dff24df39fb9.jpg,0.7333,66.0,False,other,apify,2026-05-14T05:43:50.784990,wear-out
apify_bc8e1bb8c50b,data\raw\other\apify_bc8e1bb8c50b.jpg,0.0556,5.0,False,other,apify,2026-05-14T05:43:58.490700,cut-out
apify_7532b5be9a3f,data\raw\other\apify_7532b5be9a3f.jpg,0.6444,58.0,False,other,apify,2026-05-14T05:44:00.846458,wear-out
apify_4cdba9708c26,data\raw\other\apify_4cdba9708c26.jpg,0.7111,64.0,False,other,apify,2026-05-14T05:44:03.322006,wear-out
apify_0f439d3905e7,data\raw\ecommerce\apify_0f439d3905e7.jpg,0.0444,4.0,False,ecommerce,apify,2026-05-14T05:44:05.291080,cut-out
apify_88a6aa9f66db,data\raw\other\apify_88a6aa9f66db.jpg,0.6556,59.0,False,other,apify,2026-05-14T05:44:12.108247,wear-out
apify_1c96e9382788,data\raw\ecommerce\apify_1c96e9382788.jpg,0.4222,38.0,False,ecommerce,apify,2026-05-14T05:44:15.085937,wear-out
apify_215a30a60f2e,data\raw\other\apify_215a30a60f2e.jpg,0.6333,57.0,False,other,apify,2026-05-14T05:44:16.682908,wear-out
apify_062efbb214e2,data\raw\gaming\apify_062efbb214e2.jpg,0.9333,84.0,False,gaming,apify,2026-05-14T05:44:19.370977,wear-out
apify_d90ca2ba7801,data\raw\gaming\apify_d90ca2ba7801.jpg,0.1111,10.0,False,gaming,apify,2026-05-14T05:44:24.627676,wear-out
apify_2d47d351f5c3,data\raw\gaming\apify_2d47d351f5c3.jpg,0.1778,16.0,False,gaming,apify,2026-05-14T05:44:27.625633,wear-out
apify_e506ff994a6b,data\raw\gaming\apify_e506ff994a6b.jpg,0.4,36.0,False,gaming,apify,2026-05-14T05:44:31.886803,wear-out
apify_5a5be99002e0,data\raw\ecommerce\apify_5a5be99002e0.jpg,0.0444,4.0,False,ecommerce,apify,2026-05-14T05:44:34.039756,cut-out
apify_f2dd8b2b6f22,data\raw\gaming\apify_f2dd8b2b6f22.jpg,0.0222,2.0,False,gaming,apify,2026-05-14T05:44:36.515730,cut-out
apify_9582e18d10f9,data\raw\other\apify_9582e18d10f9.jpg,0.3222,29.0,False,other,apify,2026-05-14T05:44:38.987227,wear-out
apify_ac32fd542948,data\raw\other\apify_ac32fd542948.jpg,0.1444,13.0,False,other,apify,2026-05-14T05:44:43.825081,wear-out
apify_7e91d613b073,data\raw\gaming\apify_7e91d613b073.jpg,0.2889,26.0,False,gaming,apify,2026-05-14T05:44:49.281583,wear-out
apify_20ad3dca5267,data\raw\other\apify_20ad3dca5267.jpg,0.4667,42.0,False,other,apify,2026-05-14T05:44:53.809547,wear-out
apify_e5ab0ee3633f,data\raw\other\apify_e5ab0ee3633f.jpg,0.7778,70.0,False,other,apify,2026-05-14T05:44:56.868890,wear-out
apify_121fd99bcf12,data\raw\other\apify_121fd99bcf12.jpg,0.1111,10.0,False,other,apify,2026-05-14T05:45:02.391834,wear-out
apify_5c83d4c397b2,data\raw\other\apify_5c83d4c397b2.jpg,0.9222,83.0,False,other,apify,2026-05-14T05:45:09.507924,wear-out
apify_24ab1faf2f34,data\raw\other\apify_24ab1faf2f34.jpg,0.5222,47.0,False,other,apify,2026-05-14T05:45:11.848938,wear-out
apify_e49dcab02882,data\raw\gaming\apify_e49dcab02882.jpg,0.5889,53.0,False,gaming,apify,2026-05-14T05:45:14.139837,wear-out
apify_57cbb9d80cd8,data\raw\gaming\apify_57cbb9d80cd8.jpg,0.0333,3.0,False,gaming,apify,2026-05-14T05:45:16.360468,cut-out
apify_82e32b30ea18,data\raw\other\apify_82e32b30ea18.jpg,0.4556,41.0,False,other,apify,2026-05-14T05:45:17.974496,wear-out
apify_ff43a1fb1fd4,data\raw\finance\apify_ff43a1fb1fd4.jpg,0.1889,17.0,False,finance,apify,2026-05-14T05:45:21.352926,wear-out
apify_3dcb00c5865a,data\raw\other\apify_3dcb00c5865a.jpg,0.1111,10.0,False,other,apify,2026-05-14T05:45:34.453643,wear-out
apify_822ae09b129b,data\raw\other\apify_822ae09b129b.jpg,0.1333,12.0,False,other,apify,2026-05-14T05:45:40.506473,wear-out
apify_cf6e984eabe1,data\raw\other\apify_cf6e984eabe1.jpg,0.2889,26.0,False,other,apify,2026-05-14T05:45:45.589241,wear-out
apify_561a035fb079,data\raw\other\apify_561a035fb079.jpg,0.1556,14.0,False,other,apify,2026-05-14T05:45:50.520053,wear-out
apify_e6f2976280a3,data\raw\other\apify_e6f2976280a3.jpg,0.1444,13.0,False,other,apify,2026-05-14T05:45:53.179255,wear-out
apify_eb35c5bb634d,data\raw\gaming\apify_eb35c5bb634d.jpg,0.2778,25.0,False,gaming,apify,2026-05-14T05:45:57.841765,wear-out
apify_b6e4eeabaf7e,data\raw\other\apify_b6e4eeabaf7e.jpg,0.0889,8.0,False,other,apify,2026-05-14T05:46:03.106150,wear-out
apify_87e51cc0bfd9,data\raw\other\apify_87e51cc0bfd9.jpg,0.0333,3.0,False,other,apify,2026-05-14T05:46:05.794100,cut-out
apify_8eb14419bcac,data\raw\other\apify_8eb14419bcac.jpg,0.7,63.0,False,other,apify,2026-05-14T05:46:10.388960,wear-out
apify_7dcee076795d,data\raw\ecommerce\apify_7dcee076795d.jpg,0.1444,13.0,False,ecommerce,apify,2026-05-14T05:46:12.222183,wear-out
apify_5c5f164d98fa,data\raw\other\apify_5c5f164d98fa.jpg,0.9444,85.0,False,other,apify,2026-05-14T05:46:15.404326,wear-out
apify_a560b4732400,data\raw\other\apify_a560b4732400.jpg,0.2556,23.0,False,other,apify,2026-05-14T05:46:19.725941,wear-out
apify_529f0cbd25de,data\raw\other\apify_529f0cbd25de.jpg,0.8889,80.0,False,other,apify,2026-05-14T05:46:22.100080,wear-out
apify_b70d41d6babc,data\raw\other\apify_b70d41d6babc.jpg,0.3222,29.0,False,other,apify,2026-05-14T05:46:24.114052,wear-out
apify_64e8e9e0b692,data\raw\other\apify_64e8e9e0b692.jpg,0.1333,12.0,False,other,apify,2026-05-14T05:46:26.737897,wear-out
apify_1f60825be5e2,data\raw\other\apify_1f60825be5e2.jpg,0.5667,51.0,False,other,apify,2026-05-14T05:46:36.624377,wear-out
apify_1787ec91a7cc,data\raw\other\apify_1787ec91a7cc.jpg,0.7333,66.0,False,other,apify,2026-05-14T05:46:38.429662,wear-out
apify_180e80e0ed93,data\raw\other\apify_180e80e0ed93.jpg,0.9333,84.0,False,other,apify,2026-05-14T05:46:41.132266,wear-out
apify_1c3ca2c48194,data\raw\other\apify_1c3ca2c48194.jpg,0.8333,75.0,False,other,apify,2026-05-14T05:46:43.678868,wear-out
apify_f9094366e155,data\raw\other\apify_f9094366e155.jpg,0.7667,69.0,False,other,apify,2026-05-14T05:46:46.416414,wear-out
apify_3f8366b5c45f,data\raw\other\apify_3f8366b5c45f.jpg,0.1444,13.0,False,other,apify,2026-05-14T05:46:49.179303,wear-out
apify_115b0b2b2feb,data\raw\other\apify_115b0b2b2feb.jpg,0.5333,48.0,False,other,apify,2026-05-14T05:46:51.969361,wear-out
apify_5ef6e3b36d55,data\raw\other\apify_5ef6e3b36d55.jpg,0.2222,20.0,False,other,apify,2026-05-14T05:46:57.186633,wear-out
apify_19c3bb8f5e9b,data\raw\other\apify_19c3bb8f5e9b.jpg,0.5667,51.0,False,other,apify,2026-05-14T05:47:04.584856,wear-out
apify_a4d21670113b,data\raw\gaming\apify_a4d21670113b.jpg,0.0889,8.0,False,gaming,apify,2026-05-14T05:47:07.145871,wear-out
apify_370e8947ba5e,data\raw\other\apify_370e8947ba5e.jpg,0.4889,44.0,False,other,apify,2026-05-14T05:47:09.860118,wear-out
apify_4d9a46d38510,data\raw\other\apify_4d9a46d38510.jpg,0.9889,89.0,False,other,apify,2026-05-14T05:47:12.187019,wear-out
apify_41389703dea7,data\raw\other\apify_41389703dea7.jpg,0.0778,7.0,False,other,apify,2026-05-14T05:47:23.090604,wear-out
apify_51b3f17c1fe1,data\raw\ecommerce\apify_51b3f17c1fe1.jpg,0.2333,21.0,False,ecommerce,apify,2026-05-14T05:47:26.121386,wear-out
apify_987c5743510b,data\raw\other\apify_987c5743510b.jpg,0.2333,21.0,False,other,apify,2026-05-14T05:47:36.001105,wear-out
apify_caa27c17600c,data\raw\gaming\apify_caa27c17600c.jpg,0.1,9.0,False,gaming,apify,2026-05-14T05:47:41.245322,wear-out
apify_7dee6303a287,data\raw\gaming\apify_7dee6303a287.jpg,0.0222,2.0,False,gaming,apify,2026-05-14T05:47:43.419989,cut-out
apify_0ba66c62283b,data\raw\ecommerce\apify_0ba66c62283b.jpg,0.7889,71.0,False,ecommerce,apify,2026-05-14T05:47:46.084613,wear-out
apify_6178b77eebb7,data\raw\other\apify_6178b77eebb7.jpg,0.5,45.0,False,other,apify,2026-05-14T05:48:00.733378,wear-out
apify_4b7820495c5c,data\raw\other\apify_4b7820495c5c.jpg,0.1556,14.0,False,other,apify,2026-05-14T05:48:08.486110,wear-out
apify_d8ebb3302f86,data\raw\finance\apify_d8ebb3302f86.jpg,0.3111,28.0,False,finance,apify,2026-05-14T05:48:13.184997,wear-out
apify_dd4a49b78daf,data\raw\other\apify_dd4a49b78daf.jpg,0.6,54.0,False,other,apify,2026-05-14T05:48:17.761498,wear-out
apify_47bd819ebaa6,data\raw\gaming\apify_47bd819ebaa6.jpg,0.0333,3.0,False,gaming,apify,2026-05-14T05:48:25.335945,cut-out
apify_82f5b683356c,data\raw\gaming\apify_82f5b683356c.jpg,0.3,27.0,False,gaming,apify,2026-05-14T05:48:27.770573,wear-out
apify_7c66d98e62fc,data\raw\gaming\apify_7c66d98e62fc.jpg,0.0333,3.0,False,gaming,apify,2026-05-14T05:48:30.702968,cut-out
apify_7e9d2158e34f,data\raw\other\apify_7e9d2158e34f.jpg,0.1556,14.0,False,other,apify,2026-05-14T05:48:35.980718,wear-out
apify_7e772a710467,data\raw\other\apify_7e772a710467.jpg,0.1222,11.0,False,other,apify,2026-05-14T05:48:43.374417,wear-out
apify_9c1d66ec3864,data\raw\other\apify_9c1d66ec3864.jpg,0.2111,19.0,False,other,apify,2026-05-14T05:48:45.968590,wear-out
apify_e974b4d2d02c,data\raw\gaming\apify_e974b4d2d02c.jpg,0.4,36.0,False,gaming,apify,2026-05-14T05:48:48.675733,wear-out
apify_7f6d28e64e14,data\raw\gaming\apify_7f6d28e64e14.jpg,0.0222,2.0,False,gaming,apify,2026-05-14T05:48:50.789069,cut-out
apify_4c416ccf03b5,data\raw\other\apify_4c416ccf03b5.jpg,0.1444,13.0,False,other,apify,2026-05-14T05:48:55.969346,wear-out
apify_503b56f1de3a,data\raw\other\apify_503b56f1de3a.jpg,0.1444,13.0,False,other,apify,2026-05-14T05:49:01.137623,wear-out
apify_0908531c9334,data\raw\gaming\apify_0908531c9334.jpg,0.0333,3.0,False,gaming,apify,2026-05-14T05:49:10.248759,cut-out
apify_ec8bf03dffec,data\raw\other\apify_ec8bf03dffec.jpg,0.2444,22.0,False,other,apify,2026-05-14T05:49:12.573800,wear-out
apify_8d905e14263d,data\raw\other\apify_8d905e14263d.jpg,0.0333,3.0,False,other,apify,2026-05-14T05:49:14.594684,cut-out
apify_d7e94bd81c84,data\raw\gaming\apify_d7e94bd81c84.jpg,0.8333,75.0,False,gaming,apify,2026-05-14T05:49:17.806259,wear-out
apify_34e3ec7741b4,data\raw\other\apify_34e3ec7741b4.jpg,0.0333,3.0,False,other,apify,2026-05-14T05:49:23.254658,cut-out
apify_2f215c56da8c,data\raw\other\apify_2f215c56da8c.jpg,0.8222,74.0,False,other,apify,2026-05-14T05:49:25.000675,wear-out
apify_c46f7fcb2aec,data\raw\other\apify_c46f7fcb2aec.jpg,0.4444,40.0,False,other,apify,2026-05-14T05:49:33.320831,wear-out
apify_7cb10b8fa0fb,data\raw\other\apify_7cb10b8fa0fb.jpg,0.3222,29.0,False,other,apify,2026-05-14T05:49:38.159831,wear-out
apify_e0ef97ddad11,data\raw\other\apify_e0ef97ddad11.jpg,0.5444,49.0,False,other,apify,2026-05-14T05:49:42.402456,wear-out
apify_60325d795d99,data\raw\other\apify_60325d795d99.jpg,0.0778,7.0,False,other,apify,2026-05-14T05:49:45.296412,wear-out
apify_3579fe82ef3d,data\raw\gaming\apify_3579fe82ef3d.jpg,0.1556,14.0,False,gaming,apify,2026-05-14T05:49:48.296580,wear-out
apify_4360f33423e4,data\raw\other\apify_4360f33423e4.jpg,0.8222,74.0,False,other,apify,2026-05-14T05:49:50.593072,wear-out
apify_c3aa77500d91,data\raw\other\apify_c3aa77500d91.jpg,0.5889,53.0,False,other,apify,2026-05-14T05:49:56.634000,wear-out
apify_9a5331b9d05f,data\raw\other\apify_9a5331b9d05f.jpg,0.4333,39.0,False,other,apify,2026-05-14T05:49:58.637216,wear-out
apify_a8f580b9a84a,data\raw\gaming\apify_a8f580b9a84a.jpg,0.4333,39.0,False,gaming,apify,2026-05-14T05:50:01.244095,wear-out
apify_b4f8d125e96e,data\raw\other\apify_b4f8d125e96e.jpg,0.5,45.0,False,other,apify,2026-05-14T05:50:03.083293,wear-out
apify_931db38339b5,data\raw\other\apify_931db38339b5.jpg,0.5,45.0,False,other,apify,2026-05-14T05:50:05.637677,wear-out
apify_f26996b93aff,data\raw\ecommerce\apify_f26996b93aff.jpg,0.4889,44.0,False,ecommerce,apify,2026-05-14T05:50:08.091955,wear-out
apify_f6a39deb3736,data\raw\other\apify_f6a39deb3736.jpg,0.2222,20.0,False,other,apify,2026-05-14T05:50:10.412895,wear-out
apify_506bda67d9b9,data\raw\other\apify_506bda67d9b9.jpg,0.0778,7.0,False,other,apify,2026-05-14T05:50:13.339380,wear-out
apify_1847cc1fce9e,data\raw\gaming\apify_1847cc1fce9e.jpg,0.5444,49.0,False,gaming,apify,2026-05-14T05:50:18.362925,wear-out
apify_1c4bf812575c,data\raw\other\apify_1c4bf812575c.jpg,0.0778,7.0,False,other,apify,2026-05-14T05:50:21.291087,wear-out
apify_2e4f49479971,data\raw\other\apify_2e4f49479971.jpg,0.0778,7.0,False,other,apify,2026-05-14T05:50:24.209938,wear-out
apify_20116b6698ff,data\raw\other\apify_20116b6698ff.jpg,0.6,54.0,False,other,apify,2026-05-14T05:50:26.933604,wear-out
apify_fccdeab4146f,data\raw\gaming\apify_fccdeab4146f.jpg,0.4778,43.0,False,gaming,apify,2026-05-14T05:50:29.274983,wear-out
apify_c69f4362edc5,data\raw\other\apify_c69f4362edc5.jpg,0.2667,24.0,False,other,apify,2026-05-14T05:50:32.642946,wear-out
apify_98667bcf19a4,data\raw\other\apify_98667bcf19a4.jpg,0.4222,38.0,False,other,apify,2026-05-14T05:50:34.896955,wear-out
apify_9e7e048e080f,data\raw\other\apify_9e7e048e080f.jpg,0.1556,14.0,False,other,apify,2026-05-14T05:50:37.579391,wear-out
apify_cc969d03ad99,data\raw\other\apify_cc969d03ad99.jpg,0.5778,52.0,False,other,apify,2026-05-14T05:50:39.322018,wear-out
apify_4f274dc2e474,data\raw\other\apify_4f274dc2e474.jpg,0.0778,7.0,False,other,apify,2026-05-14T05:50:41.692070,wear-out
apify_9d63a87f6071,data\raw\other\apify_9d63a87f6071.jpg,0.1667,15.0,False,other,apify,2026-05-14T05:50:44.643170,wear-out
apify_4cbe9cf7130d,data\raw\other\apify_4cbe9cf7130d.jpg,0.8333,75.0,False,other,apify,2026-05-14T05:50:46.849371,wear-out
apify_da41eda12020,data\raw\other\apify_da41eda12020.jpg,0.0667,6.0,False,other,apify,2026-05-14T05:50:51.775881,cut-out
apify_08059c033a63,data\raw\other\apify_08059c033a63.jpg,0.7333,66.0,False,other,apify,2026-05-14T05:50:54.928615,wear-out
apify_c7af8b87974c,data\raw\ecommerce\apify_c7af8b87974c.jpg,0.8,72.0,False,ecommerce,apify,2026-05-14T05:50:59.100389,wear-out
apify_7b680ccff329,data\raw\other\apify_7b680ccff329.jpg,0.5,45.0,False,other,apify,2026-05-14T05:51:03.707795,wear-out
apify_cc8b22046172,data\raw\ecommerce\apify_cc8b22046172.jpg,0.2444,22.0,False,ecommerce,apify,2026-05-14T05:51:10.516687,wear-out
apify_db990fb96fe6,data\raw\other\apify_db990fb96fe6.jpg,0.5556,50.0,False,other,apify,2026-05-14T05:51:13.397590,wear-out
apify_d2d0ede467c7,data\raw\other\apify_d2d0ede467c7.jpg,0.3889,35.0,False,other,apify,2026-05-14T05:51:24.443727,wear-out
apify_4a2a150f328e,data\raw\other\apify_4a2a150f328e.jpg,0.0444,4.0,False,other,apify,2026-05-14T05:51:26.321588,cut-out
apify_533b852e0995,data\raw\gaming\apify_533b852e0995.jpg,0.0222,2.0,False,gaming,apify,2026-05-14T05:51:33.760247,cut-out
apify_7b4608801bad,data\raw\other\apify_7b4608801bad.jpg,0.0778,7.0,False,other,apify,2026-05-14T05:51:36.531760,wear-out
apify_9ad0c5e178bb,data\raw\ecommerce\apify_9ad0c5e178bb.jpg,0.0444,4.0,False,ecommerce,apify,2026-05-14T05:51:38.374314,cut-out
apify_9acf547f6b86,data\raw\other\apify_9acf547f6b86.jpg,0.0333,3.0,False,other,apify,2026-05-14T05:51:40.992448,cut-out
apify_b51395b10888,data\raw\gaming\apify_b51395b10888.jpg,0.8,72.0,False,gaming,apify,2026-05-14T05:51:46.551148,wear-out
apify_cdfb57c53bba,data\raw\finance\apify_cdfb57c53bba.jpg,0.0222,2.0,False,finance,apify,2026-05-14T05:51:48.326833,cut-out
apify_1ae38000743f,data\raw\other\apify_1ae38000743f.jpg,0.7222,65.0,False,other,apify,2026-05-14T05:51:52.816432,wear-out
apify_196a2015543a,data\raw\other\apify_196a2015543a.jpg,0.7444,67.0,False,other,apify,2026-05-14T05:52:02.098998,wear-out
apify_8933deb85d34,data\raw\other\apify_8933deb85d34.jpg,0.3889,35.0,False,other,apify,2026-05-14T05:52:05.388741,wear-out
apify_358e7a1e236b,data\raw\other\apify_358e7a1e236b.jpg,0.8444,76.0,False,other,apify,2026-05-14T05:52:07.848242,wear-out
apify_773c2e9c757b,data\raw\ecommerce\apify_773c2e9c757b.jpg,0.8778,79.0,False,ecommerce,apify,2026-05-14T05:52:09.887591,wear-out
apify_43525d16e7ff,data\raw\gaming\apify_43525d16e7ff.jpg,0.1889,17.0,False,gaming,apify,2026-05-14T05:52:12.779311,wear-out
apify_c312a82d2c2e,data\raw\gaming\apify_c312a82d2c2e.jpg,0.4778,43.0,False,gaming,apify,2026-05-14T05:52:15.976499,wear-out
apify_2fbb29a0dabd,data\raw\other\apify_2fbb29a0dabd.jpg,0.0444,4.0,False,other,apify,2026-05-14T05:52:18.060433,cut-out
apify_4e05c37305e9,data\raw\gaming\apify_4e05c37305e9.jpg,0.0444,4.0,False,gaming,apify,2026-05-14T05:52:22.999062,cut-out
apify_efec035ff43b,data\raw\ecommerce\apify_efec035ff43b.jpg,0.4778,43.0,False,ecommerce,apify,2026-05-14T05:52:28.515807,wear-out
apify_bb7c56da8e51,data\raw\other\apify_bb7c56da8e51.jpg,0.1444,13.0,False,other,apify,2026-05-14T05:52:31.285119,wear-out
apify_f342cade40ea,data\raw\other\apify_f342cade40ea.jpg,0.3222,29.0,False,other,apify,2026-05-14T05:52:34.052920,wear-out
apify_9b225f564409,data\raw\other\apify_9b225f564409.jpg,0.7111,64.0,False,other,apify,2026-05-14T05:52:35.936481,wear-out
apify_b7904c57a549,data\raw\other\apify_b7904c57a549.jpg,0.9889,89.0,False,other,apify,2026-05-14T05:52:40.211876,wear-out
apify_71399e1e2e5a,data\raw\gaming\apify_71399e1e2e5a.jpg,0.0111,1.0,False,gaming,apify,2026-05-14T05:52:42.090756,cut-out
apify_dfc7802a6bf9,data\raw\ecommerce\apify_dfc7802a6bf9.jpg,0.1222,11.0,False,ecommerce,apify,2026-05-14T05:52:49.649919,wear-out
apify_b36e3ffe6e99,data\raw\gaming\apify_b36e3ffe6e99.jpg,0.0889,8.0,False,gaming,apify,2026-05-14T05:52:52.259415,wear-out
apify_176d0b435755,data\raw\gaming\apify_176d0b435755.jpg,0.0889,8.0,False,gaming,apify,2026-05-14T05:52:54.584881,wear-out
apify_ddcf7f752485,data\raw\other\apify_ddcf7f752485.jpg,0.4778,43.0,False,other,apify,2026-05-14T05:52:56.987596,wear-out
apify_c48e527f0467,data\raw\other\apify_c48e527f0467.jpg,0.1556,14.0,False,other,apify,2026-05-14T05:53:00.265216,wear-out
apify_a7d2694892e5,data\raw\other\apify_a7d2694892e5.jpg,0.5889,53.0,False,other,apify,2026-05-14T05:53:04.827805,wear-out
apify_056badaa4f0a,data\raw\other\apify_056badaa4f0a.jpg,0.1,9.0,False,other,apify,2026-05-14T05:53:10.646268,wear-out
apify_2930c005b1fb,data\raw\ecommerce\apify_2930c005b1fb.jpg,0.5222,47.0,False,ecommerce,apify,2026-05-14T05:53:13.097408,wear-out
apify_be59c0ccb918,data\raw\other\apify_be59c0ccb918.jpg,0.4667,42.0,False,other,apify,2026-05-14T05:53:16.046084,wear-out
apify_e24bb669596e,data\raw\gaming\apify_e24bb669596e.jpg,0.3778,34.0,False,gaming,apify,2026-05-14T05:53:18.715234,wear-out
apify_52a0c842b9eb,data\raw\other\apify_52a0c842b9eb.jpg,0.3889,35.0,False,other,apify,2026-05-14T05:53:29.953252,wear-out
apify_be0c04d65f0f,data\raw\other\apify_be0c04d65f0f.jpg,0.2889,26.0,False,other,apify,2026-05-14T05:53:32.739607,wear-out
apify_e21050a31d80,data\raw\finance\apify_e21050a31d80.jpg,0.3,27.0,False,finance,apify,2026-05-14T05:53:35.501941,wear-out
apify_cba0374acae9,data\raw\other\apify_cba0374acae9.jpg,0.4889,44.0,False,other,apify,2026-05-14T05:53:43.649246,wear-out
apify_9c112cd9447e,data\raw\other\apify_9c112cd9447e.jpg,0.4333,39.0,False,other,apify,2026-05-14T05:53:45.500180,wear-out
apify_c8c05337b6e5,data\raw\other\apify_c8c05337b6e5.jpg,0.7556,68.0,False,other,apify,2026-05-14T05:53:48.520959,wear-out
apify_7b90a1a1306d,data\raw\other\apify_7b90a1a1306d.jpg,0.0778,7.0,False,other,apify,2026-05-14T05:53:50.341907,wear-out
apify_bdec5f9870e0,data\raw\gaming\apify_bdec5f9870e0.jpg,0.0778,7.0,False,gaming,apify,2026-05-14T05:53:55.219769,wear-out
apify_c82307ef2901,data\raw\gaming\apify_c82307ef2901.jpg,0.5667,51.0,False,gaming,apify,2026-05-14T05:54:07.213875,wear-out
apify_6d99ef894b3c,data\raw\other\apify_6d99ef894b3c.jpg,0.1444,13.0,False,other,apify,2026-05-14T05:54:10.284416,wear-out
apify_fbcab855b864,data\raw\gaming\apify_fbcab855b864.jpg,0.3889,35.0,False,gaming,apify,2026-05-14T05:54:12.913512,wear-out
apify_847f5aa5f641,data\raw\ecommerce\apify_847f5aa5f641.jpg,0.5111,46.0,False,ecommerce,apify,2026-05-14T05:54:18.543269,wear-out
apify_80a133ca0e3a,data\raw\other\apify_80a133ca0e3a.jpg,0.6333,57.0,False,other,apify,2026-05-14T05:54:20.741386,wear-out
apify_d82fa819868f,data\raw\finance\apify_d82fa819868f.jpg,0.1667,15.0,False,finance,apify,2026-05-14T05:54:23.153156,wear-out
apify_033e0a38acca,data\raw\other\apify_033e0a38acca.jpg,0.3111,28.0,False,other,apify,2026-05-14T05:54:25.344827,wear-out
apify_4493aa8bc976,data\raw\other\apify_4493aa8bc976.jpg,0.5889,53.0,False,other,apify,2026-05-14T05:54:28.221388,wear-out
apify_62b96857fb58,data\raw\gaming\apify_62b96857fb58.jpg,0.3111,28.0,False,gaming,apify,2026-05-14T05:54:30.548712,wear-out
apify_2b492f0f409f,data\raw\other\apify_2b492f0f409f.jpg,0.0444,4.0,False,other,apify,2026-05-14T05:54:33.241059,cut-out
apify_3ec78886ba91,data\raw\other\apify_3ec78886ba91.jpg,0.1,9.0,False,other,apify,2026-05-14T05:54:43.003282,wear-out
apify_ebb07025b7df,data\raw\gaming\apify_ebb07025b7df.jpg,0.7444,67.0,False,gaming,apify,2026-05-14T05:54:44.624819,wear-out
apify_1836fd90b389,data\raw\other\apify_1836fd90b389.jpg,0.5556,50.0,False,other,apify,2026-05-14T05:54:46.394205,wear-out
apify_e5559531f956,data\raw\gaming\apify_e5559531f956.jpg,0.2778,25.0,False,gaming,apify,2026-05-14T05:54:48.592517,wear-out
apify_32e6452677a9,data\raw\ecommerce\apify_32e6452677a9.jpg,0.4333,39.0,False,ecommerce,apify,2026-05-14T05:54:52.754664,wear-out
apify_edcdbbb3461e,data\raw\other\apify_edcdbbb3461e.jpg,0.6444,58.0,False,other,apify,2026-05-14T05:54:54.896823,wear-out
apify_c009684b4173,data\raw\gaming\apify_c009684b4173.jpg,0.3,27.0,False,gaming,apify,2026-05-14T05:54:57.692962,wear-out
apify_203aabc98689,data\raw\ecommerce\apify_203aabc98689.jpg,0.5778,52.0,False,ecommerce,apify,2026-05-14T05:55:00.459022,wear-out
apify_3cfa141880ec,data\raw\ecommerce\apify_3cfa141880ec.jpg,0.0444,4.0,False,ecommerce,apify,2026-05-14T05:55:03.240187,cut-out
apify_11a4b0fb7851,data\raw\other\apify_11a4b0fb7851.jpg,0.1556,14.0,False,other,apify,2026-05-14T05:55:08.366778,wear-out
apify_1ce77e1ae306,data\raw\other\apify_1ce77e1ae306.jpg,0.3222,29.0,False,other,apify,2026-05-14T05:55:14.976848,wear-out
apify_482796093229,data\raw\other\apify_482796093229.jpg,0.7556,68.0,False,other,apify,2026-05-14T05:55:17.653483,wear-out
apify_5cc5de02e74c,data\raw\other\apify_5cc5de02e74c.jpg,0.8667,78.0,False,other,apify,2026-05-14T05:55:24.503745,wear-out
apify_283f72615b5b,data\raw\ecommerce\apify_283f72615b5b.jpg,0.5333,48.0,False,ecommerce,apify,2026-05-14T05:55:27.803886,wear-out
apify_b45c3b705f2c,data\raw\gaming\apify_b45c3b705f2c.jpg,0.0222,2.0,False,gaming,apify,2026-05-14T05:55:35.298140,cut-out
apify_02c3d1105f42,data\raw\ecommerce\apify_02c3d1105f42.jpg,0.1222,11.0,False,ecommerce,apify,2026-05-14T05:55:40.016698,wear-out
apify_2c38768eadc0,data\raw\other\apify_2c38768eadc0.jpg,0.0667,6.0,False,other,apify,2026-05-14T05:55:47.307163,cut-out
apify_8be3784b7412,data\raw\finance\apify_8be3784b7412.jpg,0.0222,2.0,False,finance,apify,2026-05-14T05:55:52.053682,cut-out
apify_a12b09e43909,data\raw\other\apify_a12b09e43909.jpg,0.1556,14.0,False,other,apify,2026-05-14T05:55:57.354369,wear-out
apify_17066d46a02c,data\raw\other\apify_17066d46a02c.jpg,0.3556,32.0,False,other,apify,2026-05-14T05:55:59.462435,wear-out
apify_2297db5c970d,data\raw\other\apify_2297db5c970d.jpg,0.2889,26.0,False,other,apify,2026-05-14T05:56:01.799447,wear-out
apify_deddd862a878,data\raw\other\apify_deddd862a878.jpg,0.6333,57.0,False,other,apify,2026-05-14T05:56:06.752427,wear-out
apify_d52ae9c56cb0,data\raw\gaming\apify_d52ae9c56cb0.jpg,0.0222,2.0,False,gaming,apify,2026-05-14T05:56:08.725502,cut-out
apify_e47909c7024f,data\raw\ecommerce\apify_e47909c7024f.jpg,0.0889,8.0,False,ecommerce,apify,2026-05-14T05:56:10.877263,wear-out
apify_37f9b4a96dad,data\raw\gaming\apify_37f9b4a96dad.jpg,0.5,45.0,False,gaming,apify,2026-05-14T05:56:15.670924,wear-out
apify_9c2b257ff763,data\raw\ecommerce\apify_9c2b257ff763.jpg,0.0444,4.0,False,ecommerce,apify,2026-05-14T05:56:17.740675,cut-out
apify_d45166242702,data\raw\gaming\apify_d45166242702.jpg,0.6778,61.0,False,gaming,apify,2026-05-14T05:56:24.715136,wear-out
apify_dbc77937e72b,data\raw\ecommerce\apify_dbc77937e72b.jpg,0.4667,42.0,False,ecommerce,apify,2026-05-14T05:56:29.538780,wear-out
apify_9309a8cf2f57,data\raw\other\apify_9309a8cf2f57.jpg,0.4778,43.0,False,other,apify,2026-05-14T05:56:32.062855,wear-out
apify_4468232100a6,data\raw\other\apify_4468232100a6.jpg,0.7889,71.0,False,other,apify,2026-05-14T05:56:36.739717,wear-out
apify_ded70adcde2f,data\raw\other\apify_ded70adcde2f.jpg,0.9889,89.0,False,other,apify,2026-05-14T05:56:40.104297,wear-out
apify_3db83546f1ff,data\raw\other\apify_3db83546f1ff.jpg,0.4111,37.0,False,other,apify,2026-05-14T05:56:42.453149,wear-out
apify_810c90c3e954,data\raw\gaming\apify_810c90c3e954.jpg,0.0222,2.0,False,gaming,apify,2026-05-14T05:56:44.667387,cut-out
apify_07cdb9f3b30d,data\raw\ecommerce\apify_07cdb9f3b30d.jpg,0.7667,69.0,False,ecommerce,apify,2026-05-14T05:56:47.418149,wear-out
apify_64b489ab9bd6,data\raw\ecommerce\apify_64b489ab9bd6.jpg,0.0444,4.0,False,ecommerce,apify,2026-05-14T05:56:54.544642,cut-out
apify_d350d523ab73,data\raw\other\apify_d350d523ab73.jpg,0.2667,24.0,False,other,apify,2026-05-14T05:56:57.332664,wear-out
apify_6485607c4eef,data\raw\finance\apify_6485607c4eef.jpg,0.9333,84.0,False,finance,apify,2026-05-14T05:57:02.849383,wear-out
apify_5611d9c6798b,data\raw\gaming\apify_5611d9c6798b.jpg,0.0222,2.0,False,gaming,apify,2026-05-14T05:57:07.394546,cut-out
apify_28f0db5d95dd,data\raw\gaming\apify_28f0db5d95dd.jpg,0.0222,2.0,False,gaming,apify,2026-05-14T05:57:12.522781,cut-out
apify_39fc625c020d,data\raw\other\apify_39fc625c020d.jpg,0.0333,3.0,False,other,apify,2026-05-14T05:57:14.707590,cut-out
apify_d0cac5986f20,data\raw\other\apify_d0cac5986f20.jpg,0.0333,3.0,False,other,apify,2026-05-14T05:57:19.459788,cut-out
apify_cbe77e40cf0f,data\raw\other\apify_cbe77e40cf0f.jpg,0.5333,48.0,False,other,apify,2026-05-14T05:57:22.689643,wear-out
apify_5c75caebeaf0,data\raw\other\apify_5c75caebeaf0.jpg,0.5556,50.0,False,other,apify,2026-05-14T05:57:24.524971,wear-out
apify_9d8a1887c874,data\raw\gaming\apify_9d8a1887c874.jpg,0.1778,16.0,False,gaming,apify,2026-05-14T05:57:29.127112,wear-out
apify_4114ba76446d,data\raw\other\apify_4114ba76446d.jpg,0.1889,17.0,False,other,apify,2026-05-14T05:57:31.900472,wear-out
apify_fed7f67c02c5,data\raw\other\apify_fed7f67c02c5.jpg,0.2,18.0,False,other,apify,2026-05-14T05:57:33.956262,wear-out
apify_90a9e07b4828,data\raw\gaming\apify_90a9e07b4828.jpg,0.4889,44.0,False,gaming,apify,2026-05-14T05:57:36.719781,wear-out
apify_1a29e5893dff,data\raw\other\apify_1a29e5893dff.jpg,0.8111,73.0,False,other,apify,2026-05-14T05:57:39.193975,wear-out
apify_bd85cb7b0e0d,data\raw\ecommerce\apify_bd85cb7b0e0d.jpg,0.1556,14.0,False,ecommerce,apify,2026-05-14T05:57:41.660248,wear-out
apify_aabd5dfc768f,data\raw\gaming\apify_aabd5dfc768f.jpg,0.3667,33.0,False,gaming,apify,2026-05-14T05:57:46.483002,wear-out
apify_c7b5f448b886,data\raw\other\apify_c7b5f448b886.jpg,0.1111,10.0,False,other,apify,2026-05-14T05:57:49.153257,wear-out
apify_8888982870ec,data\raw\finance\apify_8888982870ec.jpg,0.0444,4.0,False,finance,apify,2026-05-14T05:57:54.212387,cut-out
apify_4984a287e2af,data\raw\other\apify_4984a287e2af.jpg,0.1444,13.0,False,other,apify,2026-05-14T05:57:56.395700,wear-out
apify_f3f9c511143b,data\raw\other\apify_f3f9c511143b.jpg,0.4111,37.0,False,other,apify,2026-05-14T05:57:59.594617,wear-out
apify_d16ccd848c84,data\raw\ecommerce\apify_d16ccd848c84.jpg,0.0444,4.0,False,ecommerce,apify,2026-05-14T05:58:01.644929,cut-out
apify_36068a382bfd,data\raw\gaming\apify_36068a382bfd.jpg,0.1,9.0,False,gaming,apify,2026-05-14T05:58:04.070884,wear-out
apify_0e08534bc569,data\raw\other\apify_0e08534bc569.jpg,0.6222,56.0,False,other,apify,2026-05-14T05:58:09.188290,wear-out
apify_15aa3b69f3c4,data\raw\gaming\apify_15aa3b69f3c4.jpg,0.0222,2.0,False,gaming,apify,2026-05-14T05:58:11.053910,cut-out
apify_917951cded2c,data\raw\other\apify_917951cded2c.jpg,0.7,63.0,False,other,apify,2026-05-14T05:58:21.775640,wear-out
apify_aff6fe766f56,data\raw\other\apify_aff6fe766f56.jpg,0.8222,74.0,False,other,apify,2026-05-14T05:58:27.033807,wear-out
apify_efc4ae695e60,data\raw\ecommerce\apify_efc4ae695e60.jpg,0.6444,58.0,False,ecommerce,apify,2026-05-14T05:58:28.927648,wear-out
apify_ebfc9345b190,data\raw\other\apify_ebfc9345b190.jpg,0.6778,61.0,False,other,apify,2026-05-14T05:58:32.829450,wear-out
apify_f5e7f339061f,data\raw\gaming\apify_f5e7f339061f.jpg,0.0222,2.0,False,gaming,apify,2026-05-14T05:58:35.250299,cut-out
apify_ef5aaa2c91b1,data\raw\other\apify_ef5aaa2c91b1.jpg,0.1889,17.0,False,other,apify,2026-05-14T05:58:40.763323,wear-out
apify_270a4ebbd664,data\raw\other\apify_270a4ebbd664.jpg,0.0444,4.0,False,other,apify,2026-05-14T05:58:42.801796,cut-out
apify_6b34db247f1f,data\raw\other\apify_6b34db247f1f.jpg,0.8556,77.0,False,other,apify,2026-05-14T05:58:48.442908,wear-out
apify_ab57e1a41fda,data\raw\ecommerce\apify_ab57e1a41fda.jpg,0.4111,37.0,False,ecommerce,apify,2026-05-14T05:58:56.906736,wear-out
apify_5e221aa3c18b,data\raw\ecommerce\apify_5e221aa3c18b.jpg,0.4111,37.0,False,ecommerce,apify,2026-05-14T05:59:00.587773,wear-out
apify_a1f61adbb6e9,data\raw\ecommerce\apify_a1f61adbb6e9.jpg,0.1778,16.0,False,ecommerce,apify,2026-05-14T05:59:16.215879,wear-out
apify_73868afe3940,data\raw\gaming\apify_73868afe3940.jpg,0.0444,4.0,False,gaming,apify,2026-05-14T05:59:19.093906,cut-out
apify_3ccf1f77aac0,data\raw\ecommerce\apify_3ccf1f77aac0.jpg,0.4444,40.0,False,ecommerce,apify,2026-05-14T05:59:21.805821,wear-out
apify_660e9882d7b0,data\raw\ecommerce\apify_660e9882d7b0.jpg,0.0778,7.0,False,ecommerce,apify,2026-05-14T05:59:25.652164,wear-out
apify_b8db7eea59fc,data\raw\gaming\apify_b8db7eea59fc.jpg,0.1778,16.0,False,gaming,apify,2026-05-14T05:59:28.217380,wear-out
apify_93e59ec12f7e,data\raw\ecommerce\apify_93e59ec12f7e.jpg,0.0556,5.0,False,ecommerce,apify,2026-05-14T05:59:31.804204,cut-out
apify_e7f1579bc63f,data\raw\ecommerce\apify_e7f1579bc63f.jpg,0.2444,22.0,False,ecommerce,apify,2026-05-14T05:59:37.390858,wear-out
apify_f37fa7bce39d,data\raw\ecommerce\apify_f37fa7bce39d.jpg,0.3444,31.0,False,ecommerce,apify,2026-05-14T05:59:40.438860,wear-out
apify_89bdbf31addd,data\raw\ecommerce\apify_89bdbf31addd.jpg,0.2,18.0,False,ecommerce,apify,2026-05-14T05:59:42.908884,wear-out
apify_1d74649f5005,data\raw\ecommerce\apify_1d74649f5005.jpg,0.0778,7.0,False,ecommerce,apify,2026-05-14T05:59:46.233593,wear-out
apify_6ec6ed818af1,data\raw\ecommerce\apify_6ec6ed818af1.jpg,0.4444,40.0,False,ecommerce,apify,2026-05-14T05:59:52.479031,wear-out
apify_8b2e06ba2c38,data\raw\gaming\apify_8b2e06ba2c38.jpg,0.4222,38.0,False,gaming,apify,2026-05-14T05:59:58.798512,wear-out
apify_b5de8af4dba8,data\raw\ecommerce\apify_b5de8af4dba8.jpg,0.0333,3.0,False,ecommerce,apify,2026-05-14T06:00:02.536819,cut-out
apify_7f75bea9ce48,data\raw\ecommerce\apify_7f75bea9ce48.jpg,0.4444,40.0,False,ecommerce,apify,2026-05-14T06:00:08.722006,wear-out
apify_67642d971a8e,data\raw\gaming\apify_67642d971a8e.jpg,0.0556,5.0,False,gaming,apify,2026-05-14T06:00:12.856095,cut-out
apify_92487aaa3ede,data\raw\gaming\apify_92487aaa3ede.jpg,0.9,81.0,False,gaming,apify,2026-05-14T06:00:15.310033,wear-out
apify_2463f0ff7b04,data\raw\ecommerce\apify_2463f0ff7b04.jpg,0.5556,50.0,False,ecommerce,apify,2026-05-14T06:00:17.769410,wear-out
apify_fb7fe004be89,data\raw\ecommerce\apify_fb7fe004be89.jpg,0.2889,26.0,False,ecommerce,apify,2026-05-14T06:00:21.887024,wear-out
apify_11a8d57edd2b,data\raw\ecommerce\apify_11a8d57edd2b.jpg,0.0556,5.0,False,ecommerce,apify,2026-05-14T06:00:24.963218,cut-out
apify_accd23d78918,data\raw\ecommerce\apify_accd23d78918.jpg,0.0333,3.0,False,ecommerce,apify,2026-05-14T06:00:28.222231,cut-out
apify_4fad5f636642,data\raw\other\apify_4fad5f636642.jpg,0.1111,10.0,False,other,apify,2026-05-14T06:00:31.436558,wear-out
apify_7fb42993b356,data\raw\gaming\apify_7fb42993b356.jpg,0.0778,7.0,False,gaming,apify,2026-05-14T06:00:35.141235,wear-out
apify_6bc0f807d402,data\raw\gaming\apify_6bc0f807d402.jpg,0.2444,22.0,False,gaming,apify,2026-05-14T06:00:46.606355,wear-out
apify_6ba959e1f07b,data\raw\ecommerce\apify_6ba959e1f07b.jpg,0.0667,6.0,False,ecommerce,apify,2026-05-14T06:00:52.406726,cut-out
apify_f321af3f4e59,data\raw\gaming\apify_f321af3f4e59.jpg,0.3889,35.0,False,gaming,apify,2026-05-14T06:00:56.041799,wear-out
apify_a729f0742c4d,data\raw\gaming\apify_a729f0742c4d.jpg,0.0556,5.0,False,gaming,apify,2026-05-14T06:00:59.241160,cut-out
apify_6d945f5a1b9d,data\raw\ecommerce\apify_6d945f5a1b9d.jpg,0.4444,40.0,False,ecommerce,apify,2026-05-14T06:01:05.882846,wear-out
apify_d491a8a7a9c5,data\raw\ecommerce\apify_d491a8a7a9c5.jpg,0.4444,40.0,False,ecommerce,apify,2026-05-14T06:01:12.122539,wear-out
apify_af975762f086,data\raw\gaming\apify_af975762f086.jpg,0.2889,26.0,False,gaming,apify,2026-05-14T06:01:15.439308,wear-out
apify_5a42af0d3998,data\raw\ecommerce\apify_5a42af0d3998.jpg,0.0444,4.0,False,ecommerce,apify,2026-05-14T06:01:22.247995,cut-out
apify_d6dfd0f3c3da,data\raw\gaming\apify_d6dfd0f3c3da.jpg,0.0333,3.0,False,gaming,apify,2026-05-14T06:01:28.062466,cut-out
apify_70acc4c4e3bc,data\raw\gaming\apify_70acc4c4e3bc.jpg,0.2778,25.0,False,gaming,apify,2026-05-14T06:01:39.431976,wear-out
apify_37e54e65d3f4,data\raw\ecommerce\apify_37e54e65d3f4.jpg,0.7222,65.0,False,ecommerce,apify,2026-05-14T06:01:42.050794,wear-out
apify_fdc9359242f3,data\raw\gaming\apify_fdc9359242f3.jpg,0.3889,35.0,False,gaming,apify,2026-05-14T06:01:45.612907,wear-out
apify_4b9dbf72b5f8,data\raw\gaming\apify_4b9dbf72b5f8.jpg,0.5333,48.0,False,gaming,apify,2026-05-14T06:01:49.349507,wear-out
apify_818ce7af2d1a,data\raw\gaming\apify_818ce7af2d1a.jpg,0.0889,8.0,False,gaming,apify,2026-05-14T06:01:52.263350,wear-out
apify_d64324a87ceb,data\raw\ecommerce\apify_d64324a87ceb.jpg,0.8556,77.0,False,ecommerce,apify,2026-05-14T06:01:55.874360,wear-out
apify_f287ae49e0d7,data\raw\ecommerce\apify_f287ae49e0d7.jpg,0.1889,17.0,False,ecommerce,apify,2026-05-14T06:02:07.532792,wear-out
apify_8c06df970d36,data\raw\gaming\apify_8c06df970d36.jpg,0.5444,49.0,False,gaming,apify,2026-05-14T06:02:17.878402,wear-out
apify_3604bfbf5287,data\raw\ecommerce\apify_3604bfbf5287.jpg,0.1889,17.0,False,ecommerce,apify,2026-05-14T06:02:32.979945,wear-out
apify_f0056d878436,data\raw\gaming\apify_f0056d878436.jpg,0.0222,2.0,False,gaming,apify,2026-05-14T06:02:35.493211,cut-out
apify_f9eb473461cf,data\raw\gaming\apify_f9eb473461cf.jpg,0.1556,14.0,False,gaming,apify,2026-05-14T06:02:44.429515,wear-out
apify_23a734389c18,data\raw\ecommerce\apify_23a734389c18.jpg,0.1111,10.0,False,ecommerce,apify,2026-05-14T06:02:47.475716,wear-out
apify_b537dec80814,data\raw\ecommerce\apify_b537dec80814.jpg,0.0333,3.0,False,ecommerce,apify,2026-05-14T06:02:53.206989,cut-out
apify_4e8d3c61e2d7,data\raw\gaming\apify_4e8d3c61e2d7.jpg,0.0333,3.0,False,gaming,apify,2026-05-14T06:03:03.030579,cut-out
apify_b9d5cba7ac5f,data\raw\ecommerce\apify_b9d5cba7ac5f.jpg,0.3222,29.0,False,ecommerce,apify,2026-05-14T06:03:05.181506,wear-out
apify_551c7bb13323,data\raw\ecommerce\apify_551c7bb13323.jpg,0.8111,73.0,False,ecommerce,apify,2026-05-14T06:03:15.949269,wear-out
apify_712e1987d72b,data\raw\other\apify_712e1987d72b.jpg,0.3333,30.0,False,other,apify,2026-05-14T06:03:19.206972,wear-out
apify_cd683c126e05,data\raw\ecommerce\apify_cd683c126e05.jpg,0.2778,25.0,False,ecommerce,apify,2026-05-14T06:03:23.194362,wear-out
apify_3dc80fd1e16c,data\raw\other\apify_3dc80fd1e16c.jpg,0.2222,20.0,False,other,apify,2026-05-14T06:03:26.470866,wear-out
apify_b792d40ebab4,data\raw\gaming\apify_b792d40ebab4.jpg,0.3,27.0,False,gaming,apify,2026-05-14T06:03:28.948045,wear-out
apify_01ca0637a562,data\raw\gaming\apify_01ca0637a562.jpg,0.0333,3.0,False,gaming,apify,2026-05-14T06:03:33.229236,cut-out
apify_b303f2f77bbe,data\raw\ecommerce\apify_b303f2f77bbe.jpg,0.4444,40.0,False,ecommerce,apify,2026-05-14T06:03:36.601274,wear-out
apify_d12d8326d61f,data\raw\gaming\apify_d12d8326d61f.jpg,0.9333,84.0,False,gaming,apify,2026-05-14T06:03:39.410267,wear-out
apify_f7b4e8603a1c,data\raw\ecommerce\apify_f7b4e8603a1c.jpg,0.4111,37.0,False,ecommerce,apify,2026-05-14T06:03:43.066649,wear-out
apify_c09b417308e4,data\raw\ecommerce\apify_c09b417308e4.jpg,0.0111,1.0,False,ecommerce,apify,2026-05-14T06:03:45.649458,cut-out
apify_87c7b1b50369,data\raw\gaming\apify_87c7b1b50369.jpg,0.2444,22.0,False,gaming,apify,2026-05-14T06:03:48.563912,wear-out
apify_b7ff7525651b,data\raw\gaming\apify_b7ff7525651b.jpg,0.0222,2.0,False,gaming,apify,2026-05-14T06:03:54.445657,cut-out
apify_c1206b1e5c70,data\raw\finance\apify_c1206b1e5c70.jpg,0.0444,4.0,False,finance,apify,2026-05-14T06:03:58.019476,cut-out
apify_622c534ed1f1,data\raw\ecommerce\apify_622c534ed1f1.jpg,0.0889,8.0,False,ecommerce,apify,2026-05-14T06:04:05.120095,wear-out
apify_6c142ae075ff,data\raw\ecommerce\apify_6c142ae075ff.jpg,0.1778,16.0,False,ecommerce,apify,2026-05-14T06:04:10.647307,wear-out
apify_c2534554bb00,data\raw\ecommerce\apify_c2534554bb00.jpg,0.0444,4.0,False,ecommerce,apify,2026-05-14T06:04:15.148841,cut-out
apify_2f0fcebbed45,data\raw\ecommerce\apify_2f0fcebbed45.jpg,0.0556,5.0,False,ecommerce,apify,2026-05-14T06:04:21.225361,cut-out
apify_65df62a8c8fb,data\raw\ecommerce\apify_65df62a8c8fb.jpg,0.4556,41.0,False,ecommerce,apify,2026-05-14T06:04:23.743920,wear-out
apify_c794759875a8,data\raw\ecommerce\apify_c794759875a8.jpg,0.0889,8.0,False,ecommerce,apify,2026-05-14T06:04:26.092792,wear-out
apify_813df95a899f,data\raw\gaming\apify_813df95a899f.jpg,0.0222,2.0,False,gaming,apify,2026-05-14T06:04:28.795239,cut-out
apify_0e6cdc1587c0,data\raw\gaming\apify_0e6cdc1587c0.jpg,0.1556,14.0,False,gaming,apify,2026-05-14T06:04:31.606649,wear-out
apify_17c4ca721663,data\raw\ecommerce\apify_17c4ca721663.jpg,0.1889,17.0,False,ecommerce,apify,2026-05-14T06:04:34.560982,wear-out
apify_945db7f15a0f,data\raw\gaming\apify_945db7f15a0f.jpg,0.0444,4.0,False,gaming,apify,2026-05-14T06:04:37.274255,cut-out
apify_de761397f61a,data\raw\other\apify_de761397f61a.jpg,0.6111,55.0,False,other,apify,2026-05-14T06:04:40.274039,wear-out
apify_bebe72fe4895,data\raw\ecommerce\apify_bebe72fe4895.jpg,0.2,18.0,False,ecommerce,apify,2026-05-14T06:04:43.743880,wear-out
apify_a32c258e190c,data\raw\other\apify_a32c258e190c.jpg,0.9222,83.0,False,other,apify,2026-05-14T06:04:47.984070,wear-out
apify_cbf1129b070a,data\raw\ecommerce\apify_cbf1129b070a.jpg,0.1111,10.0,False,ecommerce,apify,2026-05-14T06:04:50.739932,wear-out
apify_e66ad5a12632,data\raw\ecommerce\apify_e66ad5a12632.jpg,0.1444,13.0,False,ecommerce,apify,2026-05-14T06:04:54.783219,wear-out
apify_3f41af6ee198,data\raw\ecommerce\apify_3f41af6ee198.jpg,0.4444,40.0,False,ecommerce,apify,2026-05-14T06:04:58.668769,wear-out
apify_2c92f6cb1cc1,data\raw\gaming\apify_2c92f6cb1cc1.jpg,0.4333,39.0,False,gaming,apify,2026-05-14T06:05:04.152112,wear-out
apify_b8588dcd255f,data\raw\gaming\apify_b8588dcd255f.jpg,0.4111,37.0,False,gaming,apify,2026-05-14T06:05:07.420544,wear-out
apify_95b6f12c1457,data\raw\gaming\apify_95b6f12c1457.jpg,0.2111,19.0,False,gaming,apify,2026-05-14T06:05:10.759095,wear-out
apify_bff55ecc7625,data\raw\gaming\apify_bff55ecc7625.jpg,0.2444,22.0,False,gaming,apify,2026-05-14T06:05:14.032833,wear-out
apify_b9161b36b104,data\raw\ecommerce\apify_b9161b36b104.jpg,0.2,18.0,False,ecommerce,apify,2026-05-14T06:05:17.517727,wear-out
apify_34c8797bb024,data\raw\gaming\apify_34c8797bb024.jpg,0.0778,7.0,False,gaming,apify,2026-05-14T06:05:20.653630,wear-out
apify_594222fed24f,data\raw\gaming\apify_594222fed24f.jpg,0.0889,8.0,False,gaming,apify,2026-05-14T06:05:23.468994,wear-out
apify_47ee8bfd01b7,data\raw\gaming\apify_47ee8bfd01b7.jpg,0.1889,17.0,False,gaming,apify,2026-05-14T06:05:44.537518,wear-out
apify_0f30b227937e,data\raw\ecommerce\apify_0f30b227937e.jpg,0.9889,89.0,False,ecommerce,apify,2026-05-14T06:05:47.613792,wear-out
apify_f04f98d1620a,data\raw\gaming\apify_f04f98d1620a.jpg,0.0778,7.0,False,gaming,apify,2026-05-14T06:05:51.397768,wear-out
apify_05d844a5a3d6,data\raw\ecommerce\apify_05d844a5a3d6.jpg,0.1889,17.0,False,ecommerce,apify,2026-05-14T06:05:54.226555,wear-out
apify_92a6559c09d3,data\raw\gaming\apify_92a6559c09d3.jpg,0.1444,13.0,False,gaming,apify,2026-05-14T06:05:58.649365,wear-out
apify_74136ef908b5,data\raw\ecommerce\apify_74136ef908b5.jpg,0.0556,5.0,False,ecommerce,apify,2026-05-14T06:06:01.033316,cut-out
apify_208d6454cf05,data\raw\other\apify_208d6454cf05.jpg,0.1444,13.0,False,other,apify,2026-05-14T06:06:03.783394,wear-out
apify_dc3ce13902a2,data\raw\other\apify_dc3ce13902a2.jpg,0.2333,21.0,False,other,apify,2026-05-14T06:06:06.678026,wear-out
apify_b087d9254e1b,data\raw\ecommerce\apify_b087d9254e1b.jpg,0.0111,1.0,False,ecommerce,apify,2026-05-14T06:06:10.166795,cut-out
apify_d641584ea26b,data\raw\gaming\apify_d641584ea26b.jpg,0.3889,35.0,False,gaming,apify,2026-05-14T06:06:13.617246,wear-out
apify_4b75b3f9d390,data\raw\gaming\apify_4b75b3f9d390.jpg,0.1889,17.0,False,gaming,apify,2026-05-14T06:06:17.014855,wear-out
apify_fde9378d125e,data\raw\other\apify_fde9378d125e.jpg,0.2222,20.0,False,other,apify,2026-05-14T06:06:25.902728,wear-out
apify_2b4124692ab3,data\raw\gaming\apify_2b4124692ab3.jpg,0.1667,15.0,False,gaming,apify,2026-05-14T06:06:30.534744,wear-out
apify_d99e7663dd43,data\raw\ecommerce\apify_d99e7663dd43.jpg,0.0333,3.0,False,ecommerce,apify,2026-05-14T06:06:40.741170,cut-out
apify_c4b34d0b2687,data\raw\other\apify_c4b34d0b2687.jpg,0.0778,7.0,False,other,apify,2026-05-14T06:06:43.006470,wear-out
apify_1e41252695e3,data\raw\other\apify_1e41252695e3.jpg,0.0778,7.0,False,other,apify,2026-05-14T06:06:46.590197,wear-out
apify_ac87ecc241a4,data\raw\ecommerce\apify_ac87ecc241a4.jpg,0.1667,15.0,False,ecommerce,apify,2026-05-14T06:06:49.901913,wear-out
apify_cd25247f8cb8,data\raw\ecommerce\apify_cd25247f8cb8.jpg,0.0111,1.0,False,ecommerce,apify,2026-05-14T06:06:57.007802,cut-out
apify_78d9ee1e78c4,data\raw\gaming\apify_78d9ee1e78c4.jpg,0.9111,82.0,False,gaming,apify,2026-05-14T06:07:00.151372,wear-out
apify_a62059556a18,data\raw\ecommerce\apify_a62059556a18.jpg,0.7333,66.0,False,ecommerce,apify,2026-05-14T06:07:03.632061,wear-out
apify_a021a6ebc7d7,data\raw\ecommerce\apify_a021a6ebc7d7.jpg,0.0667,6.0,False,ecommerce,apify,2026-05-14T06:07:05.634899,cut-out
apify_1c0ef738eb7e,data\raw\other\apify_1c0ef738eb7e.jpg,0.1222,11.0,False,other,apify,2026-05-14T06:07:08.207070,wear-out
apify_552268b1eb5a,data\raw\other\apify_552268b1eb5a.jpg,0.2111,19.0,False,other,apify,2026-05-14T06:07:20.630865,wear-out
apify_c078d0196c92,data\raw\gaming\apify_c078d0196c92.jpg,0.0667,6.0,False,gaming,apify,2026-05-14T06:07:23.697057,cut-out
apify_6aa76eef4a97,data\raw\gaming\apify_6aa76eef4a97.jpg,0.1111,10.0,False,gaming,apify,2026-05-14T06:07:25.928139,wear-out
apify_ad3f1298bae6,data\raw\ecommerce\apify_ad3f1298bae6.jpg,0.7778,70.0,False,ecommerce,apify,2026-05-14T06:07:29.270789,wear-out
apify_23434ed7cf27,data\raw\gaming\apify_23434ed7cf27.jpg,0.2444,22.0,False,gaming,apify,2026-05-14T06:07:38.587443,wear-out
apify_bd26fbeabdf8,data\raw\gaming\apify_bd26fbeabdf8.jpg,0.1667,15.0,False,gaming,apify,2026-05-14T06:07:44.758118,wear-out
apify_d1b2098bff84,data\raw\gaming\apify_d1b2098bff84.jpg,0.0444,4.0,False,gaming,apify,2026-05-14T06:07:48.915504,cut-out
apify_091f66b5c7e2,data\raw\ecommerce\apify_091f66b5c7e2.jpg,0.5667,51.0,False,ecommerce,apify,2026-05-14T06:07:54.428399,wear-out
apify_899d80b0f544,data\raw\gaming\apify_899d80b0f544.jpg,0.4778,43.0,False,gaming,apify,2026-05-14T06:08:00.260776,wear-out
apify_07ac1cdb053a,data\raw\ecommerce\apify_07ac1cdb053a.jpg,0.1,9.0,False,ecommerce,apify,2026-05-14T06:08:03.990778,wear-out
apify_27fa477084a8,data\raw\gaming\apify_27fa477084a8.jpg,0.4778,43.0,False,gaming,apify,2026-05-14T06:08:10.227827,wear-out
apify_f6bd63e10836,data\raw\ecommerce\apify_f6bd63e10836.jpg,0.0222,2.0,False,ecommerce,apify,2026-05-14T06:08:13.894247,cut-out
apify_c52eb8e393bb,data\raw\gaming\apify_c52eb8e393bb.jpg,0.3889,35.0,False,gaming,apify,2026-05-14T06:08:21.472697,wear-out
apify_5af631fb629f,data\raw\ecommerce\apify_5af631fb629f.jpg,0.0333,3.0,False,ecommerce,apify,2026-05-14T06:08:29.778320,cut-out
apify_3985a53c0cdf,data\raw\ecommerce\apify_3985a53c0cdf.jpg,0.2222,20.0,False,ecommerce,apify,2026-05-14T06:08:39.614822,wear-out
apify_25e4236e6e49,data\raw\ecommerce\apify_25e4236e6e49.jpg,0.5222,47.0,False,ecommerce,apify,2026-05-14T06:08:46.174725,wear-out
apify_e9e9285cf7a3,data\raw\gaming\apify_e9e9285cf7a3.jpg,0.0889,8.0,False,gaming,apify,2026-05-14T06:08:49.521646,wear-out
apify_9d7fb9b0c166,data\raw\ecommerce\apify_9d7fb9b0c166.jpg,0.1667,15.0,False,ecommerce,apify,2026-05-14T06:08:51.922890,wear-out
apify_012f9f52ca6b,data\raw\ecommerce\apify_012f9f52ca6b.jpg,0.5,45.0,False,ecommerce,apify,2026-05-14T06:08:54.276186,wear-out
apify_2146ec4d9801,data\raw\ecommerce\apify_2146ec4d9801.jpg,0.1556,14.0,False,ecommerce,apify,2026-05-14T06:08:57.478826,wear-out
apify_b93a6e2ff917,data\raw\ecommerce\apify_b93a6e2ff917.jpg,0.1111,10.0,False,ecommerce,apify,2026-05-14T06:09:03.158149,wear-out
apify_7e93041c2def,data\raw\gaming\apify_7e93041c2def.jpg,0.5889,53.0,False,gaming,apify,2026-05-14T06:09:06.538538,wear-out
apify_ebb3b1ac528f,data\raw\ecommerce\apify_ebb3b1ac528f.jpg,0.4222,38.0,False,ecommerce,apify,2026-05-14T06:09:09.657543,wear-out
apify_34301d6552e5,data\raw\gaming\apify_34301d6552e5.jpg,0.4111,37.0,False,gaming,apify,2026-05-14T06:09:12.702838,wear-out
apify_5c60b3144432,data\raw\ecommerce\apify_5c60b3144432.jpg,0.0444,4.0,False,ecommerce,apify,2026-05-14T06:09:16.599075,cut-out
apify_578f8015529d,data\raw\ecommerce\apify_578f8015529d.jpg,0.0667,6.0,False,ecommerce,apify,2026-05-14T06:09:20.316573,cut-out
apify_a6abf7379615,data\raw\ecommerce\apify_a6abf7379615.jpg,0.1333,12.0,False,ecommerce,apify,2026-05-14T06:09:22.920082,wear-out
apify_d21ca909cb31,data\raw\ecommerce\apify_d21ca909cb31.jpg,0.0778,7.0,False,ecommerce,apify,2026-05-14T06:09:25.765951,wear-out
apify_b286a36238cf,data\raw\other\apify_b286a36238cf.jpg,0.5,45.0,False,other,apify,2026-05-14T06:09:28.486977,wear-out
apify_6d0dfaad4e6b,data\raw\other\apify_6d0dfaad4e6b.jpg,0.2889,26.0,False,other,apify,2026-05-14T06:09:34.993657,wear-out
apify_111ffdcb8758,data\raw\gaming\apify_111ffdcb8758.jpg,0.0778,7.0,False,gaming,apify,2026-05-14T06:09:45.076423,wear-out
apify_743452f8c755,data\raw\ecommerce\apify_743452f8c755.jpg,0.3333,30.0,False,ecommerce,apify,2026-05-14T06:09:48.165267,wear-out
apify_418f9e6630ae,data\raw\ecommerce\apify_418f9e6630ae.jpg,0.1556,14.0,False,ecommerce,apify,2026-05-14T06:09:51.525911,wear-out
apify_720c78170e96,data\raw\gaming\apify_720c78170e96.jpg,0.4222,38.0,False,gaming,apify,2026-05-14T06:09:55.387022,wear-out
apify_96d26b7b33ce,data\raw\gaming\apify_96d26b7b33ce.jpg,0.5778,52.0,False,gaming,apify,2026-05-14T06:10:01.908188,wear-out
apify_2846f27825ae,data\raw\ecommerce\apify_2846f27825ae.jpg,0.3778,34.0,False,ecommerce,apify,2026-05-14T06:10:04.288494,wear-out
apify_903c10c25b2f,data\raw\ecommerce\apify_903c10c25b2f.jpg,0.0556,5.0,False,ecommerce,apify,2026-05-14T06:10:07.393251,cut-out
apify_48c47def67b7,data\raw\gaming\apify_48c47def67b7.jpg,0.2889,26.0,False,gaming,apify,2026-05-14T06:10:10.889303,wear-out
apify_74cc68977acf,data\raw\gaming\apify_74cc68977acf.jpg,0.1444,13.0,False,gaming,apify,2026-05-14T06:10:13.095984,wear-out
apify_a56b24b93d4c,data\raw\ecommerce\apify_a56b24b93d4c.jpg,0.1889,17.0,False,ecommerce,apify,2026-05-14T06:10:20.641089,wear-out
apify_ed58dbf5db35,data\raw\ecommerce\apify_ed58dbf5db35.jpg,0.1444,13.0,False,ecommerce,apify,2026-05-14T06:10:23.834080,wear-out
apify_4fb72a30925a,data\raw\ecommerce\apify_4fb72a30925a.jpg,0.5444,49.0,False,ecommerce,apify,2026-05-14T06:10:31.184471,wear-out
apify_ecc40d3c1f28,data\raw\gaming\apify_ecc40d3c1f28.jpg,0.5889,53.0,False,gaming,apify,2026-05-14T06:10:35.422247,wear-out
apify_78a766c0a13c,data\raw\ecommerce\apify_78a766c0a13c.jpg,0.0222,2.0,False,ecommerce,apify,2026-05-14T06:10:41.986199,cut-out
apify_7e1e7173afb6,data\raw\other\apify_7e1e7173afb6.jpg,0.3,27.0,False,other,apify,2026-05-14T06:10:45.850998,wear-out
apify_2c90f897afb3,data\raw\ecommerce\apify_2c90f897afb3.jpg,0.1222,11.0,False,ecommerce,apify,2026-05-14T06:10:49.109323,wear-out
apify_280cb93a8021,data\raw\ecommerce\apify_280cb93a8021.jpg,0.1667,15.0,False,ecommerce,apify,2026-05-14T06:11:30.384435,wear-out
apify_9f46be7775c7,data\raw\ecommerce\apify_9f46be7775c7.jpg,0.2889,26.0,False,ecommerce,apify,2026-05-14T06:11:34.290137,wear-out
apify_c464ab51acf1,data\raw\gaming\apify_c464ab51acf1.jpg,0.4444,40.0,False,gaming,apify,2026-05-14T06:11:50.849169,wear-out
apify_5c324572adcb,data\raw\ecommerce\apify_5c324572adcb.jpg,0.4333,39.0,False,ecommerce,apify,2026-05-14T06:12:08.835798,wear-out
apify_f10c38b57da1,data\raw\ecommerce\apify_f10c38b57da1.jpg,0.0333,3.0,False,ecommerce,apify,2026-05-14T06:12:18.617910,cut-out
apify_d1e88f5bb250,data\raw\ecommerce\apify_d1e88f5bb250.jpg,0.0667,6.0,False,ecommerce,apify,2026-05-14T06:12:24.832481,cut-out
apify_211ba9b2fd1e,data\raw\ecommerce\apify_211ba9b2fd1e.jpg,0.1778,16.0,False,ecommerce,apify,2026-05-14T06:12:40.225189,wear-out
apify_19fdf2dab35c,data\raw\other\apify_19fdf2dab35c.jpg,0.8,72.0,False,other,apify,2026-05-14T06:12:43.732948,wear-out
apify_d16488e6c529,data\raw\other\apify_d16488e6c529.jpg,0.1111,10.0,False,other,apify,2026-05-14T06:12:47.421749,wear-out
apify_16596dd43a00,data\raw\ecommerce\apify_16596dd43a00.jpg,0.2333,21.0,False,ecommerce,apify,2026-05-14T06:13:03.009791,wear-out
apify_5ca209584d4a,data\raw\gaming\apify_5ca209584d4a.jpg,0.3889,35.0,False,gaming,apify,2026-05-14T06:13:07.046830,wear-out
apify_0d1c05129a16,data\raw\other\apify_0d1c05129a16.jpg,0.4889,44.0,False,other,apify,2026-05-14T06:13:13.666429,wear-out
apify_980dfd1e97aa,data\raw\ecommerce\apify_980dfd1e97aa.jpg,0.2778,25.0,False,ecommerce,apify,2026-05-14T06:13:15.615103,wear-out
apify_baa43b9b3611,data\raw\ecommerce\apify_baa43b9b3611.jpg,0.3556,32.0,False,ecommerce,apify,2026-05-14T06:13:19.270294,wear-out
apify_a3949936db46,data\raw\gaming\apify_a3949936db46.jpg,0.5111,46.0,False,gaming,apify,2026-05-14T06:13:22.713313,wear-out
apify_55345f028250,data\raw\ecommerce\apify_55345f028250.jpg,0.0556,5.0,False,ecommerce,apify,2026-05-14T06:13:33.650301,cut-out
apify_746843a0b4cb,data\raw\ecommerce\apify_746843a0b4cb.jpg,0.4667,42.0,False,ecommerce,apify,2026-05-14T06:13:37.552779,wear-out
apify_09b3e1a44eb9,data\raw\gaming\apify_09b3e1a44eb9.jpg,0.0444,4.0,False,gaming,apify,2026-05-14T06:13:40.377011,cut-out
apify_c330ae9de66b,data\raw\gaming\apify_c330ae9de66b.jpg,0.2444,22.0,False,gaming,apify,2026-05-14T06:13:43.976072,wear-out
apify_f6eab8c4d669,data\raw\ecommerce\apify_f6eab8c4d669.jpg,0.1111,10.0,False,ecommerce,apify,2026-05-14T06:13:59.554543,wear-out
apify_dbf034d12d1f,data\raw\ecommerce\apify_dbf034d12d1f.jpg,0.0111,1.0,False,ecommerce,apify,2026-05-14T06:14:06.865877,cut-out
apify_d42f3c294785,data\raw\other\apify_d42f3c294785.jpg,0.2444,22.0,False,other,apify,2026-05-14T06:14:17.977847,wear-out
apify_0e241bbc08d6,data\raw\gaming\apify_0e241bbc08d6.jpg,0.0222,2.0,False,gaming,apify,2026-05-14T06:14:25.293642,cut-out
apify_ebe4d1ba7123,data\raw\other\apify_ebe4d1ba7123.jpg,0.1778,16.0,False,other,apify,2026-05-14T06:14:31.225985,wear-out
apify_4cb1bdde6190,data\raw\gaming\apify_4cb1bdde6190.jpg,0.2222,20.0,False,gaming,apify,2026-05-14T06:14:41.933069,wear-out
apify_f9119fe019b8,data\raw\ecommerce\apify_f9119fe019b8.jpg,0.0333,3.0,False,ecommerce,apify,2026-05-14T06:14:45.584716,cut-out
apify_6344b990bcc6,data\raw\ecommerce\apify_6344b990bcc6.jpg,0.0222,2.0,False,ecommerce,apify,2026-05-14T06:14:52.249505,cut-out
apify_cc6090905cc5,data\raw\ecommerce\apify_cc6090905cc5.jpg,0.7333,66.0,False,ecommerce,apify,2026-05-14T06:14:59.090130,wear-out
apify_d5ddcf53720e,data\raw\gaming\apify_d5ddcf53720e.jpg,0.1556,14.0,False,gaming,apify,2026-05-14T06:15:01.961156,wear-out
apify_c2ad2db68213,data\raw\gaming\apify_c2ad2db68213.jpg,0.1,9.0,False,gaming,apify,2026-05-14T06:15:05.318774,wear-out
apify_87ab6fe3e842,data\raw\gaming\apify_87ab6fe3e842.jpg,0.2444,22.0,False,gaming,apify,2026-05-14T06:15:11.895085,wear-out
apify_c4937266307d,data\raw\ecommerce\apify_c4937266307d.jpg,0.8111,73.0,False,ecommerce,apify,2026-05-14T06:15:18.095932,wear-out
apify_04246c067938,data\raw\ecommerce\apify_04246c067938.jpg,0.6,54.0,False,ecommerce,apify,2026-05-14T06:15:30.202115,wear-out
apify_ff333b10db79,data\raw\ecommerce\apify_ff333b10db79.jpg,0.0667,6.0,False,ecommerce,apify,2026-05-14T06:15:33.625825,cut-out
apify_1675eb75da37,data\raw\gaming\apify_1675eb75da37.jpg,0.3778,34.0,False,gaming,apify,2026-05-14T06:15:40.646085,wear-out
apify_85e2ce05146d,data\raw\ecommerce\apify_85e2ce05146d.jpg,0.1333,12.0,False,ecommerce,apify,2026-05-14T06:15:44.744476,wear-out
apify_c3778795f08f,data\raw\ecommerce\apify_c3778795f08f.jpg,0.0667,6.0,False,ecommerce,apify,2026-05-14T06:15:47.837133,cut-out
apify_e74d1d9388be,data\raw\ecommerce\apify_e74d1d9388be.jpg,0.1,9.0,False,ecommerce,apify,2026-05-14T06:15:58.860291,wear-out
apify_4d488f7a67ea,data\raw\gaming\apify_4d488f7a67ea.jpg,0.4889,44.0,False,gaming,apify,2026-05-14T06:16:06.046935,wear-out
apify_822248576b78,data\raw\gaming\apify_822248576b78.jpg,0.3667,33.0,False,gaming,apify,2026-05-14T06:16:13.196748,wear-out
apify_4e77abd2d58f,data\raw\ecommerce\apify_4e77abd2d58f.jpg,0.2111,19.0,False,ecommerce,apify,2026-05-14T06:16:16.743989,wear-out
apify_7bee6875ef47,data\raw\gaming\apify_7bee6875ef47.jpg,0.6444,58.0,False,gaming,apify,2026-05-14T06:16:20.988416,wear-out
apify_ce8208b85b04,data\raw\gaming\apify_ce8208b85b04.jpg,0.1667,15.0,False,gaming,apify,2026-05-14T06:16:25.543337,wear-out
apify_1ace5c155ba8,data\raw\gaming\apify_1ace5c155ba8.jpg,0.2556,23.0,False,gaming,apify,2026-05-14T06:16:28.724625,wear-out
apify_78caf6839f9a,data\raw\other\apify_78caf6839f9a.jpg,0.1667,15.0,False,other,apify,2026-05-14T06:16:31.843081,wear-out
apify_181ff7d96550,data\raw\other\apify_181ff7d96550.jpg,0.0333,3.0,False,other,apify,2026-05-14T06:16:39.021600,cut-out
apify_24cadca2da1f,data\raw\ecommerce\apify_24cadca2da1f.jpg,0.6556,59.0,False,ecommerce,apify,2026-05-14T06:16:42.148317,wear-out
apify_429284dc0942,data\raw\gaming\apify_429284dc0942.jpg,0.2222,20.0,False,gaming,apify,2026-05-14T06:16:55.366259,wear-out
apify_031e8e8f1942,data\raw\ecommerce\apify_031e8e8f1942.jpg,0.1667,15.0,False,ecommerce,apify,2026-05-14T06:17:02.578951,wear-out
apify_c376ab8bb778,data\raw\other\apify_c376ab8bb778.jpg,0.1556,14.0,False,other,apify,2026-05-14T06:17:06.271089,wear-out
apify_41de1c91cfb2,data\raw\ecommerce\apify_41de1c91cfb2.jpg,0.0444,4.0,False,ecommerce,apify,2026-05-14T06:17:09.747700,cut-out
apify_8b79c6580430,data\raw\gaming\apify_8b79c6580430.jpg,0.0667,6.0,False,gaming,apify,2026-05-14T06:17:12.059173,cut-out
apify_dcb21e3bda4e,data\raw\gaming\apify_dcb21e3bda4e.jpg,0.3,27.0,False,gaming,apify,2026-05-14T06:17:15.150030,wear-out
apify_7cbbfc6c7e2b,data\raw\gaming\apify_7cbbfc6c7e2b.jpg,0.3111,28.0,False,gaming,apify,2026-05-14T06:17:18.250555,wear-out
apify_82465c087f3b,data\raw\gaming\apify_82465c087f3b.jpg,0.0667,6.0,False,gaming,apify,2026-05-14T06:17:20.578116,cut-out
apify_54cd4e380bf5,data\raw\ecommerce\apify_54cd4e380bf5.jpg,0.3778,34.0,False,ecommerce,apify,2026-05-14T06:17:23.745920,wear-out
apify_2a8ba4c9f785,data\raw\gaming\apify_2a8ba4c9f785.jpg,0.0556,5.0,False,gaming,apify,2026-05-14T06:17:26.215372,cut-out
apify_a68928f64f2b,data\raw\other\apify_a68928f64f2b.jpg,0.2778,25.0,False,other,apify,2026-05-14T06:17:28.706268,wear-out
apify_1d61dd2ba348,data\raw\ecommerce\apify_1d61dd2ba348.jpg,0.2444,22.0,False,ecommerce,apify,2026-05-14T06:17:31.316472,wear-out
apify_6af077d0c1fd,data\raw\ecommerce\apify_6af077d0c1fd.jpg,0.0889,8.0,False,ecommerce,apify,2026-05-14T06:17:34.104393,wear-out
apify_04da29160b84,data\raw\gaming\apify_04da29160b84.jpg,0.0556,5.0,False,gaming,apify,2026-05-14T06:17:45.933198,cut-out
apify_1cbc36a4b148,data\raw\gaming\apify_1cbc36a4b148.jpg,0.5222,47.0,False,gaming,apify,2026-05-14T06:17:49.197508,wear-out
apify_0348d50489f9,data\raw\ecommerce\apify_0348d50489f9.jpg,0.4444,40.0,False,ecommerce,apify,2026-05-14T06:17:53.063890,wear-out
apify_b7d95a88bb9c,data\raw\other\apify_b7d95a88bb9c.jpg,0.0556,5.0,False,other,apify,2026-05-14T06:17:56.043619,cut-out
apify_e7673741c228,data\raw\ecommerce\apify_e7673741c228.jpg,0.1778,16.0,False,ecommerce,apify,2026-05-14T06:17:58.581417,wear-out
apify_670da56f49f4,data\raw\ecommerce\apify_670da56f49f4.jpg,0.0778,7.0,False,ecommerce,apify,2026-05-14T06:18:01.757654,wear-out
apify_22cbaa851556,data\raw\gaming\apify_22cbaa851556.jpg,0.0889,8.0,False,gaming,apify,2026-05-14T06:18:07.875513,wear-out
apify_4a302964bbed,data\raw\gaming\apify_4a302964bbed.jpg,0.2222,20.0,False,gaming,apify,2026-05-14T06:18:12.185641,wear-out
apify_f788e02b0015,data\raw\ecommerce\apify_f788e02b0015.jpg,0.0444,4.0,False,ecommerce,apify,2026-05-14T06:18:22.178569,cut-out
apify_c6dc672bfd13,data\raw\ecommerce\apify_c6dc672bfd13.jpg,0.0333,3.0,False,ecommerce,apify,2026-05-14T06:18:24.906753,cut-out
apify_e7c345957f9b,data\raw\ecommerce\apify_e7c345957f9b.jpg,0.0444,4.0,False,ecommerce,apify,2026-05-14T06:18:28.106090,cut-out
apify_abc324c65590,data\raw\ecommerce\apify_abc324c65590.jpg,0.0333,3.0,False,ecommerce,apify,2026-05-14T06:18:31.962475,cut-out
apify_93bcca82a144,data\raw\other\apify_93bcca82a144.jpg,0.0444,4.0,False,other,apify,2026-05-14T06:18:35.532527,cut-out
apify_655d575bdd0c,data\raw\gaming\apify_655d575bdd0c.jpg,0.4778,43.0,False,gaming,apify,2026-05-14T06:18:38.929268,wear-out
apify_a7c9cc2d58d4,data\raw\ecommerce\apify_a7c9cc2d58d4.jpg,0.0667,6.0,False,ecommerce,apify,2026-05-14T06:18:44.849715,cut-out
apify_0e5ffbb05797,data\raw\gaming\apify_0e5ffbb05797.jpg,0.2333,21.0,False,gaming,apify,2026-05-14T06:18:48.296325,wear-out
apify_2b1f65c2d49e,data\raw\gaming\apify_2b1f65c2d49e.jpg,0.0667,6.0,False,gaming,apify,2026-05-14T06:18:54.676277,cut-out
apify_fa0c580c106a,data\raw\gaming\apify_fa0c580c106a.jpg,0.6889,62.0,False,gaming,apify,2026-05-14T06:19:01.756216,wear-out
apify_57db1bcab744,data\raw\gaming\apify_57db1bcab744.jpg,0.1667,15.0,False,gaming,apify,2026-05-14T06:19:05.706023,wear-out
apify_8c37d004cc16,data\raw\gaming\apify_8c37d004cc16.jpg,0.5222,47.0,False,gaming,apify,2026-05-14T06:19:09.342655,wear-out
apify_a06516b99f35,data\raw\ecommerce\apify_a06516b99f35.jpg,0.5889,53.0,False,ecommerce,apify,2026-05-14T06:19:12.667803,wear-out
apify_9eb69a1f992e,data\raw\gaming\apify_9eb69a1f992e.jpg,0.0222,2.0,False,gaming,apify,2026-05-14T06:19:15.661548,cut-out
apify_d02a77dcedf9,data\raw\ecommerce\apify_d02a77dcedf9.jpg,0.3222,29.0,False,ecommerce,apify,2026-05-14T06:19:22.077276,wear-out
apify_e278dccb18e2,data\raw\ecommerce\apify_e278dccb18e2.jpg,0.0444,4.0,False,ecommerce,apify,2026-05-14T06:19:25.125795,cut-out
apify_4dce779d8d1f,data\raw\gaming\apify_4dce779d8d1f.jpg,0.0778,7.0,False,gaming,apify,2026-05-14T06:19:28.308944,wear-out
apify_7b9256c6f833,data\raw\gaming\apify_7b9256c6f833.jpg,0.5222,47.0,False,gaming,apify,2026-05-14T06:19:31.537606,wear-out
apify_aecec3b7d368,data\raw\ecommerce\apify_aecec3b7d368.jpg,0.4556,41.0,False,ecommerce,apify,2026-05-14T06:19:38.867492,wear-out
apify_1fe025bbca5f,data\raw\other\apify_1fe025bbca5f.jpg,0.7,63.0,False,other,apify,2026-05-14T06:19:42.262954,wear-out
synthetic_24c29488e954,data\synthetic\gaming\synthetic_24c29488e954.jpg,0.1943,17.49,False,gaming,synthetic,2026-05-14T06:01:20.023747,wear-out
synthetic_a4035aa7b13d,data\synthetic\ecommerce\synthetic_a4035aa7b13d.jpg,0.0807,7.26,False,ecommerce,synthetic,2026-05-14T05:53:58.357570,wear-out
synthetic_b1b83b9357e6,data\synthetic\gaming\synthetic_b1b83b9357e6.jpg,0.1572,14.15,False,gaming,synthetic,2026-05-14T05:13:16.709049,wear-out
synthetic_eed2da25825d,data\synthetic\ecommerce\synthetic_eed2da25825d.jpg,0.0918,8.26,False,ecommerce,synthetic,2026-05-14T05:53:10.252380,wear-out
synthetic_1f958b95a167,data\synthetic\gaming\synthetic_1f958b95a167.jpg,0.0451,4.06,False,gaming,synthetic,2026-05-14T05:12:23.234214,cut-out
synthetic_42e87f3fd023,data\synthetic\gaming\synthetic_42e87f3fd023.jpg,0.2104,18.94,False,gaming,synthetic,2026-05-14T05:54:20.729352,wear-out
synthetic_774995dea980,data\synthetic\gaming\synthetic_774995dea980.jpg,0.0713,6.42,False,gaming,synthetic,2026-05-14T05:55:33.403934,cut-out
synthetic_a1e8c400b5ad,data\synthetic\gaming\synthetic_a1e8c400b5ad.jpg,0.125,11.25,False,gaming,synthetic,2026-05-14T05:44:04.227345,wear-out
synthetic_390c66d06710,data\synthetic\ecommerce\synthetic_390c66d06710.jpg,0.0826,7.43,False,ecommerce,synthetic,2026-05-14T05:12:24.302349,wear-out
synthetic_24cc8e5d97cc,data\synthetic\finance\synthetic_24cc8e5d97cc.jpg,0.141,12.69,False,finance,synthetic,2026-05-14T05:15:42.716342,wear-out
synthetic_c30521b4d53c,data\synthetic\ecommerce\synthetic_c30521b4d53c.jpg,0.0849,7.64,False,ecommerce,synthetic,2026-05-14T06:00:08.046290,wear-out
synthetic_774c38a5fd1c,data\synthetic\finance\synthetic_774c38a5fd1c.jpg,0.1836,16.52,False,finance,synthetic,2026-05-14T05:50:16.165515,wear-out
synthetic_ef38d8b09449,data\synthetic\finance\synthetic_ef38d8b09449.jpg,0.192,17.28,False,finance,synthetic,2026-05-14T05:17:10.319780,wear-out
synthetic_cdfdf57f949f,data\synthetic\ecommerce\synthetic_cdfdf57f949f.jpg,0.0111,1.0,False,ecommerce,synthetic,2026-05-14T05:46:32.268458,cut-out
synthetic_02ae3c68a2bb,data\synthetic\ecommerce\synthetic_02ae3c68a2bb.jpg,0.1699,15.29,False,ecommerce,synthetic,2026-05-14T05:47:26.428832,wear-out
synthetic_a1b8b96f3175,data\synthetic\gaming\synthetic_a1b8b96f3175.jpg,0.0446,4.01,False,gaming,synthetic,2026-05-14T06:02:22.370021,cut-out
synthetic_159ff0dbd84e,data\synthetic\finance\synthetic_159ff0dbd84e.jpg,0.1377,12.39,False,finance,synthetic,2026-05-14T05:59:58.628270,wear-out
synthetic_ec1c73183ab3,data\synthetic\finance\synthetic_ec1c73183ab3.jpg,0.2003,18.03,False,finance,synthetic,2026-05-14T05:13:23.153591,wear-out
synthetic_5398cc274617,data\synthetic\finance\synthetic_5398cc274617.jpg,0.0619,5.57,False,finance,synthetic,2026-05-14T05:11:53.813327,cut-out
synthetic_984464104d24,data\synthetic\gaming\synthetic_984464104d24.jpg,0.1256,11.3,False,gaming,synthetic,2026-05-14T05:43:46.296463,wear-out
synthetic_2e257929854f,data\synthetic\gaming\synthetic_2e257929854f.jpg,0.0837,7.53,False,gaming,synthetic,2026-05-14T05:49:42.905212,wear-out
synthetic_1e589ede5f80,data\synthetic\gaming\synthetic_1e589ede5f80.jpg,0.1947,17.52,False,gaming,synthetic,2026-05-14T05:44:04.185324,wear-out
synthetic_2ef6667b5868,data\synthetic\finance\synthetic_2ef6667b5868.jpg,0.1012,9.11,False,finance,synthetic,2026-05-14T05:51:37.433043,wear-out
synthetic_afe023bed92b,data\synthetic\gaming\synthetic_afe023bed92b.jpg,0.0963,8.67,False,gaming,synthetic,2026-05-14T05:54:18.083748,wear-out
synthetic_b5fb69237d48,data\synthetic\ecommerce\synthetic_b5fb69237d48.jpg,0.1294,11.65,False,ecommerce,synthetic,2026-05-14T05:50:03.817342,wear-out
synthetic_30d141cda50c,data\synthetic\ecommerce\synthetic_30d141cda50c.jpg,0.0882,7.94,False,ecommerce,synthetic,2026-05-14T05:59:17.868384,wear-out
synthetic_427d97c3413a,data\synthetic\gaming\synthetic_427d97c3413a.jpg,0.1419,12.77,False,gaming,synthetic,2026-05-14T05:48:19.717581,wear-out
synthetic_eb05ef35c610,data\synthetic\gaming\synthetic_eb05ef35c610.jpg,0.1296,11.66,False,gaming,synthetic,2026-05-14T05:14:06.409984,wear-out
synthetic_6d043ed7eab2,data\synthetic\gaming\synthetic_6d043ed7eab2.jpg,0.0562,5.06,False,gaming,synthetic,2026-05-14T05:54:12.349608,cut-out
synthetic_3aa1bae7aa7e,data\synthetic\ecommerce\synthetic_3aa1bae7aa7e.jpg,0.1927,17.34,False,ecommerce,synthetic,2026-05-14T05:17:12.188377,wear-out
synthetic_c4eb056e61e5,data\synthetic\finance\synthetic_c4eb056e61e5.jpg,0.1213,10.92,False,finance,synthetic,2026-05-14T05:48:41.688606,wear-out
synthetic_2949ed2fdc7c,data\synthetic\ecommerce\synthetic_2949ed2fdc7c.jpg,0.2583,23.25,False,ecommerce,synthetic,2026-05-14T05:53:34.399273,wear-out
synthetic_b606ff977d01,data\synthetic\ecommerce\synthetic_b606ff977d01.jpg,0.1216,10.94,False,ecommerce,synthetic,2026-05-14T05:56:39.526123,wear-out
synthetic_7805fb9f753e,data\synthetic\finance\synthetic_7805fb9f753e.jpg,0.1051,9.46,False,finance,synthetic,2026-05-14T06:02:51.750272,wear-out
synthetic_a92d68461909,data\synthetic\finance\synthetic_a92d68461909.jpg,0.1447,13.02,False,finance,synthetic,2026-05-14T06:02:46.479909,wear-out
synthetic_d306e505dbfc,data\synthetic\ecommerce\synthetic_d306e505dbfc.jpg,0.153,13.77,False,ecommerce,synthetic,2026-05-14T05:52:07.757024,wear-out
synthetic_70c796b74d35,data\synthetic\gaming\synthetic_70c796b74d35.jpg,0.2021,18.19,False,gaming,synthetic,2026-05-14T05:14:42.935997,wear-out
synthetic_111352c9834f,data\synthetic\finance\synthetic_111352c9834f.jpg,0.0799,7.19,False,finance,synthetic,2026-05-14T05:59:38.189532,wear-out
synthetic_fa6c13d930e5,data\synthetic\ecommerce\synthetic_fa6c13d930e5.jpg,0.1602,14.42,False,ecommerce,synthetic,2026-05-14T05:59:24.621917,wear-out
synthetic_b6a1625eb075,data\synthetic\ecommerce\synthetic_b6a1625eb075.jpg,0.1821,16.39,False,ecommerce,synthetic,2026-05-14T05:16:45.796298,wear-out
synthetic_7b469c658ab4,data\synthetic\gaming\synthetic_7b469c658ab4.jpg,0.1568,14.11,False,gaming,synthetic,2026-05-14T05:46:01.733488,wear-out
synthetic_88d62328ff0a,data\synthetic\gaming\synthetic_88d62328ff0a.jpg,0.1804,16.24,False,gaming,synthetic,2026-05-14T05:58:59.100602,wear-out
synthetic_f10e8cd658bc,data\synthetic\ecommerce\synthetic_f10e8cd658bc.jpg,0.1463,13.17,False,ecommerce,synthetic,2026-05-14T05:15:16.300291,wear-out
synthetic_edb811f12851,data\synthetic\ecommerce\synthetic_edb811f12851.jpg,0.0902,8.12,False,ecommerce,synthetic,2026-05-14T05:48:49.081325,wear-out
synthetic_ed6c80c7b611,data\synthetic\gaming\synthetic_ed6c80c7b611.jpg,0.0688,6.19,False,gaming,synthetic,2026-05-14T05:49:03.106995,cut-out
synthetic_68e8c758b91f,data\synthetic\finance\synthetic_68e8c758b91f.jpg,0.0858,7.72,False,finance,synthetic,2026-05-14T05:11:54.841894,wear-out
synthetic_93d169e04010,data\synthetic\finance\synthetic_93d169e04010.jpg,0.1097,9.87,False,finance,synthetic,2026-05-14T05:47:17.700386,wear-out
synthetic_157fa6066412,data\synthetic\ecommerce\synthetic_157fa6066412.jpg,0.148,13.32,False,ecommerce,synthetic,2026-05-14T05:44:31.932985,wear-out
synthetic_4a89e9dd09f3,data\synthetic\ecommerce\synthetic_4a89e9dd09f3.jpg,0.123,11.07,False,ecommerce,synthetic,2026-05-14T05:47:56.525202,wear-out
synthetic_62499525afc5,data\synthetic\finance\synthetic_62499525afc5.jpg,0.0811,7.3,False,finance,synthetic,2026-05-14T05:45:37.594894,wear-out
synthetic_ce13cfce71a6,data\synthetic\gaming\synthetic_ce13cfce71a6.jpg,0.148,13.32,False,gaming,synthetic,2026-05-14T05:52:23.683161,wear-out
synthetic_b23460d4c9e5,data\synthetic\gaming\synthetic_b23460d4c9e5.jpg,0.1199,10.79,False,gaming,synthetic,2026-05-14T05:14:11.545495,wear-out
synthetic_b8946700e890,data\synthetic\ecommerce\synthetic_b8946700e890.jpg,0.0731,6.58,False,ecommerce,synthetic,2026-05-14T05:58:09.770104,cut-out
synthetic_539a235df0c6,data\synthetic\finance\synthetic_539a235df0c6.jpg,0.1372,12.35,False,finance,synthetic,2026-05-14T05:50:33.777880,wear-out
synthetic_cf7cc12429ac,data\synthetic\finance\synthetic_cf7cc12429ac.jpg,0.0838,7.54,False,finance,synthetic,2026-05-14T06:01:32.280720,wear-out
synthetic_d72c01911dc5,data\synthetic\finance\synthetic_d72c01911dc5.jpg,0.1138,10.24,False,finance,synthetic,2026-05-14T05:46:09.986565,wear-out
synthetic_d1ce5e0accb0,data\synthetic\ecommerce\synthetic_d1ce5e0accb0.jpg,0.1046,9.41,False,ecommerce,synthetic,2026-05-14T05:11:58.635808,wear-out
synthetic_e828a3c49d35,data\synthetic\finance\synthetic_e828a3c49d35.jpg,0.114,10.26,False,finance,synthetic,2026-05-14T05:45:37.711424,wear-out
synthetic_c8ea77d961d8,data\synthetic\ecommerce\synthetic_c8ea77d961d8.jpg,0.1023,9.21,False,ecommerce,synthetic,2026-05-14T05:57:46.119119,wear-out
synthetic_0febc3999816,data\synthetic\gaming\synthetic_0febc3999816.jpg,0.1704,15.34,False,gaming,synthetic,2026-05-14T05:48:02.134959,wear-out
synthetic_c3b47808c354,data\synthetic\finance\synthetic_c3b47808c354.jpg,0.0511,4.6,False,finance,synthetic,2026-05-14T05:57:22.277556,cut-out
synthetic_a7cb9478d54a,data\synthetic\gaming\synthetic_a7cb9478d54a.jpg,0.0111,1.0,False,gaming,synthetic,2026-05-14T05:50:34.751802,cut-out
synthetic_234ed49900b9,data\synthetic\gaming\synthetic_234ed49900b9.jpg,0.1514,13.63,False,gaming,synthetic,2026-05-14T05:59:38.008576,wear-out
synthetic_9ef2c614d02a,data\synthetic\gaming\synthetic_9ef2c614d02a.jpg,0.1639,14.75,False,gaming,synthetic,2026-05-14T05:46:39.488099,wear-out
synthetic_bb25e8ec6be5,data\synthetic\finance\synthetic_bb25e8ec6be5.jpg,0.0902,8.12,False,finance,synthetic,2026-05-14T05:52:10.667792,wear-out
synthetic_55568f9d057c,data\synthetic\gaming\synthetic_55568f9d057c.jpg,0.1604,14.44,False,gaming,synthetic,2026-05-14T05:54:38.623194,wear-out
synthetic_e5f8628a6101,data\synthetic\finance\synthetic_e5f8628a6101.jpg,0.0701,6.31,False,finance,synthetic,2026-05-14T05:14:30.528435,cut-out
synthetic_0e4c42afd22f,data\synthetic\ecommerce\synthetic_0e4c42afd22f.jpg,0.1999,17.99,False,ecommerce,synthetic,2026-05-14T05:56:15.524276,wear-out
synthetic_4bba15bdea31,data\synthetic\gaming\synthetic_4bba15bdea31.jpg,0.1122,10.1,False,gaming,synthetic,2026-05-14T05:54:07.394152,wear-out
synthetic_e3b08445e202,data\synthetic\finance\synthetic_e3b08445e202.jpg,0.1237,11.13,False,finance,synthetic,2026-05-14T05:59:17.449764,wear-out
synthetic_03a789c9b698,data\synthetic\gaming\synthetic_03a789c9b698.jpg,0.1349,12.14,False,gaming,synthetic,2026-05-14T05:47:26.873472,wear-out
synthetic_ff069a2ef464,data\synthetic\gaming\synthetic_ff069a2ef464.jpg,0.1586,14.27,False,gaming,synthetic,2026-05-14T05:55:17.174167,wear-out
synthetic_933ce3368a50,data\synthetic\finance\synthetic_933ce3368a50.jpg,0.0652,5.87,False,finance,synthetic,2026-05-14T05:53:22.908867,cut-out
synthetic_ec56a176472b,data\synthetic\ecommerce\synthetic_ec56a176472b.jpg,0.139,12.51,False,ecommerce,synthetic,2026-05-14T05:53:33.855986,wear-out
synthetic_64e5b9a436ce,data\synthetic\ecommerce\synthetic_64e5b9a436ce.jpg,0.1823,16.41,False,ecommerce,synthetic,2026-05-14T05:45:09.225746,wear-out
synthetic_546086267ad5,data\synthetic\gaming\synthetic_546086267ad5.jpg,0.1424,12.82,False,gaming,synthetic,2026-05-14T05:52:08.221549,wear-out
synthetic_512f980f4282,data\synthetic\ecommerce\synthetic_512f980f4282.jpg,0.0718,6.46,False,ecommerce,synthetic,2026-05-14T05:44:40.373579,cut-out
synthetic_c8e529a2f2bd,data\synthetic\ecommerce\synthetic_c8e529a2f2bd.jpg,0.1434,12.91,False,ecommerce,synthetic,2026-05-14T05:44:38.542085,wear-out
synthetic_5fb1db05512b,data\synthetic\finance\synthetic_5fb1db05512b.jpg,0.0757,6.81,False,finance,synthetic,2026-05-14T05:44:49.952714,cut-out
synthetic_cf9056c686f7,data\synthetic\ecommerce\synthetic_cf9056c686f7.jpg,0.1113,10.02,False,ecommerce,synthetic,2026-05-14T05:45:24.603346,wear-out
synthetic_1d93a1e89178,data\synthetic\ecommerce\synthetic_1d93a1e89178.jpg,0.1112,10.01,False,ecommerce,synthetic,2026-05-14T05:17:09.092259,wear-out
synthetic_685617401503,data\synthetic\finance\synthetic_685617401503.jpg,0.1357,12.21,False,finance,synthetic,2026-05-14T05:15:24.596786,wear-out
synthetic_34fa49f44d85,data\synthetic\gaming\synthetic_34fa49f44d85.jpg,0.1016,9.14,False,gaming,synthetic,2026-05-14T06:00:38.619771,wear-out
synthetic_9590d3638427,data\synthetic\finance\synthetic_9590d3638427.jpg,0.0679,6.11,False,finance,synthetic,2026-05-14T05:56:25.908492,cut-out
synthetic_7ed4ada1ed72,data\synthetic\gaming\synthetic_7ed4ada1ed72.jpg,0.1369,12.32,False,gaming,synthetic,2026-05-14T05:14:06.126682,wear-out
synthetic_a4a2e93d75f9,data\synthetic\finance\synthetic_a4a2e93d75f9.jpg,0.121,10.89,False,finance,synthetic,2026-05-14T05:17:24.973724,wear-out
synthetic_3e29b2618e09,data\synthetic\finance\synthetic_3e29b2618e09.jpg,0.1586,14.27,False,finance,synthetic,2026-05-14T05:54:26.997127,wear-out
synthetic_62da484a889a,data\synthetic\finance\synthetic_62da484a889a.jpg,0.1006,9.05,False,finance,synthetic,2026-05-14T05:49:01.001962,wear-out
synthetic_a0dd54c1e466,data\synthetic\gaming\synthetic_a0dd54c1e466.jpg,0.1362,12.26,False,gaming,synthetic,2026-05-14T05:47:53.272680,wear-out
synthetic_5b7f2d1ce1c5,data\synthetic\finance\synthetic_5b7f2d1ce1c5.jpg,0.1012,9.11,False,finance,synthetic,2026-05-14T05:48:00.989351,wear-out
synthetic_4fee5a1b1c43,data\synthetic\gaming\synthetic_4fee5a1b1c43.jpg,0.0854,7.69,False,gaming,synthetic,2026-05-14T05:57:10.504399,wear-out
synthetic_682ec76ffe3c,data\synthetic\finance\synthetic_682ec76ffe3c.jpg,0.086,7.74,False,finance,synthetic,2026-05-14T06:02:44.987122,wear-out
synthetic_caba5d5ae9d5,data\synthetic\gaming\synthetic_caba5d5ae9d5.jpg,0.209,18.81,False,gaming,synthetic,2026-05-14T05:55:43.795639,wear-out
synthetic_c6a145c17113,data\synthetic\gaming\synthetic_c6a145c17113.jpg,0.1768,15.91,False,gaming,synthetic,2026-05-14T05:49:58.303563,wear-out
synthetic_3b865cad3e1a,data\synthetic\finance\synthetic_3b865cad3e1a.jpg,0.2492,22.43,False,finance,synthetic,2026-05-14T05:45:20.110814,wear-out
synthetic_15cd8b34f1da,data\synthetic\finance\synthetic_15cd8b34f1da.jpg,0.1626,14.63,False,finance,synthetic,2026-05-14T05:46:02.034820,wear-out
synthetic_1b2cda84c313,data\synthetic\ecommerce\synthetic_1b2cda84c313.jpg,0.1682,15.14,False,ecommerce,synthetic,2026-05-14T06:02:30.353160,wear-out
synthetic_16b8fce62a25,data\synthetic\gaming\synthetic_16b8fce62a25.jpg,0.2018,18.16,False,gaming,synthetic,2026-05-14T05:55:41.000192,wear-out
synthetic_bdc0a08d26f0,data\synthetic\ecommerce\synthetic_bdc0a08d26f0.jpg,0.1816,16.34,False,ecommerce,synthetic,2026-05-14T05:54:00.110701,wear-out
synthetic_6fcd509d2c8c,data\synthetic\gaming\synthetic_6fcd509d2c8c.jpg,0.0893,8.04,False,gaming,synthetic,2026-05-14T05:15:08.628651,wear-out
synthetic_168dbc79c435,data\synthetic\finance\synthetic_168dbc79c435.jpg,0.163,14.67,False,finance,synthetic,2026-05-14T05:54:07.967140,wear-out
synthetic_b536bfed0d0a,data\synthetic\finance\synthetic_b536bfed0d0a.jpg,0.2014,18.13,False,finance,synthetic,2026-05-14T05:59:46.056268,wear-out
synthetic_d2f67588cf3c,data\synthetic\finance\synthetic_d2f67588cf3c.jpg,0.1136,10.22,False,finance,synthetic,2026-05-14T05:44:09.343833,wear-out
synthetic_e97d73ef8b12,data\synthetic\finance\synthetic_e97d73ef8b12.jpg,0.143,12.87,False,finance,synthetic,2026-05-14T05:44:20.277035,wear-out
synthetic_3fed79aca7c9,data\synthetic\gaming\synthetic_3fed79aca7c9.jpg,0.1567,14.1,False,gaming,synthetic,2026-05-14T06:00:24.988238,wear-out
synthetic_e8719edf4b37,data\synthetic\finance\synthetic_e8719edf4b37.jpg,0.0368,3.31,False,finance,synthetic,2026-05-14T06:02:51.266572,cut-out
synthetic_bc74be4a6b93,data\synthetic\ecommerce\synthetic_bc74be4a6b93.jpg,0.1544,13.9,False,ecommerce,synthetic,2026-05-14T06:00:51.639504,wear-out
synthetic_d77c9d2b5551,data\synthetic\gaming\synthetic_d77c9d2b5551.jpg,0.2006,18.05,False,gaming,synthetic,2026-05-14T05:56:56.888092,wear-out
synthetic_4b3bf4417f4b,data\synthetic\ecommerce\synthetic_4b3bf4417f4b.jpg,0.2053,18.48,False,ecommerce,synthetic,2026-05-14T05:49:00.699558,wear-out
synthetic_95f0d0664a02,data\synthetic\gaming\synthetic_95f0d0664a02.jpg,0.1904,17.14,False,gaming,synthetic,2026-05-14T05:16:12.155337,wear-out
synthetic_b3b8f4ae4dfd,data\synthetic\gaming\synthetic_b3b8f4ae4dfd.jpg,0.1588,14.29,False,gaming,synthetic,2026-05-14T05:59:16.779821,wear-out
synthetic_5857c06e86f1,data\synthetic\ecommerce\synthetic_5857c06e86f1.jpg,0.1484,13.36,False,ecommerce,synthetic,2026-05-14T05:48:30.310844,wear-out
synthetic_0a5feee41240,data\synthetic\ecommerce\synthetic_0a5feee41240.jpg,0.0746,6.71,False,ecommerce,synthetic,2026-05-14T05:58:59.434775,cut-out
synthetic_b2a82a01710c,data\synthetic\ecommerce\synthetic_b2a82a01710c.jpg,0.1012,9.11,False,ecommerce,synthetic,2026-05-14T05:52:11.034981,wear-out
synthetic_3683ac61674f,data\synthetic\finance\synthetic_3683ac61674f.jpg,0.1647,14.82,False,finance,synthetic,2026-05-14T05:58:03.517898,wear-out
synthetic_d6e32fd757a2,data\synthetic\finance\synthetic_d6e32fd757a2.jpg,0.1707,15.36,False,finance,synthetic,2026-05-14T05:59:24.221860,wear-out
synthetic_dec058bed007,data\synthetic\gaming\synthetic_dec058bed007.jpg,0.1186,10.67,False,gaming,synthetic,2026-05-14T05:46:05.810119,wear-out
synthetic_315fcc0b6e3e,data\synthetic\finance\synthetic_315fcc0b6e3e.jpg,0.079,7.11,False,finance,synthetic,2026-05-14T06:02:27.760061,wear-out
synthetic_012f4b659b30,data\synthetic\ecommerce\synthetic_012f4b659b30.jpg,0.0999,8.99,False,ecommerce,synthetic,2026-05-14T05:58:09.009063,wear-out
synthetic_38d1aafaaaa9,data\synthetic\ecommerce\synthetic_38d1aafaaaa9.jpg,0.1724,15.52,False,ecommerce,synthetic,2026-05-14T05:58:26.411078,wear-out
synthetic_3c4b9b5b662f,data\synthetic\ecommerce\synthetic_3c4b9b5b662f.jpg,0.0587,5.28,False,ecommerce,synthetic,2026-05-14T05:58:05.790181,cut-out
synthetic_fc61ed0e87a4,data\synthetic\gaming\synthetic_fc61ed0e87a4.jpg,0.1054,9.49,False,gaming,synthetic,2026-05-14T05:15:36.603253,wear-out
synthetic_ca029e2192d2,data\synthetic\finance\synthetic_ca029e2192d2.jpg,0.1382,12.44,False,finance,synthetic,2026-05-14T05:51:35.437485,wear-out
synthetic_c3103151e6e8,data\synthetic\finance\synthetic_c3103151e6e8.jpg,0.1657,14.91,False,finance,synthetic,2026-05-14T05:52:02.205561,wear-out
synthetic_51d507a64ad9,data\synthetic\gaming\synthetic_51d507a64ad9.jpg,0.0996,8.96,False,gaming,synthetic,2026-05-14T05:14:26.491485,wear-out
synthetic_1e771a9240b8,data\synthetic\finance\synthetic_1e771a9240b8.jpg,0.2107,18.96,False,finance,synthetic,2026-05-14T05:52:30.012016,wear-out
synthetic_7c2e83674d53,data\synthetic\ecommerce\synthetic_7c2e83674d53.jpg,0.1234,11.11,False,ecommerce,synthetic,2026-05-14T05:15:19.378914,wear-out
synthetic_06e0076d6d83,data\synthetic\finance\synthetic_06e0076d6d83.jpg,0.1406,12.65,False,finance,synthetic,2026-05-14T05:42:43.382103,wear-out
synthetic_d5e26a205ab5,data\synthetic\ecommerce\synthetic_d5e26a205ab5.jpg,0.156,14.04,False,ecommerce,synthetic,2026-05-14T05:47:37.963379,wear-out
synthetic_a87d720ad491,data\synthetic\gaming\synthetic_a87d720ad491.jpg,0.125,11.25,False,gaming,synthetic,2026-05-14T05:55:47.842691,wear-out
synthetic_98f5d45727ce,data\synthetic\finance\synthetic_98f5d45727ce.jpg,0.097,8.73,False,finance,synthetic,2026-05-14T05:55:40.319255,wear-out
synthetic_f31a4b9091fd,data\synthetic\gaming\synthetic_f31a4b9091fd.jpg,0.1764,15.88,False,gaming,synthetic,2026-05-14T05:47:58.569545,wear-out
synthetic_7bbc432d795f,data\synthetic\gaming\synthetic_7bbc432d795f.jpg,0.1647,14.82,False,gaming,synthetic,2026-05-14T05:43:23.066911,wear-out
synthetic_b9cb5ea5261f,data\synthetic\finance\synthetic_b9cb5ea5261f.jpg,0.0516,4.64,False,finance,synthetic,2026-05-14T05:52:04.216414,cut-out
synthetic_ad3aea8035ae,data\synthetic\gaming\synthetic_ad3aea8035ae.jpg,0.1061,9.55,False,gaming,synthetic,2026-05-14T06:00:36.191721,wear-out
synthetic_02fc85049190,data\synthetic\ecommerce\synthetic_02fc85049190.jpg,0.063,5.67,False,ecommerce,synthetic,2026-05-14T06:03:04.621215,cut-out
synthetic_dfc965a0ff9b,data\synthetic\ecommerce\synthetic_dfc965a0ff9b.jpg,0.1874,16.87,False,ecommerce,synthetic,2026-05-14T05:50:11.855023,wear-out
synthetic_8fff4b2bf9de,data\synthetic\ecommerce\synthetic_8fff4b2bf9de.jpg,0.1174,10.57,False,ecommerce,synthetic,2026-05-14T05:17:25.122479,wear-out
synthetic_8c14d18705ba,data\synthetic\ecommerce\synthetic_8c14d18705ba.jpg,0.1441,12.97,False,ecommerce,synthetic,2026-05-14T05:13:21.194515,wear-out
synthetic_6caa99fb8a35,data\synthetic\finance\synthetic_6caa99fb8a35.jpg,0.1934,17.41,False,finance,synthetic,2026-05-14T05:52:35.581335,wear-out
synthetic_4f2f9a07ad78,data\synthetic\ecommerce\synthetic_4f2f9a07ad78.jpg,0.1087,9.78,False,ecommerce,synthetic,2026-05-14T06:01:20.386643,wear-out
synthetic_6d699f6b2250,data\synthetic\ecommerce\synthetic_6d699f6b2250.jpg,0.1277,11.49,False,ecommerce,synthetic,2026-05-14T05:54:39.857585,wear-out
synthetic_a7cb27137cf4,data\synthetic\gaming\synthetic_a7cb27137cf4.jpg,0.134,12.06,False,gaming,synthetic,2026-05-14T05:53:45.588932,wear-out
synthetic_7f6904188a50,data\synthetic\gaming\synthetic_7f6904188a50.jpg,0.0649,5.84,False,gaming,synthetic,2026-05-14T05:46:18.710338,cut-out
synthetic_50c552a21633,data\synthetic\finance\synthetic_50c552a21633.jpg,0.1678,15.1,False,finance,synthetic,2026-05-14T06:02:29.238346,wear-out
synthetic_ac397fc354b3,data\synthetic\gaming\synthetic_ac397fc354b3.jpg,0.1054,9.49,False,gaming,synthetic,2026-05-14T05:52:08.018438,wear-out
synthetic_47461c0c1a7a,data\synthetic\gaming\synthetic_47461c0c1a7a.jpg,0.114,10.26,False,gaming,synthetic,2026-05-14T05:13:26.238664,wear-out
synthetic_9be82e55ae0a,data\synthetic\gaming\synthetic_9be82e55ae0a.jpg,0.1082,9.74,False,gaming,synthetic,2026-05-14T05:55:36.889775,wear-out
synthetic_e21e9f7a21a6,data\synthetic\finance\synthetic_e21e9f7a21a6.jpg,0.1396,12.56,False,finance,synthetic,2026-05-14T05:58:22.542715,wear-out
synthetic_853cb2bc7a34,data\synthetic\finance\synthetic_853cb2bc7a34.jpg,0.1704,15.34,False,finance,synthetic,2026-05-14T05:15:50.701072,wear-out
synthetic_bffeb26c3120,data\synthetic\finance\synthetic_bffeb26c3120.jpg,0.1572,14.15,False,finance,synthetic,2026-05-14T05:48:00.930464,wear-out
synthetic_ebd061bcb4ec,data\synthetic\finance\synthetic_ebd061bcb4ec.jpg,0.1447,13.02,False,finance,synthetic,2026-05-14T06:00:57.292504,wear-out
synthetic_d7ba40f50a28,data\synthetic\gaming\synthetic_d7ba40f50a28.jpg,0.1443,12.99,False,gaming,synthetic,2026-05-14T05:51:10.144466,wear-out
synthetic_2b23a814a5ca,data\synthetic\finance\synthetic_2b23a814a5ca.jpg,0.1192,10.73,False,finance,synthetic,2026-05-14T05:53:58.648771,wear-out
synthetic_fdd535670fde,data\synthetic\ecommerce\synthetic_fdd535670fde.jpg,0.1624,14.62,False,ecommerce,synthetic,2026-05-14T05:48:24.327832,wear-out
synthetic_25797107ccea,data\synthetic\finance\synthetic_25797107ccea.jpg,0.1017,9.15,False,finance,synthetic,2026-05-14T05:45:14.657265,wear-out
synthetic_83ae0645f70b,data\synthetic\ecommerce\synthetic_83ae0645f70b.jpg,0.1473,13.26,False,ecommerce,synthetic,2026-05-14T06:00:52.030905,wear-out
synthetic_cb359a566e45,data\synthetic\ecommerce\synthetic_cb359a566e45.jpg,0.1179,10.61,False,ecommerce,synthetic,2026-05-14T05:55:20.282433,wear-out
synthetic_601a0ea304c5,data\synthetic\gaming\synthetic_601a0ea304c5.jpg,0.1023,9.21,False,gaming,synthetic,2026-05-14T05:17:20.419563,wear-out
synthetic_f9b4b4474073,data\synthetic\finance\synthetic_f9b4b4474073.jpg,0.144,12.96,False,finance,synthetic,2026-05-14T05:16:49.233885,wear-out
synthetic_8930dbfcec02,data\synthetic\gaming\synthetic_8930dbfcec02.jpg,0.0408,3.67,False,gaming,synthetic,2026-05-14T05:55:58.057629,cut-out
synthetic_ccc128f8f548,data\synthetic\ecommerce\synthetic_ccc128f8f548.jpg,0.0892,8.03,False,ecommerce,synthetic,2026-05-14T05:53:19.020908,wear-out
synthetic_77b4cbf22137,data\synthetic\ecommerce\synthetic_77b4cbf22137.jpg,0.097,8.73,False,ecommerce,synthetic,2026-05-14T05:17:27.664710,wear-out
synthetic_5349547afe99,data\synthetic\finance\synthetic_5349547afe99.jpg,0.1013,9.12,False,finance,synthetic,2026-05-14T05:54:59.383891,wear-out
synthetic_6cd37380de0c,data\synthetic\gaming\synthetic_6cd37380de0c.jpg,0.2312,20.81,False,gaming,synthetic,2026-05-14T06:02:52.875042,wear-out
synthetic_0c303d0afcbd,data\synthetic\finance\synthetic_0c303d0afcbd.jpg,0.0642,5.78,False,finance,synthetic,2026-05-14T05:48:49.121316,cut-out
synthetic_2cf81baba087,data\synthetic\gaming\synthetic_2cf81baba087.jpg,0.1437,12.93,False,gaming,synthetic,2026-05-14T06:01:18.688630,wear-out
synthetic_f6447415e580,data\synthetic\ecommerce\synthetic_f6447415e580.jpg,0.2237,20.13,False,ecommerce,synthetic,2026-05-14T05:54:39.342481,wear-out
synthetic_4341e8b50717,data\synthetic\gaming\synthetic_4341e8b50717.jpg,0.0533,4.8,False,gaming,synthetic,2026-05-14T05:58:51.084784,cut-out
synthetic_c9b5f8f38f96,data\synthetic\ecommerce\synthetic_c9b5f8f38f96.jpg,0.1286,11.57,False,ecommerce,synthetic,2026-05-14T05:49:51.749820,wear-out
synthetic_04ce5fac186d,data\synthetic\ecommerce\synthetic_04ce5fac186d.jpg,0.0873,7.86,False,ecommerce,synthetic,2026-05-14T05:16:40.828916,wear-out
synthetic_db59a190729c,data\synthetic\finance\synthetic_db59a190729c.jpg,0.096,8.64,False,finance,synthetic,2026-05-14T05:51:25.250681,wear-out
synthetic_50542a066366,data\synthetic\ecommerce\synthetic_50542a066366.jpg,0.1339,12.05,False,ecommerce,synthetic,2026-05-14T05:54:06.134138,wear-out
synthetic_4c61aada7252,data\synthetic\finance\synthetic_4c61aada7252.jpg,0.1213,10.92,False,finance,synthetic,2026-05-14T05:13:16.735630,wear-out
synthetic_8e699c33f358,data\synthetic\finance\synthetic_8e699c33f358.jpg,0.0289,2.6,False,finance,synthetic,2026-05-14T05:51:33.962477,cut-out
synthetic_d561babd428d,data\synthetic\gaming\synthetic_d561babd428d.jpg,0.0991,8.92,False,gaming,synthetic,2026-05-14T05:58:03.549440,wear-out
synthetic_0eba1dccf018,data\synthetic\finance\synthetic_0eba1dccf018.jpg,0.1133,10.2,False,finance,synthetic,2026-05-14T05:44:52.365384,wear-out
synthetic_f133e1d7295f,data\synthetic\ecommerce\synthetic_f133e1d7295f.jpg,0.0612,5.51,False,ecommerce,synthetic,2026-05-14T05:43:16.432517,cut-out
synthetic_d1bc1455c2b1,data\synthetic\ecommerce\synthetic_d1bc1455c2b1.jpg,0.1122,10.1,False,ecommerce,synthetic,2026-05-14T05:14:12.709688,wear-out
synthetic_5c5a44f476a8,data\synthetic\finance\synthetic_5c5a44f476a8.jpg,0.1044,9.4,False,finance,synthetic,2026-05-14T06:02:40.625848,wear-out
synthetic_d3917b678af2,data\synthetic\ecommerce\synthetic_d3917b678af2.jpg,0.0539,4.85,False,ecommerce,synthetic,2026-05-14T05:58:15.059650,cut-out
synthetic_f1343c429873,data\synthetic\ecommerce\synthetic_f1343c429873.jpg,0.1371,12.34,False,ecommerce,synthetic,2026-05-14T05:58:12.051344,wear-out
synthetic_bee19aae52d6,data\synthetic\ecommerce\synthetic_bee19aae52d6.jpg,0.0497,4.47,False,ecommerce,synthetic,2026-05-14T05:45:42.506727,cut-out
synthetic_5909dff6b3e6,data\synthetic\ecommerce\synthetic_5909dff6b3e6.jpg,0.1403,12.63,False,ecommerce,synthetic,2026-05-14T05:58:39.214145,wear-out
synthetic_9e0b19d37146,data\synthetic\ecommerce\synthetic_9e0b19d37146.jpg,0.0617,5.55,False,ecommerce,synthetic,2026-05-14T05:15:46.066953,cut-out
synthetic_306d99200abf,data\synthetic\gaming\synthetic_306d99200abf.jpg,0.1198,10.78,False,gaming,synthetic,2026-05-14T05:45:12.244311,wear-out
synthetic_b5552853aab4,data\synthetic\ecommerce\synthetic_b5552853aab4.jpg,0.1827,16.44,False,ecommerce,synthetic,2026-05-14T06:00:01.110291,wear-out
synthetic_ee6888aecbc6,data\synthetic\finance\synthetic_ee6888aecbc6.jpg,0.1077,9.69,False,finance,synthetic,2026-05-14T05:53:51.900994,wear-out
synthetic_caf2f81520ff,data\synthetic\gaming\synthetic_caf2f81520ff.jpg,0.0866,7.79,False,gaming,synthetic,2026-05-14T05:52:29.392212,wear-out
synthetic_860ccc1ec9c6,data\synthetic\finance\synthetic_860ccc1ec9c6.jpg,0.0642,5.78,False,finance,synthetic,2026-05-14T05:53:22.549242,cut-out
synthetic_8203aab80e84,data\synthetic\gaming\synthetic_8203aab80e84.jpg,0.0522,4.7,False,gaming,synthetic,2026-05-14T05:49:31.189436,cut-out
synthetic_6889fbd3dbed,data\synthetic\ecommerce\synthetic_6889fbd3dbed.jpg,0.079,7.11,False,ecommerce,synthetic,2026-05-14T05:45:27.668274,wear-out
synthetic_56351a1cb8b8,data\synthetic\gaming\synthetic_56351a1cb8b8.jpg,0.1518,13.66,False,gaming,synthetic,2026-05-14T05:14:19.849859,wear-out
synthetic_5c2292b7a10e,data\synthetic\finance\synthetic_5c2292b7a10e.jpg,0.0823,7.41,False,finance,synthetic,2026-05-14T05:12:11.577340,wear-out
synthetic_7e0c69cb1a9a,data\synthetic\ecommerce\synthetic_7e0c69cb1a9a.jpg,0.0463,4.17,False,ecommerce,synthetic,2026-05-14T06:03:03.851437,cut-out
synthetic_9beb4ee8c8cd,data\synthetic\ecommerce\synthetic_9beb4ee8c8cd.jpg,0.0683,6.15,False,ecommerce,synthetic,2026-05-14T05:50:46.694039,cut-out
synthetic_31a245d4457f,data\synthetic\finance\synthetic_31a245d4457f.jpg,0.2081,18.73,False,finance,synthetic,2026-05-14T05:12:59.455385,wear-out
synthetic_8ea7e8ab597c,data\synthetic\gaming\synthetic_8ea7e8ab597c.jpg,0.0673,6.06,False,gaming,synthetic,2026-05-14T05:57:58.013506,cut-out
synthetic_86eede9992cf,data\synthetic\finance\synthetic_86eede9992cf.jpg,0.0648,5.83,False,finance,synthetic,2026-05-14T05:50:24.427362,cut-out
synthetic_5415b23b391a,data\synthetic\gaming\synthetic_5415b23b391a.jpg,0.1426,12.83,False,gaming,synthetic,2026-05-14T05:57:21.735356,wear-out
synthetic_d58787e52e69,data\synthetic\finance\synthetic_d58787e52e69.jpg,0.0133,1.2,False,finance,synthetic,2026-05-14T05:54:04.836478,cut-out
synthetic_bca831f79e28,data\synthetic\ecommerce\synthetic_bca831f79e28.jpg,0.1212,10.91,False,ecommerce,synthetic,2026-05-14T05:49:50.441956,wear-out
synthetic_5d4f1029ed2e,data\synthetic\ecommerce\synthetic_5d4f1029ed2e.jpg,0.1754,15.79,False,ecommerce,synthetic,2026-05-14T06:00:20.700389,wear-out
synthetic_9efd6d25968b,data\synthetic\ecommerce\synthetic_9efd6d25968b.jpg,0.1872,16.85,False,ecommerce,synthetic,2026-05-14T05:13:12.800332,wear-out
synthetic_6134b8969555,data\synthetic\ecommerce\synthetic_6134b8969555.jpg,0.089,8.01,False,ecommerce,synthetic,2026-05-14T05:15:22.601031,wear-out
synthetic_67aaaa6b72dd,data\synthetic\gaming\synthetic_67aaaa6b72dd.jpg,0.0626,5.63,False,gaming,synthetic,2026-05-14T05:53:56.610557,cut-out
synthetic_0411495950c8,data\synthetic\finance\synthetic_0411495950c8.jpg,0.144,12.96,False,finance,synthetic,2026-05-14T06:02:43.223616,wear-out
synthetic_d868356010d0,data\synthetic\gaming\synthetic_d868356010d0.jpg,0.1173,10.56,False,gaming,synthetic,2026-05-14T05:47:33.407777,wear-out
synthetic_5e54a7cc6588,data\synthetic\ecommerce\synthetic_5e54a7cc6588.jpg,0.0616,5.54,False,ecommerce,synthetic,2026-05-14T06:03:00.657301,cut-out
synthetic_add19e2f406b,data\synthetic\ecommerce\synthetic_add19e2f406b.jpg,0.1006,9.05,False,ecommerce,synthetic,2026-05-14T05:46:55.117183,wear-out
synthetic_798add5b81b6,data\synthetic\finance\synthetic_798add5b81b6.jpg,0.0526,4.73,False,finance,synthetic,2026-05-14T05:15:04.447595,cut-out
synthetic_c869295b395b,data\synthetic\gaming\synthetic_c869295b395b.jpg,0.1219,10.97,False,gaming,synthetic,2026-05-14T06:01:11.564875,wear-out
synthetic_64551bc1a414,data\synthetic\gaming\synthetic_64551bc1a414.jpg,0.1719,15.47,False,gaming,synthetic,2026-05-14T05:49:17.334752,wear-out
synthetic_3d15bb2d7e6a,data\synthetic\finance\synthetic_3d15bb2d7e6a.jpg,0.152,13.68,False,finance,synthetic,2026-05-14T06:02:10.453280,wear-out
synthetic_20fa7e6331a3,data\synthetic\gaming\synthetic_20fa7e6331a3.jpg,0.0853,7.68,False,gaming,synthetic,2026-05-14T05:16:21.383566,wear-out
synthetic_0d42d1dbf964,data\synthetic\gaming\synthetic_0d42d1dbf964.jpg,0.133,11.97,False,gaming,synthetic,2026-05-14T05:43:59.863190,wear-out
synthetic_ebe6a2e520eb,data\synthetic\ecommerce\synthetic_ebe6a2e520eb.jpg,0.0839,7.55,False,ecommerce,synthetic,2026-05-14T05:52:21.825808,wear-out
synthetic_90dd1f5223ef,data\synthetic\finance\synthetic_90dd1f5223ef.jpg,0.0083,0.75,False,finance,synthetic,2026-05-14T05:47:48.075321,cut-out
synthetic_989823fba484,data\synthetic\gaming\synthetic_989823fba484.jpg,0.0899,8.09,False,gaming,synthetic,2026-05-14T05:15:04.612911,wear-out
synthetic_daa5896f2f6d,data\synthetic\ecommerce\synthetic_daa5896f2f6d.jpg,0.107,9.63,False,ecommerce,synthetic,2026-05-14T06:00:47.779429,wear-out
synthetic_6f04d7dae524,data\synthetic\gaming\synthetic_6f04d7dae524.jpg,0.1847,16.62,False,gaming,synthetic,2026-05-14T05:12:24.233761,wear-out
synthetic_317a307e0c53,data\synthetic\ecommerce\synthetic_317a307e0c53.jpg,0.171,15.39,False,ecommerce,synthetic,2026-05-14T05:49:21.917427,wear-out
synthetic_57549e362547,data\synthetic\gaming\synthetic_57549e362547.jpg,0.054,4.86,False,gaming,synthetic,2026-05-14T05:47:47.152251,cut-out
synthetic_26a2804008d1,data\synthetic\ecommerce\synthetic_26a2804008d1.jpg,0.1223,11.01,False,ecommerce,synthetic,2026-05-14T05:15:39.828908,wear-out
synthetic_2ad9a53548e2,data\synthetic\gaming\synthetic_2ad9a53548e2.jpg,0.0662,5.96,False,gaming,synthetic,2026-05-14T05:12:49.043761,cut-out
synthetic_4cfb3b868dcf,data\synthetic\finance\synthetic_4cfb3b868dcf.jpg,0.0937,8.43,False,finance,synthetic,2026-05-14T05:45:17.596800,wear-out
synthetic_71d15bc07c25,data\synthetic\ecommerce\synthetic_71d15bc07c25.jpg,0.1854,16.69,False,ecommerce,synthetic,2026-05-14T05:50:01.000346,wear-out
synthetic_d381c800dbd9,data\synthetic\finance\synthetic_d381c800dbd9.jpg,0.1161,10.45,False,finance,synthetic,2026-05-14T05:12:46.813656,wear-out
synthetic_ef1f13c1ad12,data\synthetic\finance\synthetic_ef1f13c1ad12.jpg,0.1086,9.77,False,finance,synthetic,2026-05-14T05:13:43.777662,wear-out
synthetic_91386621bd32,data\synthetic\gaming\synthetic_91386621bd32.jpg,0.2103,18.93,False,gaming,synthetic,2026-05-14T05:45:47.588648,wear-out
synthetic_98303e4f4767,data\synthetic\ecommerce\synthetic_98303e4f4767.jpg,0.1321,11.89,False,ecommerce,synthetic,2026-05-14T06:03:03.606069,wear-out
synthetic_f2a93a971e98,data\synthetic\ecommerce\synthetic_f2a93a971e98.jpg,0.0953,8.58,False,ecommerce,synthetic,2026-05-14T05:52:47.207056,wear-out
synthetic_cf7e2ef8bf8e,data\synthetic\ecommerce\synthetic_cf7e2ef8bf8e.jpg,0.1356,12.2,False,ecommerce,synthetic,2026-05-14T05:55:31.233452,wear-out
synthetic_d215c13b2ffd,data\synthetic\ecommerce\synthetic_d215c13b2ffd.jpg,0.1054,9.49,False,ecommerce,synthetic,2026-05-14T05:54:07.816680,wear-out
synthetic_50fc22bc2f3b,data\synthetic\gaming\synthetic_50fc22bc2f3b.jpg,0.1471,13.24,False,gaming,synthetic,2026-05-14T05:50:11.811447,wear-out
synthetic_7576b6b21e63,data\synthetic\finance\synthetic_7576b6b21e63.jpg,0.1177,10.59,False,finance,synthetic,2026-05-14T05:59:00.714135,wear-out
synthetic_7af418aac938,data\synthetic\finance\synthetic_7af418aac938.jpg,0.0879,7.91,False,finance,synthetic,2026-05-14T05:51:27.783348,wear-out
synthetic_df93237e3f07,data\synthetic\gaming\synthetic_df93237e3f07.jpg,0.1202,10.82,False,gaming,synthetic,2026-05-14T05:46:45.312123,wear-out
synthetic_5007d6268551,data\synthetic\finance\synthetic_5007d6268551.jpg,0.0677,6.09,False,finance,synthetic,2026-05-14T05:58:52.765859,cut-out
synthetic_2634b842f532,data\synthetic\ecommerce\synthetic_2634b842f532.jpg,0.1612,14.51,False,ecommerce,synthetic,2026-05-14T06:02:41.679636,wear-out
synthetic_68efadf4b027,data\synthetic\finance\synthetic_68efadf4b027.jpg,0.0553,4.98,False,finance,synthetic,2026-05-14T05:45:23.260804,cut-out
synthetic_b2cf77b5fd21,data\synthetic\gaming\synthetic_b2cf77b5fd21.jpg,0.1312,11.81,False,gaming,synthetic,2026-05-14T05:43:30.975195,wear-out
synthetic_f2de71639aa4,data\synthetic\gaming\synthetic_f2de71639aa4.jpg,0.1657,14.91,False,gaming,synthetic,2026-05-14T05:53:19.604843,wear-out
synthetic_46b7d3f81e82,data\synthetic\ecommerce\synthetic_46b7d3f81e82.jpg,0.0536,4.82,False,ecommerce,synthetic,2026-05-14T05:12:16.928026,cut-out
synthetic_24c5b0e5a47d,data\synthetic\ecommerce\synthetic_24c5b0e5a47d.jpg,0.0671,6.04,False,ecommerce,synthetic,2026-05-14T05:51:52.624471,cut-out
synthetic_a419bd2ececd,data\synthetic\ecommerce\synthetic_a419bd2ececd.jpg,0.1014,9.13,False,ecommerce,synthetic,2026-05-14T05:52:58.652517,wear-out
synthetic_978e99cf4f26,data\synthetic\finance\synthetic_978e99cf4f26.jpg,0.0661,5.95,False,finance,synthetic,2026-05-14T05:48:35.833164,cut-out
synthetic_17e2fa9c2632,data\synthetic\ecommerce\synthetic_17e2fa9c2632.jpg,0.1051,9.46,False,ecommerce,synthetic,2026-05-14T06:02:32.234359,wear-out
synthetic_e4a5d0a39eab,data\synthetic\gaming\synthetic_e4a5d0a39eab.jpg,0.1724,15.52,False,gaming,synthetic,2026-05-14T06:01:08.759136,wear-out
synthetic_918bd463d342,data\synthetic\finance\synthetic_918bd463d342.jpg,0.1226,11.03,False,finance,synthetic,2026-05-14T05:44:35.476446,wear-out
synthetic_50efe5004d4f,data\synthetic\gaming\synthetic_50efe5004d4f.jpg,0.0988,8.89,False,gaming,synthetic,2026-05-14T05:47:42.657517,wear-out
synthetic_26ce06d73633,data\synthetic\finance\synthetic_26ce06d73633.jpg,0.1424,12.82,False,finance,synthetic,2026-05-14T06:00:02.985406,wear-out
synthetic_b82eb8d66117,data\synthetic\gaming\synthetic_b82eb8d66117.jpg,0.048,4.32,False,gaming,synthetic,2026-05-14T05:13:16.244597,cut-out
synthetic_da159f06f016,data\synthetic\finance\synthetic_da159f06f016.jpg,0.1493,13.44,False,finance,synthetic,2026-05-14T05:51:08.114159,wear-out
synthetic_d223dcca31d4,data\synthetic\gaming\synthetic_d223dcca31d4.jpg,0.1819,16.37,False,gaming,synthetic,2026-05-14T06:02:38.275932,wear-out
synthetic_55d0bf042903,data\synthetic\finance\synthetic_55d0bf042903.jpg,0.0551,4.96,False,finance,synthetic,2026-05-14T06:02:13.980003,cut-out
synthetic_84d755699599,data\synthetic\finance\synthetic_84d755699599.jpg,0.1024,9.22,False,finance,synthetic,2026-05-14T05:57:11.690489,wear-out
synthetic_09f204a04a54,data\synthetic\gaming\synthetic_09f204a04a54.jpg,0.1078,9.7,False,gaming,synthetic,2026-05-14T05:58:37.413754,wear-out
synthetic_64254e131506,data\synthetic\gaming\synthetic_64254e131506.jpg,0.0611,5.5,False,gaming,synthetic,2026-05-14T05:53:16.171707,cut-out
synthetic_7f9e5f6048c0,data\synthetic\gaming\synthetic_7f9e5f6048c0.jpg,0.1961,17.65,False,gaming,synthetic,2026-05-14T05:49:02.869944,wear-out
synthetic_53cd22877070,data\synthetic\gaming\synthetic_53cd22877070.jpg,0.1041,9.37,False,gaming,synthetic,2026-05-14T04:56:37.817115,wear-out
synthetic_68725515da48,data\synthetic\ecommerce\synthetic_68725515da48.jpg,0.118,10.62,False,ecommerce,synthetic,2026-05-14T05:13:20.994285,wear-out
synthetic_57331f2a1d05,data\synthetic\ecommerce\synthetic_57331f2a1d05.jpg,0.1914,17.23,False,ecommerce,synthetic,2026-05-14T05:53:18.513736,wear-out
synthetic_40c9ddd5baba,data\synthetic\gaming\synthetic_40c9ddd5baba.jpg,0.1558,14.02,False,gaming,synthetic,2026-05-14T05:53:03.963875,wear-out
synthetic_354c7b01312b,data\synthetic\finance\synthetic_354c7b01312b.jpg,0.0976,8.78,False,finance,synthetic,2026-05-14T05:49:28.407228,wear-out
synthetic_de745248139c,data\synthetic\ecommerce\synthetic_de745248139c.jpg,0.1229,11.06,False,ecommerce,synthetic,2026-05-14T06:02:35.709703,wear-out
synthetic_4e5e64d52571,data\synthetic\finance\synthetic_4e5e64d52571.jpg,0.1428,12.85,False,finance,synthetic,2026-05-14T05:17:11.847983,wear-out
synthetic_6ba18cc0a2ac,data\synthetic\ecommerce\synthetic_6ba18cc0a2ac.jpg,0.1691,15.22,False,ecommerce,synthetic,2026-05-14T05:44:59.864369,wear-out
synthetic_5c33931f38e7,data\synthetic\gaming\synthetic_5c33931f38e7.jpg,0.0979,8.81,False,gaming,synthetic,2026-05-14T05:47:49.708764,wear-out
synthetic_5430e5258b0c,data\synthetic\gaming\synthetic_5430e5258b0c.jpg,0.2249,20.24,False,gaming,synthetic,2026-05-14T05:16:39.159090,wear-out
synthetic_e83a0bf3a2d3,data\synthetic\gaming\synthetic_e83a0bf3a2d3.jpg,0.0111,1.0,False,gaming,synthetic,2026-05-14T05:55:10.449612,cut-out
synthetic_32ac46413ed9,data\synthetic\finance\synthetic_32ac46413ed9.jpg,0.0867,7.8,False,finance,synthetic,2026-05-14T05:58:07.568899,wear-out
synthetic_d09c9c5c7713,data\synthetic\ecommerce\synthetic_d09c9c5c7713.jpg,0.1259,11.33,False,ecommerce,synthetic,2026-05-14T05:57:00.105703,wear-out
synthetic_4350b9cd4321,data\synthetic\ecommerce\synthetic_4350b9cd4321.jpg,0.15,13.5,False,ecommerce,synthetic,2026-05-14T06:01:15.333719,wear-out
synthetic_ea0f8456f9dd,data\synthetic\gaming\synthetic_ea0f8456f9dd.jpg,0.1584,14.26,False,gaming,synthetic,2026-05-14T05:12:13.078460,wear-out
synthetic_ed313ebdd963,data\synthetic\gaming\synthetic_ed313ebdd963.jpg,0.1847,16.62,False,gaming,synthetic,2026-05-14T06:01:38.904286,wear-out
synthetic_16227c5003eb,data\synthetic\finance\synthetic_16227c5003eb.jpg,0.0744,6.7,False,finance,synthetic,2026-05-14T05:49:22.175628,cut-out
synthetic_b22debcb0fa4,data\synthetic\finance\synthetic_b22debcb0fa4.jpg,0.1744,15.7,False,finance,synthetic,2026-05-14T05:54:30.292971,wear-out
synthetic_a7ef2441bbb2,data\synthetic\ecommerce\synthetic_a7ef2441bbb2.jpg,0.0612,5.51,False,ecommerce,synthetic,2026-05-14T05:44:23.938033,cut-out
synthetic_3f17c523552c,data\synthetic\ecommerce\synthetic_3f17c523552c.jpg,0.1113,10.02,False,ecommerce,synthetic,2026-05-14T05:59:34.931905,wear-out
synthetic_3439351f1deb,data\synthetic\finance\synthetic_3439351f1deb.jpg,0.0993,8.94,False,finance,synthetic,2026-05-14T05:56:20.358464,wear-out
synthetic_e1bb88599416,data\synthetic\gaming\synthetic_e1bb88599416.jpg,0.2034,18.31,False,gaming,synthetic,2026-05-14T05:59:21.118948,wear-out
synthetic_b739151da49a,data\synthetic\finance\synthetic_b739151da49a.jpg,0.0697,6.27,False,finance,synthetic,2026-05-14T05:15:36.266312,cut-out
synthetic_0de8fa6c2842,data\synthetic\ecommerce\synthetic_0de8fa6c2842.jpg,0.0899,8.09,False,ecommerce,synthetic,2026-05-14T05:52:13.584635,wear-out
synthetic_e1942d9b469c,data\synthetic\finance\synthetic_e1942d9b469c.jpg,0.1244,11.2,False,finance,synthetic,2026-05-14T05:58:39.930408,wear-out
synthetic_44884d39fdc8,data\synthetic\finance\synthetic_44884d39fdc8.jpg,0.1738,15.64,False,finance,synthetic,2026-05-14T06:00:33.675366,wear-out
synthetic_989e9d6f6c2d,data\synthetic\ecommerce\synthetic_989e9d6f6c2d.jpg,0.1008,9.07,False,ecommerce,synthetic,2026-05-14T05:49:17.131399,wear-out
synthetic_15737d7eb0f1,data\synthetic\gaming\synthetic_15737d7eb0f1.jpg,0.1003,9.03,False,gaming,synthetic,2026-05-14T05:15:46.564645,wear-out
synthetic_4a436e50296b,data\synthetic\finance\synthetic_4a436e50296b.jpg,0.1079,9.71,False,finance,synthetic,2026-05-14T06:02:12.154413,wear-out
synthetic_f83b921254c2,data\synthetic\ecommerce\synthetic_f83b921254c2.jpg,0.1336,12.02,False,ecommerce,synthetic,2026-05-14T06:00:02.784739,wear-out
synthetic_5c7729355344,data\synthetic\gaming\synthetic_5c7729355344.jpg,0.078,7.02,False,gaming,synthetic,2026-05-14T05:15:59.697249,wear-out
synthetic_974c33a36c4d,data\synthetic\gaming\synthetic_974c33a36c4d.jpg,0.1681,15.13,False,gaming,synthetic,2026-05-14T05:42:44.652103,wear-out
synthetic_a8b4328d5942,data\synthetic\gaming\synthetic_a8b4328d5942.jpg,0.0956,8.6,False,gaming,synthetic,2026-05-14T05:48:42.542838,wear-out
synthetic_e3afdc8c1f13,data\synthetic\ecommerce\synthetic_e3afdc8c1f13.jpg,0.2276,20.48,False,ecommerce,synthetic,2026-05-14T05:16:00.757246,wear-out
synthetic_b810b7ecb977,data\synthetic\gaming\synthetic_b810b7ecb977.jpg,0.0632,5.69,False,gaming,synthetic,2026-05-14T05:50:44.029852,cut-out
synthetic_728b96599473,data\synthetic\finance\synthetic_728b96599473.jpg,0.0367,3.3,False,finance,synthetic,2026-05-14T05:43:54.114811,cut-out
synthetic_946becb2057f,data\synthetic\gaming\synthetic_946becb2057f.jpg,0.0968,8.71,False,gaming,synthetic,2026-05-14T05:52:13.707828,wear-out
synthetic_b9af0f4f359a,data\synthetic\finance\synthetic_b9af0f4f359a.jpg,0.1448,13.03,False,finance,synthetic,2026-05-14T05:54:50.176622,wear-out
synthetic_0a5af05dd9e4,data\synthetic\gaming\synthetic_0a5af05dd9e4.jpg,0.1093,9.84,False,gaming,synthetic,2026-05-14T05:44:37.125874,wear-out
synthetic_96ae64bad816,data\synthetic\gaming\synthetic_96ae64bad816.jpg,0.1866,16.79,False,gaming,synthetic,2026-05-14T05:53:30.632650,wear-out
synthetic_58ba82fa1464,data\synthetic\finance\synthetic_58ba82fa1464.jpg,0.1386,12.47,False,finance,synthetic,2026-05-14T05:46:27.981381,wear-out
synthetic_8c44cdcee6c6,data\synthetic\ecommerce\synthetic_8c44cdcee6c6.jpg,0.0714,6.43,False,ecommerce,synthetic,2026-05-14T05:46:11.025021,cut-out
synthetic_d2ce1a91a217,data\synthetic\finance\synthetic_d2ce1a91a217.jpg,0.104,9.36,False,finance,synthetic,2026-05-14T05:47:57.610960,wear-out
synthetic_20454e336a7f,data\synthetic\finance\synthetic_20454e336a7f.jpg,0.1611,14.5,False,finance,synthetic,2026-05-14T05:54:27.319470,wear-out
synthetic_61341a172046,data\synthetic\finance\synthetic_61341a172046.jpg,0.1771,15.94,False,finance,synthetic,2026-05-14T05:58:12.291900,wear-out
synthetic_b229967ef827,data\synthetic\finance\synthetic_b229967ef827.jpg,0.1101,9.91,False,finance,synthetic,2026-05-14T06:01:28.009456,wear-out
synthetic_c241e92b4505,data\synthetic\ecommerce\synthetic_c241e92b4505.jpg,0.0334,3.01,False,ecommerce,synthetic,2026-05-14T05:54:10.294416,cut-out
synthetic_219275ef3b08,data\synthetic\finance\synthetic_219275ef3b08.jpg,0.1439,12.95,False,finance,synthetic,2026-05-14T05:44:35.124867,wear-out
synthetic_273386d91670,data\synthetic\gaming\synthetic_273386d91670.jpg,0.1499,13.49,False,gaming,synthetic,2026-05-14T05:57:28.672025,wear-out
synthetic_66ab4db0b8ab,data\synthetic\gaming\synthetic_66ab4db0b8ab.jpg,0.127,11.43,False,gaming,synthetic,2026-05-14T05:49:39.861085,wear-out
synthetic_e1ea90d662d6,data\synthetic\ecommerce\synthetic_e1ea90d662d6.jpg,0.1584,14.26,False,ecommerce,synthetic,2026-05-14T05:44:04.720121,wear-out
synthetic_2a259a787fd9,data\synthetic\ecommerce\synthetic_2a259a787fd9.jpg,0.0712,6.41,False,ecommerce,synthetic,2026-05-14T06:02:56.604240,cut-out
synthetic_19ae6a37161e,data\synthetic\gaming\synthetic_19ae6a37161e.jpg,0.108,9.72,False,gaming,synthetic,2026-05-14T05:12:14.528168,wear-out
synthetic_8cde38b826cf,data\synthetic\ecommerce\synthetic_8cde38b826cf.jpg,0.1804,16.24,False,ecommerce,synthetic,2026-05-14T06:02:57.467008,wear-out
synthetic_8937473efe3d,data\synthetic\gaming\synthetic_8937473efe3d.jpg,0.1979,17.81,False,gaming,synthetic,2026-05-14T06:02:38.878984,wear-out
synthetic_325fc25f1c52,data\synthetic\gaming\synthetic_325fc25f1c52.jpg,0.0677,6.09,False,gaming,synthetic,2026-05-14T05:48:52.912656,cut-out
synthetic_dfd3d1da08e0,data\synthetic\ecommerce\synthetic_dfd3d1da08e0.jpg,0.1276,11.48,False,ecommerce,synthetic,2026-05-14T05:52:11.518156,wear-out
synthetic_f61f739d2eb1,data\synthetic\finance\synthetic_f61f739d2eb1.jpg,0.0507,4.56,False,finance,synthetic,2026-05-14T05:43:25.290909,cut-out
synthetic_92e95ee1d361,data\synthetic\ecommerce\synthetic_92e95ee1d361.jpg,0.1349,12.14,False,ecommerce,synthetic,2026-05-14T05:56:14.253202,wear-out
synthetic_d06a1b07da48,data\synthetic\finance\synthetic_d06a1b07da48.jpg,0.1361,12.25,False,finance,synthetic,2026-05-14T06:00:08.101659,wear-out
synthetic_d27e9cf2ba84,data\synthetic\ecommerce\synthetic_d27e9cf2ba84.jpg,0.086,7.74,False,ecommerce,synthetic,2026-05-14T05:59:59.545929,wear-out
synthetic_128f062582a8,data\synthetic\finance\synthetic_128f062582a8.jpg,0.0383,3.45,False,finance,synthetic,2026-05-14T05:55:28.582517,cut-out
synthetic_e5b71251e4ad,data\synthetic\gaming\synthetic_e5b71251e4ad.jpg,0.0984,8.86,False,gaming,synthetic,2026-05-14T05:13:50.155544,wear-out
synthetic_7e2067587b77,data\synthetic\gaming\synthetic_7e2067587b77.jpg,0.1609,14.48,False,gaming,synthetic,2026-05-14T05:14:01.940611,wear-out
synthetic_54d87e0d52a2,data\synthetic\gaming\synthetic_54d87e0d52a2.jpg,0.1573,14.16,False,gaming,synthetic,2026-05-14T05:46:18.328889,wear-out
synthetic_1fa39204d14b,data\synthetic\finance\synthetic_1fa39204d14b.jpg,0.2292,20.63,False,finance,synthetic,2026-05-14T05:57:57.022272,wear-out
synthetic_64b07905ae9c,data\synthetic\finance\synthetic_64b07905ae9c.jpg,0.1738,15.64,False,finance,synthetic,2026-05-14T05:58:07.849902,wear-out
synthetic_d4b787111c2f,data\synthetic\gaming\synthetic_d4b787111c2f.jpg,0.0298,2.68,False,gaming,synthetic,2026-05-14T05:51:35.050154,cut-out
synthetic_1862edc67528,data\synthetic\gaming\synthetic_1862edc67528.jpg,0.1112,10.01,False,gaming,synthetic,2026-05-14T05:14:58.726363,wear-out
synthetic_009ff54f344e,data\synthetic\finance\synthetic_009ff54f344e.jpg,0.1452,13.07,False,finance,synthetic,2026-05-14T05:13:26.482455,wear-out
synthetic_fa7af5f08f4d,data\synthetic\gaming\synthetic_fa7af5f08f4d.jpg,0.148,13.32,False,gaming,synthetic,2026-05-14T05:12:18.468554,wear-out
synthetic_03541065592b,data\synthetic\finance\synthetic_03541065592b.jpg,0.0893,8.04,False,finance,synthetic,2026-05-14T05:46:54.590112,wear-out
synthetic_05a36c3dab29,data\synthetic\gaming\synthetic_05a36c3dab29.jpg,0.1236,11.12,False,gaming,synthetic,2026-05-14T05:43:00.502749,wear-out
synthetic_dd5bd386111e,data\synthetic\finance\synthetic_dd5bd386111e.jpg,0.1102,9.92,False,finance,synthetic,2026-05-14T05:55:11.601939,wear-out
synthetic_bdcf942da3e1,data\synthetic\gaming\synthetic_bdcf942da3e1.jpg,0.1913,17.22,False,gaming,synthetic,2026-05-14T05:58:15.149195,wear-out
synthetic_5db56c76854a,data\synthetic\finance\synthetic_5db56c76854a.jpg,0.1587,14.28,False,finance,synthetic,2026-05-14T05:43:47.296337,wear-out
synthetic_ed145f047426,data\synthetic\gaming\synthetic_ed145f047426.jpg,0.1438,12.94,False,gaming,synthetic,2026-05-14T05:13:47.644673,wear-out
synthetic_6f0594eef0eb,data\synthetic\ecommerce\synthetic_6f0594eef0eb.jpg,0.0873,7.86,False,ecommerce,synthetic,2026-05-14T05:13:43.742145,wear-out
synthetic_3e88ded55433,data\synthetic\ecommerce\synthetic_3e88ded55433.jpg,0.1433,12.9,False,ecommerce,synthetic,2026-05-14T06:02:55.469721,wear-out
synthetic_f42f9c8f28bf,data\synthetic\finance\synthetic_f42f9c8f28bf.jpg,0.1153,10.38,False,finance,synthetic,2026-05-14T05:48:04.431264,wear-out
synthetic_b0c554dfbdb9,data\synthetic\gaming\synthetic_b0c554dfbdb9.jpg,0.2163,19.47,False,gaming,synthetic,2026-05-14T05:52:39.023067,wear-out
synthetic_a0f94daa9fd2,data\synthetic\ecommerce\synthetic_a0f94daa9fd2.jpg,0.1561,14.05,False,ecommerce,synthetic,2026-05-14T06:02:16.354179,wear-out
synthetic_e9f739c0f560,data\synthetic\finance\synthetic_e9f739c0f560.jpg,0.149,13.41,False,finance,synthetic,2026-05-14T05:48:15.020798,wear-out
synthetic_39af3eb307af,data\synthetic\ecommerce\synthetic_39af3eb307af.jpg,0.1859,16.73,False,ecommerce,synthetic,2026-05-14T05:50:29.939555,wear-out
synthetic_c85bd9f1a754,data\synthetic\gaming\synthetic_c85bd9f1a754.jpg,0.1688,15.19,False,gaming,synthetic,2026-05-14T05:42:37.281101,wear-out
synthetic_5f18e60a4f22,data\synthetic\ecommerce\synthetic_5f18e60a4f22.jpg,0.1236,11.12,False,ecommerce,synthetic,2026-05-14T06:00:12.072815,wear-out
synthetic_db40eb53d266,data\synthetic\finance\synthetic_db40eb53d266.jpg,0.0698,6.28,False,finance,synthetic,2026-05-14T05:50:30.060731,cut-out
synthetic_20cc9273662d,data\synthetic\gaming\synthetic_20cc9273662d.jpg,0.051,4.59,False,gaming,synthetic,2026-05-14T05:12:49.405731,cut-out
synthetic_2eef96e2ae87,data\synthetic\finance\synthetic_2eef96e2ae87.jpg,0.0844,7.6,False,finance,synthetic,2026-05-14T05:44:05.065991,wear-out
synthetic_9a95c7e1676e,data\synthetic\finance\synthetic_9a95c7e1676e.jpg,0.1596,14.36,False,finance,synthetic,2026-05-14T05:45:43.604108,wear-out
synthetic_e94ad1fb176a,data\synthetic\gaming\synthetic_e94ad1fb176a.jpg,0.14,12.6,False,gaming,synthetic,2026-05-14T06:02:01.068917,wear-out
synthetic_c8b6f463d36e,data\synthetic\finance\synthetic_c8b6f463d36e.jpg,0.0557,5.01,False,finance,synthetic,2026-05-14T05:15:40.955377,cut-out
synthetic_3ed9e6d7a160,data\synthetic\finance\synthetic_3ed9e6d7a160.jpg,0.1272,11.45,False,finance,synthetic,2026-05-14T05:54:04.391315,wear-out
synthetic_27dc46d8482a,data\synthetic\ecommerce\synthetic_27dc46d8482a.jpg,0.1072,9.65,False,ecommerce,synthetic,2026-05-14T05:47:23.399197,wear-out
synthetic_e06c9b780d7c,data\synthetic\ecommerce\synthetic_e06c9b780d7c.jpg,0.0291,2.62,False,ecommerce,synthetic,2026-05-14T05:52:40.087808,cut-out
synthetic_1f551b952af7,data\synthetic\gaming\synthetic_1f551b952af7.jpg,0.1053,9.48,False,gaming,synthetic,2026-05-14T05:54:56.446987,wear-out
synthetic_d838fc7e82a3,data\synthetic\ecommerce\synthetic_d838fc7e82a3.jpg,0.0783,7.05,False,ecommerce,synthetic,2026-05-14T05:49:04.116766,wear-out
synthetic_1fd5e3ef66d6,data\synthetic\gaming\synthetic_1fd5e3ef66d6.jpg,0.12,10.8,False,gaming,synthetic,2026-05-14T06:00:56.338833,wear-out
synthetic_9d98ed314404,data\synthetic\finance\synthetic_9d98ed314404.jpg,0.117,10.53,False,finance,synthetic,2026-05-14T05:12:16.125946,wear-out
synthetic_d8bb59dc2415,data\synthetic\gaming\synthetic_d8bb59dc2415.jpg,0.1202,10.82,False,gaming,synthetic,2026-05-14T05:59:07.407318,wear-out
synthetic_471f8ce6cef9,data\synthetic\gaming\synthetic_471f8ce6cef9.jpg,0.0133,1.2,False,gaming,synthetic,2026-05-14T05:43:29.720000,cut-out
synthetic_95f939a16c78,data\synthetic\ecommerce\synthetic_95f939a16c78.jpg,0.0524,4.72,False,ecommerce,synthetic,2026-05-14T05:46:10.426960,cut-out
synthetic_5152e5254ded,data\synthetic\gaming\synthetic_5152e5254ded.jpg,0.0789,7.1,False,gaming,synthetic,2026-05-14T05:51:08.145155,wear-out
synthetic_c9faecf6c9ba,data\synthetic\ecommerce\synthetic_c9faecf6c9ba.jpg,0.0136,1.22,False,ecommerce,synthetic,2026-05-14T05:56:21.798342,cut-out
synthetic_a7c6dfa6f53e,data\synthetic\ecommerce\synthetic_a7c6dfa6f53e.jpg,0.0358,3.22,False,ecommerce,synthetic,2026-05-14T05:46:44.192180,cut-out
synthetic_e2fc5ed86438,data\synthetic\ecommerce\synthetic_e2fc5ed86438.jpg,0.1747,15.72,False,ecommerce,synthetic,2026-05-14T05:56:10.649159,wear-out
synthetic_92633efaa8b5,data\synthetic\gaming\synthetic_92633efaa8b5.jpg,0.0947,8.52,False,gaming,synthetic,2026-05-14T05:15:34.312460,wear-out
synthetic_7ad5e46e9f93,data\synthetic\gaming\synthetic_7ad5e46e9f93.jpg,0.1042,9.38,False,gaming,synthetic,2026-05-14T05:47:31.043438,wear-out
synthetic_f595f2e43723,data\synthetic\ecommerce\synthetic_f595f2e43723.jpg,0.126,11.34,False,ecommerce,synthetic,2026-05-14T05:55:10.320747,wear-out
synthetic_f49e8779709c,data\synthetic\gaming\synthetic_f49e8779709c.jpg,0.1131,10.18,False,gaming,synthetic,2026-05-14T05:48:02.028340,wear-out
synthetic_e78d593f3da6,data\synthetic\ecommerce\synthetic_e78d593f3da6.jpg,0.137,12.33,False,ecommerce,synthetic,2026-05-14T05:45:45.746752,wear-out
synthetic_447167e99622,data\synthetic\finance\synthetic_447167e99622.jpg,0.0928,8.35,False,finance,synthetic,2026-05-14T05:47:15.535519,wear-out
synthetic_321ac028bfe5,data\synthetic\finance\synthetic_321ac028bfe5.jpg,0.1306,11.75,False,finance,synthetic,2026-05-14T05:49:31.109845,wear-out
synthetic_dfe17c418a16,data\synthetic\finance\synthetic_dfe17c418a16.jpg,0.0674,6.07,False,finance,synthetic,2026-05-14T05:13:51.037072,cut-out
synthetic_fac05defca23,data\synthetic\gaming\synthetic_fac05defca23.jpg,0.1463,13.17,False,gaming,synthetic,2026-05-14T06:00:27.104025,wear-out
synthetic_fd2d0c7b4f6e,data\synthetic\gaming\synthetic_fd2d0c7b4f6e.jpg,0.17,15.3,False,gaming,synthetic,2026-05-14T05:46:03.657411,wear-out
synthetic_224d63fe29a2,data\synthetic\finance\synthetic_224d63fe29a2.jpg,0.0973,8.76,False,finance,synthetic,2026-05-14T05:47:12.485251,wear-out
synthetic_e449b6432812,data\synthetic\gaming\synthetic_e449b6432812.jpg,0.1323,11.91,False,gaming,synthetic,2026-05-14T06:02:30.750494,wear-out
synthetic_10148bad3303,data\synthetic\gaming\synthetic_10148bad3303.jpg,0.1128,10.15,False,gaming,synthetic,2026-05-14T05:45:26.629547,wear-out
synthetic_b566a1d7cff2,data\synthetic\ecommerce\synthetic_b566a1d7cff2.jpg,0.1856,16.7,False,ecommerce,synthetic,2026-05-14T05:47:44.981318,wear-out
synthetic_e284e96c7704,data\synthetic\ecommerce\synthetic_e284e96c7704.jpg,0.2126,19.13,False,ecommerce,synthetic,2026-05-14T06:02:11.111668,wear-out
synthetic_12c29326c706,data\synthetic\finance\synthetic_12c29326c706.jpg,0.061,5.49,False,finance,synthetic,2026-05-14T06:02:24.744980,cut-out
synthetic_3fb9acdeddd4,data\synthetic\finance\synthetic_3fb9acdeddd4.jpg,0.248,22.32,False,finance,synthetic,2026-05-14T05:13:29.804300,wear-out
synthetic_3e054d36d35e,data\synthetic\ecommerce\synthetic_3e054d36d35e.jpg,0.1052,9.47,False,ecommerce,synthetic,2026-05-14T06:02:36.810101,wear-out
synthetic_dd2b8f07d645,data\synthetic\ecommerce\synthetic_dd2b8f07d645.jpg,0.051,4.59,False,ecommerce,synthetic,2026-05-14T05:50:47.978924,cut-out
synthetic_e5cec6c7e559,data\synthetic\gaming\synthetic_e5cec6c7e559.jpg,0.0701,6.31,False,gaming,synthetic,2026-05-14T06:01:13.157975,cut-out
synthetic_5383fe8f667f,data\synthetic\gaming\synthetic_5383fe8f667f.jpg,0.1042,9.38,False,gaming,synthetic,2026-05-14T05:49:10.491808,wear-out
synthetic_8aae50d9aa71,data\synthetic\gaming\synthetic_8aae50d9aa71.jpg,0.0951,8.56,False,gaming,synthetic,2026-05-14T05:49:32.140932,wear-out
synthetic_10ba0661c156,data\synthetic\ecommerce\synthetic_10ba0661c156.jpg,0.1541,13.87,False,ecommerce,synthetic,2026-05-14T05:43:43.859284,wear-out
synthetic_3b36d334f869,data\synthetic\gaming\synthetic_3b36d334f869.jpg,0.2031,18.28,False,gaming,synthetic,2026-05-14T05:13:46.288200,wear-out
synthetic_a941391cc550,data\synthetic\ecommerce\synthetic_a941391cc550.jpg,0.1534,13.81,False,ecommerce,synthetic,2026-05-14T05:14:30.216517,wear-out
synthetic_980c209a04b4,data\synthetic\finance\synthetic_980c209a04b4.jpg,0.1459,13.13,False,finance,synthetic,2026-05-14T05:53:16.553803,wear-out
synthetic_974f72a091c1,data\synthetic\finance\synthetic_974f72a091c1.jpg,0.1062,9.56,False,finance,synthetic,2026-05-14T06:02:06.126449,wear-out
synthetic_89abeeed529f,data\synthetic\ecommerce\synthetic_89abeeed529f.jpg,0.1196,10.76,False,ecommerce,synthetic,2026-05-14T05:47:52.253957,wear-out
synthetic_f6caf8e82c18,data\synthetic\gaming\synthetic_f6caf8e82c18.jpg,0.2051,18.46,False,gaming,synthetic,2026-05-14T06:01:51.448283,wear-out
synthetic_774740a95667,data\synthetic\gaming\synthetic_774740a95667.jpg,0.1267,11.4,False,gaming,synthetic,2026-05-14T06:02:46.551787,wear-out
synthetic_b79a1a181586,data\synthetic\gaming\synthetic_b79a1a181586.jpg,0.0739,6.65,False,gaming,synthetic,2026-05-14T05:15:47.118693,cut-out
synthetic_3f52a4a63ed0,data\synthetic\gaming\synthetic_3f52a4a63ed0.jpg,0.1054,9.49,False,gaming,synthetic,2026-05-14T05:54:34.993264,wear-out
synthetic_749593bcb9c8,data\synthetic\finance\synthetic_749593bcb9c8.jpg,0.1338,12.04,False,finance,synthetic,2026-05-14T05:14:14.544870,wear-out
synthetic_456ec24e66d7,data\synthetic\ecommerce\synthetic_456ec24e66d7.jpg,0.1459,13.13,False,ecommerce,synthetic,2026-05-14T05:51:55.786960,wear-out
synthetic_3e2fcf35e475,data\synthetic\finance\synthetic_3e2fcf35e475.jpg,0.088,7.92,False,finance,synthetic,2026-05-14T05:51:32.335454,wear-out
synthetic_4c2009dc4b3b,data\synthetic\finance\synthetic_4c2009dc4b3b.jpg,0.1376,12.38,False,finance,synthetic,2026-05-14T05:16:36.487438,wear-out
synthetic_ce13a05fbd33,data\synthetic\gaming\synthetic_ce13a05fbd33.jpg,0.081,7.29,False,gaming,synthetic,2026-05-14T05:56:50.978400,wear-out
synthetic_62a8633935c3,data\synthetic\gaming\synthetic_62a8633935c3.jpg,0.1122,10.1,False,gaming,synthetic,2026-05-14T05:14:22.326897,wear-out
synthetic_1f9f1867a6a4,data\synthetic\finance\synthetic_1f9f1867a6a4.jpg,0.1498,13.48,False,finance,synthetic,2026-05-14T05:54:34.965262,wear-out
synthetic_99b600647a01,data\synthetic\gaming\synthetic_99b600647a01.jpg,0.1044,9.4,False,gaming,synthetic,2026-05-14T05:45:58.359700,wear-out
synthetic_6131c8f069be,data\synthetic\gaming\synthetic_6131c8f069be.jpg,0.058,5.22,False,gaming,synthetic,2026-05-14T05:46:55.017599,cut-out
synthetic_277ef5f4ebca,data\synthetic\gaming\synthetic_277ef5f4ebca.jpg,0.1291,11.62,False,gaming,synthetic,2026-05-14T06:02:14.673968,wear-out
synthetic_9166594bba58,data\synthetic\finance\synthetic_9166594bba58.jpg,0.0813,7.32,False,finance,synthetic,2026-05-14T05:16:39.448027,wear-out
synthetic_183fe26f75e1,data\synthetic\finance\synthetic_183fe26f75e1.jpg,0.1881,16.93,False,finance,synthetic,2026-05-14T05:55:38.001193,wear-out
synthetic_1daf6b8d06b3,data\synthetic\gaming\synthetic_1daf6b8d06b3.jpg,0.2122,19.1,False,gaming,synthetic,2026-05-14T05:44:41.057240,wear-out
synthetic_f2aa7ac2c62f,data\synthetic\ecommerce\synthetic_f2aa7ac2c62f.jpg,0.1778,16.0,False,ecommerce,synthetic,2026-05-14T06:01:43.352446,wear-out
synthetic_864d50f75b23,data\synthetic\ecommerce\synthetic_864d50f75b23.jpg,0.0621,5.59,False,ecommerce,synthetic,2026-05-14T05:51:09.805957,cut-out
synthetic_975c3b2577d9,data\synthetic\gaming\synthetic_975c3b2577d9.jpg,0.0984,8.86,False,gaming,synthetic,2026-05-14T05:55:54.331190,wear-out
synthetic_5e6f88bca744,data\synthetic\ecommerce\synthetic_5e6f88bca744.jpg,0.0954,8.59,False,ecommerce,synthetic,2026-05-14T05:14:36.668692,wear-out
synthetic_f4eb38b5cac4,data\synthetic\finance\synthetic_f4eb38b5cac4.jpg,0.0688,6.19,False,finance,synthetic,2026-05-14T05:59:25.168618,cut-out
synthetic_c495359355c6,data\synthetic\ecommerce\synthetic_c495359355c6.jpg,0.0623,5.61,False,ecommerce,synthetic,2026-05-14T05:55:01.417833,cut-out
synthetic_93af59642de4,data\synthetic\gaming\synthetic_93af59642de4.jpg,0.1199,10.79,False,gaming,synthetic,2026-05-14T06:01:15.171915,wear-out
synthetic_8916fa2b6c92,data\synthetic\gaming\synthetic_8916fa2b6c92.jpg,0.0914,8.23,False,gaming,synthetic,2026-05-14T05:49:07.437894,wear-out
synthetic_7f24548f3fcd,data\synthetic\gaming\synthetic_7f24548f3fcd.jpg,0.21,18.9,False,gaming,synthetic,2026-05-14T05:12:18.863064,wear-out
synthetic_302b8f44f30d,data\synthetic\ecommerce\synthetic_302b8f44f30d.jpg,0.101,9.09,False,ecommerce,synthetic,2026-05-14T05:43:42.114732,wear-out
synthetic_cef7d3b12476,data\synthetic\finance\synthetic_cef7d3b12476.jpg,0.1547,13.92,False,finance,synthetic,2026-05-14T05:13:11.500228,wear-out
synthetic_64225eadd788,data\synthetic\ecommerce\synthetic_64225eadd788.jpg,0.1174,10.57,False,ecommerce,synthetic,2026-05-14T05:13:51.140596,wear-out
synthetic_75b12719e9d3,data\synthetic\gaming\synthetic_75b12719e9d3.jpg,0.2516,22.64,False,gaming,synthetic,2026-05-14T05:48:41.452698,wear-out
synthetic_a474d396275e,data\synthetic\gaming\synthetic_a474d396275e.jpg,0.1351,12.16,False,gaming,synthetic,2026-05-14T05:53:49.917863,wear-out
synthetic_94389a783645,data\synthetic\gaming\synthetic_94389a783645.jpg,0.0713,6.42,False,gaming,synthetic,2026-05-14T05:54:18.834989,cut-out
synthetic_3dc10e36c0d6,data\synthetic\finance\synthetic_3dc10e36c0d6.jpg,0.1587,14.28,False,finance,synthetic,2026-05-14T05:46:00.406448,wear-out
synthetic_e7df316ebb51,data\synthetic\ecommerce\synthetic_e7df316ebb51.jpg,0.0809,7.28,False,ecommerce,synthetic,2026-05-14T05:54:24.491254,wear-out
synthetic_e9cf6e07a43a,data\synthetic\finance\synthetic_e9cf6e07a43a.jpg,0.1184,10.66,False,finance,synthetic,2026-05-14T05:15:04.980422,wear-out
synthetic_2ea358e0c25e,data\synthetic\gaming\synthetic_2ea358e0c25e.jpg,0.1214,10.93,False,gaming,synthetic,2026-05-14T05:59:35.340429,wear-out
synthetic_87f4b2c20493,data\synthetic\finance\synthetic_87f4b2c20493.jpg,0.0338,3.04,False,finance,synthetic,2026-05-14T05:52:17.711288,cut-out
synthetic_327e2b5f7ca9,data\synthetic\finance\synthetic_327e2b5f7ca9.jpg,0.1336,12.02,False,finance,synthetic,2026-05-14T05:49:32.538284,wear-out
synthetic_fbb87efdb568,data\synthetic\gaming\synthetic_fbb87efdb568.jpg,0.1336,12.02,False,gaming,synthetic,2026-05-14T05:59:58.912237,wear-out
synthetic_6334045da90a,data\synthetic\gaming\synthetic_6334045da90a.jpg,0.1694,15.25,False,gaming,synthetic,2026-05-14T06:02:51.185398,wear-out
synthetic_bd20ce4c4352,data\synthetic\finance\synthetic_bd20ce4c4352.jpg,0.0569,5.12,False,finance,synthetic,2026-05-14T05:54:55.051001,cut-out
synthetic_644b2d23b515,data\synthetic\finance\synthetic_644b2d23b515.jpg,0.0601,5.41,False,finance,synthetic,2026-05-14T05:43:50.623467,cut-out
synthetic_3b37ec72277c,data\synthetic\gaming\synthetic_3b37ec72277c.jpg,0.0752,6.77,False,gaming,synthetic,2026-05-14T05:53:23.854783,cut-out
synthetic_2bc7b71c87c5,data\synthetic\gaming\synthetic_2bc7b71c87c5.jpg,0.0754,6.79,False,gaming,synthetic,2026-05-14T05:16:21.352563,cut-out
synthetic_6ff18204eeb5,data\synthetic\ecommerce\synthetic_6ff18204eeb5.jpg,0.1097,9.87,False,ecommerce,synthetic,2026-05-14T05:58:21.988287,wear-out
synthetic_7a058e184b49,data\synthetic\ecommerce\synthetic_7a058e184b49.jpg,0.0934,8.41,False,ecommerce,synthetic,2026-05-14T06:01:31.091932,wear-out
synthetic_8829e89d9d96,data\synthetic\finance\synthetic_8829e89d9d96.jpg,0.104,9.36,False,finance,synthetic,2026-05-14T05:46:43.276184,wear-out
synthetic_d7b0a0185412,data\synthetic\finance\synthetic_d7b0a0185412.jpg,0.1671,15.04,False,finance,synthetic,2026-05-14T06:01:37.915284,wear-out
synthetic_ce49f9b7110c,data\synthetic\finance\synthetic_ce49f9b7110c.jpg,0.1071,9.64,False,finance,synthetic,2026-05-14T05:59:01.360770,wear-out
synthetic_093f4d5f1b10,data\synthetic\gaming\synthetic_093f4d5f1b10.jpg,0.0547,4.92,False,gaming,synthetic,2026-05-14T05:49:08.909848,cut-out
synthetic_10715751ff0c,data\synthetic\ecommerce\synthetic_10715751ff0c.jpg,0.273,24.57,False,ecommerce,synthetic,2026-05-14T05:55:19.181692,wear-out
synthetic_68f975816563,data\synthetic\finance\synthetic_68f975816563.jpg,0.0297,2.67,False,finance,synthetic,2026-05-14T06:02:32.446775,cut-out
synthetic_f6bceb19bed4,data\synthetic\gaming\synthetic_f6bceb19bed4.jpg,0.1029,9.26,False,gaming,synthetic,2026-05-14T05:58:05.325536,wear-out
synthetic_a8cc7b320866,data\synthetic\finance\synthetic_a8cc7b320866.jpg,0.0241,2.17,False,finance,synthetic,2026-05-14T05:49:52.397343,cut-out
synthetic_bcc4e0a5d184,data\synthetic\finance\synthetic_bcc4e0a5d184.jpg,0.0266,2.39,False,finance,synthetic,2026-05-14T05:49:01.658589,cut-out
synthetic_dd94cea4c6a7,data\synthetic\ecommerce\synthetic_dd94cea4c6a7.jpg,0.0991,8.92,False,ecommerce,synthetic,2026-05-14T05:50:30.233460,wear-out
synthetic_8dab08e6ef77,data\synthetic\ecommerce\synthetic_8dab08e6ef77.jpg,0.266,23.94,False,ecommerce,synthetic,2026-05-14T05:46:08.380974,wear-out
synthetic_067e7fd1da84,data\synthetic\finance\synthetic_067e7fd1da84.jpg,0.198,17.82,False,finance,synthetic,2026-05-14T05:44:35.669508,wear-out
synthetic_15539f0c6667,data\synthetic\gaming\synthetic_15539f0c6667.jpg,0.1099,9.89,False,gaming,synthetic,2026-05-14T05:15:53.365278,wear-out
synthetic_9e65d230191f,data\synthetic\gaming\synthetic_9e65d230191f.jpg,0.0796,7.16,False,gaming,synthetic,2026-05-14T05:50:48.031931,wear-out
synthetic_ee7564093052,data\synthetic\ecommerce\synthetic_ee7564093052.jpg,0.135,12.15,False,ecommerce,synthetic,2026-05-14T05:53:05.345182,wear-out
synthetic_cecd9c879515,data\synthetic\ecommerce\synthetic_cecd9c879515.jpg,0.0864,7.78,False,ecommerce,synthetic,2026-05-14T05:44:35.299530,wear-out
synthetic_4c872a2e74b2,data\synthetic\gaming\synthetic_4c872a2e74b2.jpg,0.1088,9.79,False,gaming,synthetic,2026-05-14T05:44:02.098182,wear-out
synthetic_9e8d3e42be9c,data\synthetic\gaming\synthetic_9e8d3e42be9c.jpg,0.182,16.38,False,gaming,synthetic,2026-05-14T05:44:22.429232,wear-out
synthetic_0a371ad643fe,data\synthetic\gaming\synthetic_0a371ad643fe.jpg,0.1146,10.31,False,gaming,synthetic,2026-05-14T05:57:19.325649,wear-out
synthetic_30079755352f,data\synthetic\ecommerce\synthetic_30079755352f.jpg,0.159,14.31,False,ecommerce,synthetic,2026-05-14T05:48:07.335993,wear-out
synthetic_6d919c83abde,data\synthetic\gaming\synthetic_6d919c83abde.jpg,0.0434,3.91,False,gaming,synthetic,2026-05-14T05:58:07.188743,cut-out
synthetic_79a9197366ad,data\synthetic\gaming\synthetic_79a9197366ad.jpg,0.0831,7.48,False,gaming,synthetic,2026-05-14T05:56:35.385544,wear-out
synthetic_fbf72cc37d60,data\synthetic\gaming\synthetic_fbf72cc37d60.jpg,0.1437,12.93,False,gaming,synthetic,2026-05-14T05:15:37.175532,wear-out
synthetic_d9340e11cf10,data\synthetic\finance\synthetic_d9340e11cf10.jpg,0.1136,10.22,False,finance,synthetic,2026-05-14T05:54:35.626773,wear-out
synthetic_2f7eab3e05da,data\synthetic\gaming\synthetic_2f7eab3e05da.jpg,0.0138,1.24,False,gaming,synthetic,2026-05-14T05:13:37.563284,cut-out
synthetic_99b7656e0f2d,data\synthetic\ecommerce\synthetic_99b7656e0f2d.jpg,0.0978,8.8,False,ecommerce,synthetic,2026-05-14T05:55:10.544651,wear-out
synthetic_d1d7f8cc085d,data\synthetic\finance\synthetic_d1d7f8cc085d.jpg,0.1717,15.45,False,finance,synthetic,2026-05-14T05:46:17.740532,wear-out
synthetic_0e1056055418,data\synthetic\ecommerce\synthetic_0e1056055418.jpg,0.0409,3.68,False,ecommerce,synthetic,2026-05-14T05:13:59.783639,cut-out
synthetic_a4e9aeb0f7ac,data\synthetic\finance\synthetic_a4e9aeb0f7ac.jpg,0.0937,8.43,False,finance,synthetic,2026-05-14T05:13:41.807610,wear-out
synthetic_b62ed2f255a4,data\synthetic\gaming\synthetic_b62ed2f255a4.jpg,0.1292,11.63,False,gaming,synthetic,2026-05-14T05:53:15.011345,wear-out
synthetic_7d9537f5bdda,data\synthetic\ecommerce\synthetic_7d9537f5bdda.jpg,0.1511,13.6,False,ecommerce,synthetic,2026-05-14T05:43:40.801273,wear-out
synthetic_43326d29bd5e,data\synthetic\finance\synthetic_43326d29bd5e.jpg,0.0768,6.91,False,finance,synthetic,2026-05-14T05:43:11.548751,cut-out
synthetic_b36ce46a551a,data\synthetic\ecommerce\synthetic_b36ce46a551a.jpg,0.1128,10.15,False,ecommerce,synthetic,2026-05-14T05:52:44.393577,wear-out
synthetic_8a73f613bcee,data\synthetic\ecommerce\synthetic_8a73f613bcee.jpg,0.2201,19.81,False,ecommerce,synthetic,2026-05-14T06:00:10.474188,wear-out
synthetic_9166f16132ec,data\synthetic\ecommerce\synthetic_9166f16132ec.jpg,0.1138,10.24,False,ecommerce,synthetic,2026-05-14T05:46:46.904532,wear-out
synthetic_4af9fd27a234,data\synthetic\gaming\synthetic_4af9fd27a234.jpg,0.2617,23.55,False,gaming,synthetic,2026-05-14T05:58:13.848492,wear-out
synthetic_a5d02200fd58,data\synthetic\gaming\synthetic_a5d02200fd58.jpg,0.1218,10.96,False,gaming,synthetic,2026-05-14T05:13:47.617598,wear-out
synthetic_5665e82003e0,data\synthetic\gaming\synthetic_5665e82003e0.jpg,0.1821,16.39,False,gaming,synthetic,2026-05-14T05:43:50.108994,wear-out
synthetic_445f0bd9cd95,data\synthetic\finance\synthetic_445f0bd9cd95.jpg,0.0608,5.47,False,finance,synthetic,2026-05-14T05:47:42.102722,cut-out
synthetic_27d6f5f20a72,data\synthetic\finance\synthetic_27d6f5f20a72.jpg,0.1493,13.44,False,finance,synthetic,2026-05-14T05:55:34.262377,wear-out
synthetic_d8e452c187ca,data\synthetic\finance\synthetic_d8e452c187ca.jpg,0.0707,6.36,False,finance,synthetic,2026-05-14T06:01:58.593436,cut-out
synthetic_ff874e8ff7fd,data\synthetic\gaming\synthetic_ff874e8ff7fd.jpg,0.0932,8.39,False,gaming,synthetic,2026-05-14T05:13:25.300509,wear-out
synthetic_e091be5621dc,data\synthetic\gaming\synthetic_e091be5621dc.jpg,0.0862,7.76,False,gaming,synthetic,2026-05-14T05:53:37.660021,wear-out
synthetic_531b2356a079,data\synthetic\gaming\synthetic_531b2356a079.jpg,0.234,21.06,False,gaming,synthetic,2026-05-14T05:17:21.459646,wear-out
synthetic_7da561021a4a,data\synthetic\ecommerce\synthetic_7da561021a4a.jpg,0.0218,1.96,False,ecommerce,synthetic,2026-05-14T05:16:08.429934,cut-out
synthetic_61d2cddb2a66,data\synthetic\ecommerce\synthetic_61d2cddb2a66.jpg,0.1353,12.18,False,ecommerce,synthetic,2026-05-14T05:46:55.162351,wear-out
synthetic_b10a19b1cb46,data\synthetic\ecommerce\synthetic_b10a19b1cb46.jpg,0.0708,6.37,False,ecommerce,synthetic,2026-05-14T05:47:38.871452,cut-out
synthetic_f586873c18b2,data\synthetic\gaming\synthetic_f586873c18b2.jpg,0.1739,15.65,False,gaming,synthetic,2026-05-14T05:55:03.995702,wear-out
synthetic_ad8384bcc022,data\synthetic\finance\synthetic_ad8384bcc022.jpg,0.0352,3.17,False,finance,synthetic,2026-05-14T05:46:49.248842,cut-out
synthetic_abe85fa52c21,data\synthetic\finance\synthetic_abe85fa52c21.jpg,0.1304,11.74,False,finance,synthetic,2026-05-14T05:47:17.272907,wear-out
synthetic_275139a58e46,data\synthetic\finance\synthetic_275139a58e46.jpg,0.1219,10.97,False,finance,synthetic,2026-05-14T05:59:42.252110,wear-out
synthetic_a50e13b11600,data\synthetic\gaming\synthetic_a50e13b11600.jpg,0.1386,12.47,False,gaming,synthetic,2026-05-14T05:46:49.116792,wear-out
synthetic_a0166acc76d1,data\synthetic\finance\synthetic_a0166acc76d1.jpg,0.1461,13.15,False,finance,synthetic,2026-05-14T05:15:29.079821,wear-out
synthetic_5bc88264f422,data\synthetic\gaming\synthetic_5bc88264f422.jpg,0.2014,18.13,False,gaming,synthetic,2026-05-14T05:45:47.019946,wear-out
synthetic_442bde0aa506,data\synthetic\ecommerce\synthetic_442bde0aa506.jpg,0.1684,15.16,False,ecommerce,synthetic,2026-05-14T05:15:49.358251,wear-out
synthetic_1fc305546101,data\synthetic\gaming\synthetic_1fc305546101.jpg,0.0932,8.39,False,gaming,synthetic,2026-05-14T05:13:15.904939,wear-out
synthetic_e8aa9031233c,data\synthetic\gaming\synthetic_e8aa9031233c.jpg,0.1343,12.09,False,gaming,synthetic,2026-05-14T05:16:30.330620,wear-out
synthetic_5af4cbdde693,data\synthetic\ecommerce\synthetic_5af4cbdde693.jpg,0.0669,6.02,False,ecommerce,synthetic,2026-05-14T05:43:24.800062,cut-out
synthetic_4120403c125a,data\synthetic\finance\synthetic_4120403c125a.jpg,0.1177,10.59,False,finance,synthetic,2026-05-14T06:01:51.687271,wear-out
synthetic_4682a63b603c,data\synthetic\gaming\synthetic_4682a63b603c.jpg,0.118,10.62,False,gaming,synthetic,2026-05-14T06:00:49.936966,wear-out
synthetic_9aba356bd268,data\synthetic\ecommerce\synthetic_9aba356bd268.jpg,0.1868,16.81,False,ecommerce,synthetic,2026-05-14T05:48:55.439199,wear-out
synthetic_73813129a2d2,data\synthetic\finance\synthetic_73813129a2d2.jpg,0.0448,4.03,False,finance,synthetic,2026-05-14T05:54:50.544362,cut-out
synthetic_b21307886014,data\synthetic\gaming\synthetic_b21307886014.jpg,0.0892,8.03,False,gaming,synthetic,2026-05-14T06:02:20.771654,wear-out
synthetic_dbd94227dac5,data\synthetic\ecommerce\synthetic_dbd94227dac5.jpg,0.1263,11.37,False,ecommerce,synthetic,2026-05-14T05:57:23.191145,wear-out
synthetic_8e25004720d1,data\synthetic\gaming\synthetic_8e25004720d1.jpg,0.1341,12.07,False,gaming,synthetic,2026-05-14T05:44:07.082375,wear-out
synthetic_170cfc531bfb,data\synthetic\finance\synthetic_170cfc531bfb.jpg,0.1031,9.28,False,finance,synthetic,2026-05-14T05:15:07.288375,wear-out
synthetic_08a1aa5ee28d,data\synthetic\finance\synthetic_08a1aa5ee28d.jpg,0.1308,11.77,False,finance,synthetic,2026-05-14T05:47:34.633071,wear-out
synthetic_76f41ec977c2,data\synthetic\finance\synthetic_76f41ec977c2.jpg,0.129,11.61,False,finance,synthetic,2026-05-14T05:56:05.170597,wear-out
synthetic_073a42f4bf66,data\synthetic\finance\synthetic_073a42f4bf66.jpg,0.1312,11.81,False,finance,synthetic,2026-05-14T05:15:38.961276,wear-out
synthetic_02b8d937f09f,data\synthetic\gaming\synthetic_02b8d937f09f.jpg,0.1797,16.17,False,gaming,synthetic,2026-05-14T05:12:17.397804,wear-out
synthetic_10f22e41bb6c,data\synthetic\gaming\synthetic_10f22e41bb6c.jpg,0.1203,10.83,False,gaming,synthetic,2026-05-14T05:56:49.787842,wear-out
synthetic_f50d11a003bb,data\synthetic\finance\synthetic_f50d11a003bb.jpg,0.0813,7.32,False,finance,synthetic,2026-05-14T06:02:27.046325,wear-out
synthetic_38493a3675c9,data\synthetic\ecommerce\synthetic_38493a3675c9.jpg,0.113,10.17,False,ecommerce,synthetic,2026-05-14T05:52:17.434485,wear-out
synthetic_832bc6f6e1eb,data\synthetic\ecommerce\synthetic_832bc6f6e1eb.jpg,0.1129,10.16,False,ecommerce,synthetic,2026-05-14T05:55:35.388372,wear-out
synthetic_e92a5802f729,data\synthetic\finance\synthetic_e92a5802f729.jpg,0.1138,10.24,False,finance,synthetic,2026-05-14T05:48:09.080703,wear-out
synthetic_a50980b992f1,data\synthetic\gaming\synthetic_a50980b992f1.jpg,0.1662,14.96,False,gaming,synthetic,2026-05-14T05:53:08.113956,wear-out
synthetic_0dfcf1cec7de,data\synthetic\gaming\synthetic_0dfcf1cec7de.jpg,0.1754,15.79,False,gaming,synthetic,2026-05-14T05:54:36.685794,wear-out
synthetic_05225006e551,data\synthetic\gaming\synthetic_05225006e551.jpg,0.0376,3.38,False,gaming,synthetic,2026-05-14T06:02:42.560077,cut-out
synthetic_54e842a2035c,data\synthetic\gaming\synthetic_54e842a2035c.jpg,0.0792,7.13,False,gaming,synthetic,2026-05-14T05:56:09.793022,wear-out
synthetic_71a6720a7b58,data\synthetic\ecommerce\synthetic_71a6720a7b58.jpg,0.0786,7.07,False,ecommerce,synthetic,2026-05-14T05:46:00.566022,wear-out
synthetic_38962a9eda0d,data\synthetic\ecommerce\synthetic_38962a9eda0d.jpg,0.14,12.6,False,ecommerce,synthetic,2026-05-14T05:58:40.276704,wear-out
synthetic_f416fdad7ec1,data\synthetic\gaming\synthetic_f416fdad7ec1.jpg,0.1292,11.63,False,gaming,synthetic,2026-05-14T05:43:44.498075,wear-out
synthetic_774a93258b05,data\synthetic\ecommerce\synthetic_774a93258b05.jpg,0.1399,12.59,False,ecommerce,synthetic,2026-05-14T05:46:14.000464,wear-out
synthetic_6520d5901fc5,data\synthetic\gaming\synthetic_6520d5901fc5.jpg,0.1457,13.11,False,gaming,synthetic,2026-05-14T05:56:48.111975,wear-out
synthetic_506f2b237d45,data\synthetic\finance\synthetic_506f2b237d45.jpg,0.1621,14.59,False,finance,synthetic,2026-05-14T05:14:53.032634,wear-out
synthetic_cfc3bf8d9ea6,data\synthetic\gaming\synthetic_cfc3bf8d9ea6.jpg,0.1133,10.2,False,gaming,synthetic,2026-05-14T06:02:05.977405,wear-out
synthetic_466cbdf3b1f4,data\synthetic\finance\synthetic_466cbdf3b1f4.jpg,0.1087,9.78,False,finance,synthetic,2026-05-14T05:48:16.284584,wear-out
synthetic_60cdc3fb5576,data\synthetic\gaming\synthetic_60cdc3fb5576.jpg,0.1389,12.5,False,gaming,synthetic,2026-05-14T05:47:22.405626,wear-out
synthetic_c18df706fe68,data\synthetic\gaming\synthetic_c18df706fe68.jpg,0.1158,10.42,False,gaming,synthetic,2026-05-14T05:48:40.850074,wear-out
synthetic_69b9c24221c4,data\synthetic\finance\synthetic_69b9c24221c4.jpg,0.1142,10.28,False,finance,synthetic,2026-05-14T05:54:17.999225,wear-out
synthetic_0e86c12bf9d2,data\synthetic\finance\synthetic_0e86c12bf9d2.jpg,0.2018,18.16,False,finance,synthetic,2026-05-14T05:49:53.336723,wear-out
synthetic_43074e47d571,data\synthetic\finance\synthetic_43074e47d571.jpg,0.0882,7.94,False,finance,synthetic,2026-05-14T05:49:23.149811,wear-out
synthetic_0de631902be3,data\synthetic\finance\synthetic_0de631902be3.jpg,0.1172,10.55,False,finance,synthetic,2026-05-14T05:53:23.469897,wear-out
synthetic_5756c1509990,data\synthetic\finance\synthetic_5756c1509990.jpg,0.0938,8.44,False,finance,synthetic,2026-05-14T05:59:48.155201,wear-out
synthetic_3f0a88b826e0,data\synthetic\gaming\synthetic_3f0a88b826e0.jpg,0.1359,12.23,False,gaming,synthetic,2026-05-14T05:17:19.834961,wear-out
synthetic_37f4aab38b71,data\synthetic\finance\synthetic_37f4aab38b71.jpg,0.069,6.21,False,finance,synthetic,2026-05-14T05:48:35.038047,cut-out
synthetic_f2af2cc3ac0a,data\synthetic\ecommerce\synthetic_f2af2cc3ac0a.jpg,0.2031,18.28,False,ecommerce,synthetic,2026-05-14T05:15:07.752636,wear-out
synthetic_02c2fd591356,data\synthetic\ecommerce\synthetic_02c2fd591356.jpg,0.1583,14.25,False,ecommerce,synthetic,2026-05-14T05:51:28.400755,wear-out
synthetic_90a840558cbb,data\synthetic\ecommerce\synthetic_90a840558cbb.jpg,0.1119,10.07,False,ecommerce,synthetic,2026-05-14T05:58:13.227443,wear-out
synthetic_36fa241296e3,data\synthetic\ecommerce\synthetic_36fa241296e3.jpg,0.1226,11.03,False,ecommerce,synthetic,2026-05-14T05:54:20.667760,wear-out
synthetic_707e2c7f1832,data\synthetic\gaming\synthetic_707e2c7f1832.jpg,0.2308,20.77,False,gaming,synthetic,2026-05-14T05:57:13.878055,wear-out
synthetic_25b030572570,data\synthetic\ecommerce\synthetic_25b030572570.jpg,0.0984,8.86,False,ecommerce,synthetic,2026-05-14T05:14:24.945201,wear-out
synthetic_b97c8f922003,data\synthetic\gaming\synthetic_b97c8f922003.jpg,0.1586,14.27,False,gaming,synthetic,2026-05-14T05:47:58.611510,wear-out
synthetic_f06f92288cf8,data\synthetic\finance\synthetic_f06f92288cf8.jpg,0.0153,1.38,False,finance,synthetic,2026-05-14T05:53:57.792906,cut-out
synthetic_6af3a0460bbf,data\synthetic\gaming\synthetic_6af3a0460bbf.jpg,0.1018,9.16,False,gaming,synthetic,2026-05-14T05:55:21.195125,wear-out
synthetic_8a68edac4993,data\synthetic\finance\synthetic_8a68edac4993.jpg,0.1393,12.54,False,finance,synthetic,2026-05-14T05:54:26.138651,wear-out
synthetic_825be2279e5d,data\synthetic\gaming\synthetic_825be2279e5d.jpg,0.1454,13.09,False,gaming,synthetic,2026-05-14T05:55:54.113900,wear-out
synthetic_d96efb3884d8,data\synthetic\ecommerce\synthetic_d96efb3884d8.jpg,0.1613,14.52,False,ecommerce,synthetic,2026-05-14T06:02:59.743544,wear-out
synthetic_ddd17b857ce4,data\synthetic\ecommerce\synthetic_ddd17b857ce4.jpg,0.0424,3.82,False,ecommerce,synthetic,2026-05-14T05:50:31.467068,cut-out
synthetic_643eea0deb94,data\synthetic\finance\synthetic_643eea0deb94.jpg,0.1293,11.64,False,finance,synthetic,2026-05-14T05:46:45.216342,wear-out
synthetic_5f81f5ff7de8,data\synthetic\finance\synthetic_5f81f5ff7de8.jpg,0.1052,9.47,False,finance,synthetic,2026-05-14T05:48:34.470261,wear-out
synthetic_d80447f60a63,data\synthetic\gaming\synthetic_d80447f60a63.jpg,0.1262,11.36,False,gaming,synthetic,2026-05-14T05:47:32.582763,wear-out
synthetic_79067a9c42fe,data\synthetic\ecommerce\synthetic_79067a9c42fe.jpg,0.1384,12.46,False,ecommerce,synthetic,2026-05-14T05:54:45.351638,wear-out
synthetic_007671c7eea6,data\synthetic\finance\synthetic_007671c7eea6.jpg,0.0939,8.45,False,finance,synthetic,2026-05-14T05:55:29.099038,wear-out
synthetic_c1be657611ca,data\synthetic\ecommerce\synthetic_c1be657611ca.jpg,0.104,9.36,False,ecommerce,synthetic,2026-05-14T05:49:02.183922,wear-out
synthetic_0aec80063c90,data\synthetic\finance\synthetic_0aec80063c90.jpg,0.0448,4.03,False,finance,synthetic,2026-05-14T05:17:31.419134,cut-out
synthetic_0a1a29802050,data\synthetic\gaming\synthetic_0a1a29802050.jpg,0.0662,5.96,False,gaming,synthetic,2026-05-14T05:14:37.638616,cut-out
synthetic_3831bd87c4ef,data\synthetic\ecommerce\synthetic_3831bd87c4ef.jpg,0.1852,16.67,False,ecommerce,synthetic,2026-05-14T05:45:16.497471,wear-out
synthetic_48013a5167f8,data\synthetic\gaming\synthetic_48013a5167f8.jpg,0.1342,12.08,False,gaming,synthetic,2026-05-14T06:00:35.431212,wear-out
synthetic_de52ec4c8b91,data\synthetic\ecommerce\synthetic_de52ec4c8b91.jpg,0.1468,13.21,False,ecommerce,synthetic,2026-05-14T05:12:11.272030,wear-out
synthetic_668e50ad7902,data\synthetic\gaming\synthetic_668e50ad7902.jpg,0.1862,16.76,False,gaming,synthetic,2026-05-14T05:56:06.843021,wear-out
synthetic_b7cb9ecef449,data\synthetic\finance\synthetic_b7cb9ecef449.jpg,0.0836,7.52,False,finance,synthetic,2026-05-14T05:16:44.049739,wear-out
synthetic_ce14f3293712,data\synthetic\ecommerce\synthetic_ce14f3293712.jpg,0.0626,5.63,False,ecommerce,synthetic,2026-05-14T05:59:08.408709,cut-out
synthetic_a276ba0008ee,data\synthetic\ecommerce\synthetic_a276ba0008ee.jpg,0.0914,8.23,False,ecommerce,synthetic,2026-05-14T05:54:41.157398,wear-out
synthetic_0d6d1a401d52,data\synthetic\finance\synthetic_0d6d1a401d52.jpg,0.1804,16.24,False,finance,synthetic,2026-05-14T05:13:08.411951,wear-out
synthetic_c36b2f6a3a5c,data\synthetic\gaming\synthetic_c36b2f6a3a5c.jpg,0.1469,13.22,False,gaming,synthetic,2026-05-14T05:50:46.003760,wear-out
synthetic_a60cbbef65e6,data\synthetic\finance\synthetic_a60cbbef65e6.jpg,0.0973,8.76,False,finance,synthetic,2026-05-14T05:49:18.450621,wear-out
synthetic_b3b09e84d5a7,data\synthetic\gaming\synthetic_b3b09e84d5a7.jpg,0.1053,9.48,False,gaming,synthetic,2026-05-14T05:51:51.869734,wear-out
synthetic_266fd1f9de40,data\synthetic\gaming\synthetic_266fd1f9de40.jpg,0.1318,11.86,False,gaming,synthetic,2026-05-14T05:46:38.143287,wear-out
synthetic_bb029bc98c13,data\synthetic\finance\synthetic_bb029bc98c13.jpg,0.0344,3.1,False,finance,synthetic,2026-05-14T05:44:16.963045,cut-out
synthetic_8ef03c1a15aa,data\synthetic\ecommerce\synthetic_8ef03c1a15aa.jpg,0.1457,13.11,False,ecommerce,synthetic,2026-05-14T05:59:04.378455,wear-out
synthetic_694cadb46a03,data\synthetic\gaming\synthetic_694cadb46a03.jpg,0.115,10.35,False,gaming,synthetic,2026-05-14T05:51:53.417253,wear-out
synthetic_01b6df44a746,data\synthetic\ecommerce\synthetic_01b6df44a746.jpg,0.1111,10.0,False,ecommerce,synthetic,2026-05-14T05:56:51.811160,wear-out
synthetic_9ec0e344e737,data\synthetic\ecommerce\synthetic_9ec0e344e737.jpg,0.0748,6.73,False,ecommerce,synthetic,2026-05-14T05:46:24.712283,cut-out
synthetic_c3dfcaed1763,data\synthetic\finance\synthetic_c3dfcaed1763.jpg,0.1041,9.37,False,finance,synthetic,2026-05-14T05:12:57.122855,wear-out
synthetic_4270093577b4,data\synthetic\gaming\synthetic_4270093577b4.jpg,0.0453,4.08,False,gaming,synthetic,2026-05-14T05:44:00.841459,cut-out
synthetic_2048b6f36a1a,data\synthetic\finance\synthetic_2048b6f36a1a.jpg,0.1206,10.85,False,finance,synthetic,2026-05-14T05:56:14.741262,wear-out
synthetic_b9b98a6b273d,data\synthetic\gaming\synthetic_b9b98a6b273d.jpg,0.0646,5.81,False,gaming,synthetic,2026-05-14T05:15:15.253296,cut-out
synthetic_1ebf6db1e1f0,data\synthetic\finance\synthetic_1ebf6db1e1f0.jpg,0.0906,8.15,False,finance,synthetic,2026-05-14T05:44:53.746454,wear-out
synthetic_1d188350247c,data\synthetic\gaming\synthetic_1d188350247c.jpg,0.0397,3.57,False,gaming,synthetic,2026-05-14T05:56:57.325679,cut-out
synthetic_d3571059f8ad,data\synthetic\ecommerce\synthetic_d3571059f8ad.jpg,0.0989,8.9,False,ecommerce,synthetic,2026-05-14T05:44:13.155966,wear-out
synthetic_1e9de8b9f231,data\synthetic\ecommerce\synthetic_1e9de8b9f231.jpg,0.0278,2.5,False,ecommerce,synthetic,2026-05-14T05:51:18.266104,cut-out
synthetic_aafb9d9dd93c,data\synthetic\ecommerce\synthetic_aafb9d9dd93c.jpg,0.1542,13.88,False,ecommerce,synthetic,2026-05-14T05:51:25.150913,wear-out
synthetic_2ade29d660b6,data\synthetic\gaming\synthetic_2ade29d660b6.jpg,0.1287,11.58,False,gaming,synthetic,2026-05-14T05:43:09.262284,wear-out
synthetic_ba64bc7d0743,data\synthetic\finance\synthetic_ba64bc7d0743.jpg,0.1148,10.33,False,finance,synthetic,2026-05-14T06:00:30.003873,wear-out
synthetic_5e16debbc118,data\synthetic\gaming\synthetic_5e16debbc118.jpg,0.0814,7.33,False,gaming,synthetic,2026-05-14T05:14:13.558740,wear-out
synthetic_12a7a41ac3a6,data\synthetic\ecommerce\synthetic_12a7a41ac3a6.jpg,0.1618,14.56,False,ecommerce,synthetic,2026-05-14T05:47:23.337757,wear-out
synthetic_7b6813096640,data\synthetic\finance\synthetic_7b6813096640.jpg,0.0334,3.01,False,finance,synthetic,2026-05-14T05:12:08.875955,cut-out
synthetic_8e4fac24bb88,data\synthetic\ecommerce\synthetic_8e4fac24bb88.jpg,0.1659,14.93,False,ecommerce,synthetic,2026-05-14T05:48:20.091829,wear-out
synthetic_633e7189ed78,data\synthetic\ecommerce\synthetic_633e7189ed78.jpg,0.1346,12.11,False,ecommerce,synthetic,2026-05-14T05:15:21.435927,wear-out
synthetic_d11283de9322,data\synthetic\finance\synthetic_d11283de9322.jpg,0.0724,6.52,False,finance,synthetic,2026-05-14T05:53:47.524296,cut-out
synthetic_535082a265d5,data\synthetic\ecommerce\synthetic_535082a265d5.jpg,0.0876,7.88,False,ecommerce,synthetic,2026-05-14T05:58:15.394752,wear-out
synthetic_19ce91140121,data\synthetic\ecommerce\synthetic_19ce91140121.jpg,0.1821,16.39,False,ecommerce,synthetic,2026-05-14T05:54:19.997599,wear-out
synthetic_6d0f614b609d,data\synthetic\finance\synthetic_6d0f614b609d.jpg,0.1713,15.42,False,finance,synthetic,2026-05-14T05:59:37.680828,wear-out
synthetic_2de8f99fb15c,data\synthetic\finance\synthetic_2de8f99fb15c.jpg,0.1229,11.06,False,finance,synthetic,2026-05-14T05:12:42.812040,wear-out
synthetic_5b57a2b419b4,data\synthetic\ecommerce\synthetic_5b57a2b419b4.jpg,0.1184,10.66,False,ecommerce,synthetic,2026-05-14T05:48:15.091750,wear-out
synthetic_85cfb4bbb54b,data\synthetic\finance\synthetic_85cfb4bbb54b.jpg,0.0976,8.78,False,finance,synthetic,2026-05-14T05:43:41.752243,wear-out
synthetic_e5c01fe1c173,data\synthetic\finance\synthetic_e5c01fe1c173.jpg,0.0323,2.91,False,finance,synthetic,2026-05-14T05:55:11.099795,cut-out
synthetic_021e23967a18,data\synthetic\ecommerce\synthetic_021e23967a18.jpg,0.1439,12.95,False,ecommerce,synthetic,2026-05-14T05:48:39.480164,wear-out
synthetic_2f5c0d25e30b,data\synthetic\ecommerce\synthetic_2f5c0d25e30b.jpg,0.1094,9.85,False,ecommerce,synthetic,2026-05-14T05:42:37.023171,wear-out
synthetic_0cdb9fdee0f5,data\synthetic\ecommerce\synthetic_0cdb9fdee0f5.jpg,0.1753,15.78,False,ecommerce,synthetic,2026-05-14T06:00:09.432766,wear-out
synthetic_ec1260ae24ef,data\synthetic\gaming\synthetic_ec1260ae24ef.jpg,0.2057,18.51,False,gaming,synthetic,2026-05-14T05:53:51.239252,wear-out
synthetic_412d0283757d,data\synthetic\ecommerce\synthetic_412d0283757d.jpg,0.1199,10.79,False,ecommerce,synthetic,2026-05-14T05:16:41.753975,wear-out
synthetic_26ce0e71b4d9,data\synthetic\ecommerce\synthetic_26ce0e71b4d9.jpg,0.185,16.65,False,ecommerce,synthetic,2026-05-14T05:12:01.763736,wear-out
synthetic_dd21b46dadf0,data\synthetic\finance\synthetic_dd21b46dadf0.jpg,0.0264,2.38,False,finance,synthetic,2026-05-14T05:51:34.214034,cut-out
synthetic_4f03f02144c2,data\synthetic\gaming\synthetic_4f03f02144c2.jpg,0.1487,13.38,False,gaming,synthetic,2026-05-14T05:46:41.658829,wear-out
synthetic_de97df230d8a,data\synthetic\gaming\synthetic_de97df230d8a.jpg,0.105,9.45,False,gaming,synthetic,2026-05-14T05:53:31.419383,wear-out
synthetic_7a5bec823d3c,data\synthetic\finance\synthetic_7a5bec823d3c.jpg,0.1959,17.63,False,finance,synthetic,2026-05-14T05:55:54.727673,wear-out
synthetic_75a73ed6bff6,data\synthetic\ecommerce\synthetic_75a73ed6bff6.jpg,0.0342,3.08,False,ecommerce,synthetic,2026-05-14T05:48:10.495203,cut-out
synthetic_92e14eed69a8,data\synthetic\gaming\synthetic_92e14eed69a8.jpg,0.117,10.53,False,gaming,synthetic,2026-05-14T05:54:53.725529,wear-out
synthetic_a4e4a21fde1c,data\synthetic\finance\synthetic_a4e4a21fde1c.jpg,0.0467,4.2,False,finance,synthetic,2026-05-14T06:02:14.640806,cut-out
synthetic_76729e1e4b3f,data\synthetic\gaming\synthetic_76729e1e4b3f.jpg,0.2059,18.53,False,gaming,synthetic,2026-05-14T05:14:21.542092,wear-out
synthetic_41d05c1c9b5e,data\synthetic\gaming\synthetic_41d05c1c9b5e.jpg,0.0351,3.16,False,gaming,synthetic,2026-05-14T05:13:34.780877,cut-out
synthetic_8170d39a7395,data\synthetic\ecommerce\synthetic_8170d39a7395.jpg,0.1704,15.34,False,ecommerce,synthetic,2026-05-14T05:13:40.900777,wear-out
synthetic_7ed59849a70c,data\synthetic\ecommerce\synthetic_7ed59849a70c.jpg,0.1243,11.19,False,ecommerce,synthetic,2026-05-14T05:50:51.883595,wear-out
synthetic_bd4070ee5bbf,data\synthetic\finance\synthetic_bd4070ee5bbf.jpg,0.0907,8.16,False,finance,synthetic,2026-05-14T05:17:29.365097,wear-out
synthetic_84dd76dcb107,data\synthetic\gaming\synthetic_84dd76dcb107.jpg,0.0622,5.6,False,gaming,synthetic,2026-05-14T05:58:36.458038,cut-out
synthetic_dafcacb41ae3,data\synthetic\finance\synthetic_dafcacb41ae3.jpg,0.0816,7.34,False,finance,synthetic,2026-05-14T05:58:41.430160,wear-out
synthetic_0751e08a9e11,data\synthetic\finance\synthetic_0751e08a9e11.jpg,0.0792,7.13,False,finance,synthetic,2026-05-14T05:46:18.121853,wear-out
synthetic_918b6427cdbc,data\synthetic\ecommerce\synthetic_918b6427cdbc.jpg,0.0867,7.8,False,ecommerce,synthetic,2026-05-14T06:00:15.062834,wear-out
synthetic_e72c833d254a,data\synthetic\finance\synthetic_e72c833d254a.jpg,0.0973,8.76,False,finance,synthetic,2026-05-14T06:00:37.053514,wear-out
synthetic_5c7b3c48feb1,data\synthetic\ecommerce\synthetic_5c7b3c48feb1.jpg,0.0259,2.33,False,ecommerce,synthetic,2026-05-14T05:46:23.806684,cut-out
synthetic_89cb7ee54c3d,data\synthetic\ecommerce\synthetic_89cb7ee54c3d.jpg,0.1358,12.22,False,ecommerce,synthetic,2026-05-14T05:49:49.680476,wear-out
synthetic_37966ef9490f,data\synthetic\finance\synthetic_37966ef9490f.jpg,0.1412,12.71,False,finance,synthetic,2026-05-14T05:45:28.047686,wear-out
synthetic_971df32bfea8,data\synthetic\ecommerce\synthetic_971df32bfea8.jpg,0.0508,4.57,False,ecommerce,synthetic,2026-05-14T05:51:15.084123,cut-out
synthetic_3a6a88c82c17,data\synthetic\ecommerce\synthetic_3a6a88c82c17.jpg,0.1792,16.13,False,ecommerce,synthetic,2026-05-14T05:45:59.338561,wear-out
synthetic_260118e7029a,data\synthetic\ecommerce\synthetic_260118e7029a.jpg,0.1087,9.78,False,ecommerce,synthetic,2026-05-14T05:59:20.992818,wear-out
synthetic_dd59cc0871c8,data\synthetic\finance\synthetic_dd59cc0871c8.jpg,0.1196,10.76,False,finance,synthetic,2026-05-14T05:54:35.853883,wear-out
synthetic_29ca9a1d36c1,data\synthetic\ecommerce\synthetic_29ca9a1d36c1.jpg,0.1066,9.59,False,ecommerce,synthetic,2026-05-14T05:53:33.571717,wear-out
synthetic_c3464a8e4229,data\synthetic\gaming\synthetic_c3464a8e4229.jpg,0.0963,8.67,False,gaming,synthetic,2026-05-14T05:47:09.521232,wear-out
synthetic_a0dbb23d826c,data\synthetic\finance\synthetic_a0dbb23d826c.jpg,0.0819,7.37,False,finance,synthetic,2026-05-14T05:55:44.258108,wear-out
synthetic_4ec37bd776e6,data\synthetic\ecommerce\synthetic_4ec37bd776e6.jpg,0.1682,15.14,False,ecommerce,synthetic,2026-05-14T05:59:10.901751,wear-out
synthetic_a4f7c65d8132,data\synthetic\gaming\synthetic_a4f7c65d8132.jpg,0.0616,5.54,False,gaming,synthetic,2026-05-14T05:17:08.741328,cut-out
synthetic_bac07fd1e637,data\synthetic\finance\synthetic_bac07fd1e637.jpg,0.0724,6.52,False,finance,synthetic,2026-05-14T05:56:45.890629,cut-out
synthetic_efc301daa9be,data\synthetic\ecommerce\synthetic_efc301daa9be.jpg,0.0727,6.54,False,ecommerce,synthetic,2026-05-14T05:12:54.208370,cut-out
synthetic_bc145d53d138,data\synthetic\gaming\synthetic_bc145d53d138.jpg,0.1454,13.09,False,gaming,synthetic,2026-05-14T05:44:41.994263,wear-out
synthetic_3259bf18f4d0,data\synthetic\gaming\synthetic_3259bf18f4d0.jpg,0.1386,12.47,False,gaming,synthetic,2026-05-14T05:54:23.161155,wear-out
synthetic_e1ea65642867,data\synthetic\finance\synthetic_e1ea65642867.jpg,0.146,13.14,False,finance,synthetic,2026-05-14T05:49:42.884214,wear-out
synthetic_565ac079209a,data\synthetic\finance\synthetic_565ac079209a.jpg,0.0841,7.57,False,finance,synthetic,2026-05-14T05:49:47.322449,wear-out
synthetic_70a884aa7b69,data\synthetic\ecommerce\synthetic_70a884aa7b69.jpg,0.0483,4.35,False,ecommerce,synthetic,2026-05-14T05:55:46.558693,cut-out
synthetic_843110465892,data\synthetic\finance\synthetic_843110465892.jpg,0.0711,6.4,False,finance,synthetic,2026-05-14T05:53:39.969405,cut-out
synthetic_86ac663daee8,data\synthetic\ecommerce\synthetic_86ac663daee8.jpg,0.0983,8.85,False,ecommerce,synthetic,2026-05-14T05:17:06.928954,wear-out
synthetic_5c443a86095e,data\synthetic\gaming\synthetic_5c443a86095e.jpg,0.0984,8.86,False,gaming,synthetic,2026-05-14T05:49:54.483068,wear-out
synthetic_e6b322189c8d,data\synthetic\finance\synthetic_e6b322189c8d.jpg,0.0774,6.97,False,finance,synthetic,2026-05-14T05:55:42.254839,cut-out
synthetic_e5ed54f10cd3,data\synthetic\ecommerce\synthetic_e5ed54f10cd3.jpg,0.0699,6.29,False,ecommerce,synthetic,2026-05-14T05:15:28.293274,cut-out
synthetic_b952f7291f50,data\synthetic\finance\synthetic_b952f7291f50.jpg,0.1799,16.19,False,finance,synthetic,2026-05-14T05:45:15.744795,wear-out
synthetic_0692d2cbe0d1,data\synthetic\gaming\synthetic_0692d2cbe0d1.jpg,0.0797,7.17,False,gaming,synthetic,2026-05-14T05:47:06.134178,wear-out
synthetic_64c8738534e8,data\synthetic\ecommerce\synthetic_64c8738534e8.jpg,0.1787,16.08,False,ecommerce,synthetic,2026-05-14T06:01:44.415152,wear-out
synthetic_6e617b878532,data\synthetic\ecommerce\synthetic_6e617b878532.jpg,0.049,4.41,False,ecommerce,synthetic,2026-05-14T05:56:10.545493,cut-out
synthetic_c59ce387b3f3,data\synthetic\finance\synthetic_c59ce387b3f3.jpg,0.0869,7.82,False,finance,synthetic,2026-05-14T05:49:01.346538,wear-out
synthetic_39d409070cb6,data\synthetic\finance\synthetic_39d409070cb6.jpg,0.0738,6.64,False,finance,synthetic,2026-05-14T05:48:26.981403,cut-out
synthetic_c1ad1994b10e,data\synthetic\finance\synthetic_c1ad1994b10e.jpg,0.1203,10.83,False,finance,synthetic,2026-05-14T05:15:28.135179,wear-out
synthetic_3a673182ae7c,data\synthetic\finance\synthetic_3a673182ae7c.jpg,0.1324,11.92,False,finance,synthetic,2026-05-14T05:56:32.190956,wear-out
synthetic_baa0097475cf,data\synthetic\gaming\synthetic_baa0097475cf.jpg,0.0111,1.0,False,gaming,synthetic,2026-05-14T05:55:22.091062,cut-out
synthetic_340273e09aff,data\synthetic\finance\synthetic_340273e09aff.jpg,0.2397,21.57,False,finance,synthetic,2026-05-14T05:12:19.670260,wear-out
synthetic_48a49ca939c6,data\synthetic\finance\synthetic_48a49ca939c6.jpg,0.1184,10.66,False,finance,synthetic,2026-05-14T05:52:32.230776,wear-out
synthetic_08039817715a,data\synthetic\gaming\synthetic_08039817715a.jpg,0.1386,12.47,False,gaming,synthetic,2026-05-14T05:54:04.367801,wear-out
synthetic_02cf1fd94ee4,data\synthetic\finance\synthetic_02cf1fd94ee4.jpg,0.0712,6.41,False,finance,synthetic,2026-05-14T05:16:12.588595,cut-out
synthetic_1ac15084826f,data\synthetic\finance\synthetic_1ac15084826f.jpg,0.0827,7.44,False,finance,synthetic,2026-05-14T05:15:54.636214,wear-out
synthetic_6424068fdf3d,data\synthetic\finance\synthetic_6424068fdf3d.jpg,0.1002,9.02,False,finance,synthetic,2026-05-14T05:52:11.600767,wear-out
synthetic_36470fac1c0c,data\synthetic\gaming\synthetic_36470fac1c0c.jpg,0.0923,8.31,False,gaming,synthetic,2026-05-14T05:54:37.359593,wear-out
synthetic_1e81c9354ca5,data\synthetic\gaming\synthetic_1e81c9354ca5.jpg,0.1716,15.44,False,gaming,synthetic,2026-05-14T05:52:43.229727,wear-out
synthetic_fc7d6c9ace4a,data\synthetic\finance\synthetic_fc7d6c9ace4a.jpg,0.1769,15.92,False,finance,synthetic,2026-05-14T05:46:04.060225,wear-out
synthetic_e7ebc803ab02,data\synthetic\gaming\synthetic_e7ebc803ab02.jpg,0.0938,8.44,False,gaming,synthetic,2026-05-14T05:59:49.032387,wear-out
synthetic_378a47f9fced,data\synthetic\ecommerce\synthetic_378a47f9fced.jpg,0.1256,11.3,False,ecommerce,synthetic,2026-05-14T05:46:35.526055,wear-out
synthetic_b50a4d6214ee,data\synthetic\ecommerce\synthetic_b50a4d6214ee.jpg,0.0756,6.8,False,ecommerce,synthetic,2026-05-14T05:51:11.962969,cut-out
synthetic_9ee04de6902d,data\synthetic\ecommerce\synthetic_9ee04de6902d.jpg,0.1331,11.98,False,ecommerce,synthetic,2026-05-14T05:44:05.470644,wear-out
synthetic_7dcbea45845f,data\synthetic\finance\synthetic_7dcbea45845f.jpg,0.0914,8.23,False,finance,synthetic,2026-05-14T05:15:48.966793,wear-out
synthetic_f612c662ed8a,data\synthetic\gaming\synthetic_f612c662ed8a.jpg,0.1587,14.28,False,gaming,synthetic,2026-05-14T05:45:47.848770,wear-out
synthetic_e575e4c31239,data\synthetic\ecommerce\synthetic_e575e4c31239.jpg,0.1642,14.78,False,ecommerce,synthetic,2026-05-14T05:55:13.739679,wear-out
synthetic_46eab9833cd3,data\synthetic\gaming\synthetic_46eab9833cd3.jpg,0.0609,5.48,False,gaming,synthetic,2026-05-14T05:13:20.896521,cut-out
synthetic_96e871a44463,data\synthetic\gaming\synthetic_96e871a44463.jpg,0.1691,15.22,False,gaming,synthetic,2026-05-14T05:50:48.768646,wear-out
synthetic_145c0e18e581,data\synthetic\ecommerce\synthetic_145c0e18e581.jpg,0.1487,13.38,False,ecommerce,synthetic,2026-05-14T05:46:29.108416,wear-out
synthetic_75d4a68946bc,data\synthetic\gaming\synthetic_75d4a68946bc.jpg,0.1,9.0,False,gaming,synthetic,2026-05-14T05:54:27.639452,wear-out
synthetic_6fd244504d80,data\synthetic\finance\synthetic_6fd244504d80.jpg,0.137,12.33,False,finance,synthetic,2026-05-14T05:50:13.556291,wear-out
synthetic_f740d8642ac8,data\synthetic\ecommerce\synthetic_f740d8642ac8.jpg,0.0679,6.11,False,ecommerce,synthetic,2026-05-14T05:48:16.484217,cut-out
synthetic_61562674eac5,data\synthetic\finance\synthetic_61562674eac5.jpg,0.1094,9.85,False,finance,synthetic,2026-05-14T05:12:26.967209,wear-out
synthetic_edde9d85c921,data\synthetic\gaming\synthetic_edde9d85c921.jpg,0.0607,5.46,False,gaming,synthetic,2026-05-14T05:59:34.568742,cut-out
synthetic_25578eee3e43,data\synthetic\ecommerce\synthetic_25578eee3e43.jpg,0.0766,6.89,False,ecommerce,synthetic,2026-05-14T05:59:40.979217,cut-out
synthetic_e05a5fae8639,data\synthetic\finance\synthetic_e05a5fae8639.jpg,0.0874,7.87,False,finance,synthetic,2026-05-14T05:45:30.347563,wear-out
synthetic_9c7cb7a1c480,data\synthetic\ecommerce\synthetic_9c7cb7a1c480.jpg,0.1841,16.57,False,ecommerce,synthetic,2026-05-14T05:57:40.746632,wear-out
synthetic_f1aff4199c5e,data\synthetic\gaming\synthetic_f1aff4199c5e.jpg,0.1784,16.06,False,gaming,synthetic,2026-05-14T05:58:11.184823,wear-out
synthetic_d8f65cd2145d,data\synthetic\gaming\synthetic_d8f65cd2145d.jpg,0.2591,23.32,False,gaming,synthetic,2026-05-14T05:16:20.280964,wear-out
synthetic_856cbb78dbdc,data\synthetic\ecommerce\synthetic_856cbb78dbdc.jpg,0.1581,14.23,False,ecommerce,synthetic,2026-05-14T05:53:28.888877,wear-out
synthetic_54596785db2b,data\synthetic\ecommerce\synthetic_54596785db2b.jpg,0.1179,10.61,False,ecommerce,synthetic,2026-05-14T05:58:05.532803,wear-out
synthetic_92379d5be9b1,data\synthetic\finance\synthetic_92379d5be9b1.jpg,0.0702,6.32,False,finance,synthetic,2026-05-14T05:48:53.367408,cut-out
synthetic_eef8b502386a,data\synthetic\finance\synthetic_eef8b502386a.jpg,0.1033,9.3,False,finance,synthetic,2026-05-14T05:48:03.771537,wear-out
synthetic_ef626ac0f554,data\synthetic\gaming\synthetic_ef626ac0f554.jpg,0.0404,3.64,False,gaming,synthetic,2026-05-14T05:55:06.830373,cut-out
synthetic_e317f8d50306,data\synthetic\finance\synthetic_e317f8d50306.jpg,0.0172,1.55,False,finance,synthetic,2026-05-14T05:44:47.708788,cut-out
synthetic_96f59cc88a7d,data\synthetic\ecommerce\synthetic_96f59cc88a7d.jpg,0.0361,3.25,False,ecommerce,synthetic,2026-05-14T05:49:48.981607,cut-out
synthetic_5d2bb1812f47,data\synthetic\ecommerce\synthetic_5d2bb1812f47.jpg,0.139,12.51,False,ecommerce,synthetic,2026-05-14T05:15:13.967565,wear-out
synthetic_e7d1a59ad78f,data\synthetic\finance\synthetic_e7d1a59ad78f.jpg,0.0997,8.97,False,finance,synthetic,2026-05-14T05:46:41.355484,wear-out
synthetic_1c3472335768,data\synthetic\finance\synthetic_1c3472335768.jpg,0.1893,17.04,False,finance,synthetic,2026-05-14T05:13:01.677467,wear-out
synthetic_23fc88e81d37,data\synthetic\ecommerce\synthetic_23fc88e81d37.jpg,0.0653,5.88,False,ecommerce,synthetic,2026-05-14T05:47:44.336388,cut-out
synthetic_3d52add564b3,data\synthetic\finance\synthetic_3d52add564b3.jpg,0.1861,16.75,False,finance,synthetic,2026-05-14T06:02:26.892337,wear-out
synthetic_fb6d5919b9ba,data\synthetic\gaming\synthetic_fb6d5919b9ba.jpg,0.1947,17.52,False,gaming,synthetic,2026-05-14T05:56:48.426377,wear-out
synthetic_fcaad6c15bd2,data\synthetic\finance\synthetic_fcaad6c15bd2.jpg,0.1966,17.69,False,finance,synthetic,2026-05-14T06:01:55.207349,wear-out
synthetic_206dc2f4bed2,data\synthetic\ecommerce\synthetic_206dc2f4bed2.jpg,0.1127,10.14,False,ecommerce,synthetic,2026-05-14T05:46:37.123737,wear-out
synthetic_37e9bd564b6c,data\synthetic\ecommerce\synthetic_37e9bd564b6c.jpg,0.1547,13.92,False,ecommerce,synthetic,2026-05-14T05:56:52.879004,wear-out
synthetic_1b869302c56b,data\synthetic\finance\synthetic_1b869302c56b.jpg,0.0876,7.88,False,finance,synthetic,2026-05-14T05:49:13.900842,wear-out
synthetic_8b1bf2c2b138,data\synthetic\ecommerce\synthetic_8b1bf2c2b138.jpg,0.1831,16.48,False,ecommerce,synthetic,2026-05-14T06:00:12.385406,wear-out
synthetic_5f9b42200e3c,data\synthetic\gaming\synthetic_5f9b42200e3c.jpg,0.2234,20.11,False,gaming,synthetic,2026-05-14T05:51:05.238705,wear-out
synthetic_2a12c0121817,data\synthetic\finance\synthetic_2a12c0121817.jpg,0.0702,6.32,False,finance,synthetic,2026-05-14T05:54:36.234154,cut-out
synthetic_d09ea848c66c,data\synthetic\gaming\synthetic_d09ea848c66c.jpg,0.1026,9.23,False,gaming,synthetic,2026-05-14T05:46:19.665298,wear-out
synthetic_48088b86c5df,data\synthetic\finance\synthetic_48088b86c5df.jpg,0.1762,15.86,False,finance,synthetic,2026-05-14T05:49:09.058587,wear-out
synthetic_2bc14552426c,data\synthetic\gaming\synthetic_2bc14552426c.jpg,0.1428,12.85,False,gaming,synthetic,2026-05-14T05:54:15.433483,wear-out
synthetic_a4b58192dbae,data\synthetic\ecommerce\synthetic_a4b58192dbae.jpg,0.1387,12.48,False,ecommerce,synthetic,2026-05-14T06:01:00.185740,wear-out
synthetic_79c1ff141488,data\synthetic\finance\synthetic_79c1ff141488.jpg,0.2368,21.31,False,finance,synthetic,2026-05-14T05:52:23.018614,wear-out
synthetic_22c190d4dd98,data\synthetic\ecommerce\synthetic_22c190d4dd98.jpg,0.1321,11.89,False,ecommerce,synthetic,2026-05-14T05:52:37.551073,wear-out
synthetic_000ae4658197,data\synthetic\ecommerce\synthetic_000ae4658197.jpg,0.0669,6.02,False,ecommerce,synthetic,2026-05-14T05:53:47.901802,cut-out
synthetic_0faee5de7b4e,data\synthetic\finance\synthetic_0faee5de7b4e.jpg,0.1246,11.21,False,finance,synthetic,2026-05-14T06:02:43.699753,wear-out
synthetic_4187e83cdc4d,data\synthetic\ecommerce\synthetic_4187e83cdc4d.jpg,0.0971,8.74,False,ecommerce,synthetic,2026-05-14T05:13:26.676544,wear-out
synthetic_4e85907f68c9,data\synthetic\gaming\synthetic_4e85907f68c9.jpg,0.103,9.27,False,gaming,synthetic,2026-05-14T05:59:11.670683,wear-out
synthetic_1e8439be60cb,data\synthetic\ecommerce\synthetic_1e8439be60cb.jpg,0.0927,8.34,False,ecommerce,synthetic,2026-05-14T06:02:58.573063,wear-out
synthetic_2dc61bc3d3b5,data\synthetic\gaming\synthetic_2dc61bc3d3b5.jpg,0.1581,14.23,False,gaming,synthetic,2026-05-14T05:58:41.031839,wear-out
synthetic_75dab658be76,data\synthetic\gaming\synthetic_75dab658be76.jpg,0.0238,2.14,False,gaming,synthetic,2026-05-14T05:47:08.803416,cut-out
synthetic_35f5689c5715,data\synthetic\finance\synthetic_35f5689c5715.jpg,0.1732,15.59,False,finance,synthetic,2026-05-14T05:55:05.578246,wear-out
synthetic_5b1b4dce3b50,data\synthetic\gaming\synthetic_5b1b4dce3b50.jpg,0.0111,1.0,False,gaming,synthetic,2026-05-14T06:00:45.766851,cut-out
synthetic_bac77de44ace,data\synthetic\finance\synthetic_bac77de44ace.jpg,0.1153,10.38,False,finance,synthetic,2026-05-14T05:54:16.568140,wear-out
synthetic_9c62b7c34702,data\synthetic\gaming\synthetic_9c62b7c34702.jpg,0.0438,3.94,False,gaming,synthetic,2026-05-14T05:50:57.142577,cut-out
synthetic_5cb3e4db79d8,data\synthetic\gaming\synthetic_5cb3e4db79d8.jpg,0.1177,10.59,False,gaming,synthetic,2026-05-14T05:56:36.395538,wear-out
synthetic_a2bdec1995fe,data\synthetic\finance\synthetic_a2bdec1995fe.jpg,0.1644,14.8,False,finance,synthetic,2026-05-14T05:45:51.241965,wear-out
synthetic_1cec77b591e4,data\synthetic\finance\synthetic_1cec77b591e4.jpg,0.1144,10.3,False,finance,synthetic,2026-05-14T05:56:55.743460,wear-out
synthetic_465985ca45f9,data\synthetic\gaming\synthetic_465985ca45f9.jpg,0.107,9.63,False,gaming,synthetic,2026-05-14T05:44:53.347534,wear-out
synthetic_fef9d0a276b7,data\synthetic\gaming\synthetic_fef9d0a276b7.jpg,0.1279,11.51,False,gaming,synthetic,2026-05-14T05:56:46.558793,wear-out
synthetic_f52c3c493140,data\synthetic\finance\synthetic_f52c3c493140.jpg,0.1027,9.24,False,finance,synthetic,2026-05-14T05:50:29.108910,wear-out
synthetic_32686cf63354,data\synthetic\finance\synthetic_32686cf63354.jpg,0.0992,8.93,False,finance,synthetic,2026-05-14T05:55:48.531738,wear-out
synthetic_d2016ec0a2ae,data\synthetic\finance\synthetic_d2016ec0a2ae.jpg,0.0888,7.99,False,finance,synthetic,2026-05-14T05:12:39.816968,wear-out
synthetic_96b7d300d536,data\synthetic\gaming\synthetic_96b7d300d536.jpg,0.1722,15.5,False,gaming,synthetic,2026-05-14T05:48:20.123163,wear-out
synthetic_b1e034732170,data\synthetic\gaming\synthetic_b1e034732170.jpg,0.1793,16.14,False,gaming,synthetic,2026-05-14T05:50:29.077872,wear-out
synthetic_58ea5e58fa28,data\synthetic\gaming\synthetic_58ea5e58fa28.jpg,0.0862,7.76,False,gaming,synthetic,2026-05-14T05:54:30.753496,wear-out
synthetic_dfc636ef60ee,data\synthetic\ecommerce\synthetic_dfc636ef60ee.jpg,0.1183,10.65,False,ecommerce,synthetic,2026-05-14T05:56:43.419141,wear-out
synthetic_72f0022163c1,data\synthetic\ecommerce\synthetic_72f0022163c1.jpg,0.1482,13.34,False,ecommerce,synthetic,2026-05-14T05:48:25.316925,wear-out
synthetic_4cbd6e4361b4,data\synthetic\finance\synthetic_4cbd6e4361b4.jpg,0.0766,6.89,False,finance,synthetic,2026-05-14T06:01:45.252859,cut-out
synthetic_328af2adf6e4,data\synthetic\finance\synthetic_328af2adf6e4.jpg,0.1263,11.37,False,finance,synthetic,2026-05-14T06:01:24.120986,wear-out
synthetic_a98998181fea,data\synthetic\ecommerce\synthetic_a98998181fea.jpg,0.103,9.27,False,ecommerce,synthetic,2026-05-14T05:51:37.255001,wear-out
synthetic_380a99b2bee8,data\synthetic\finance\synthetic_380a99b2bee8.jpg,0.1319,11.87,False,finance,synthetic,2026-05-14T06:01:12.584722,wear-out
synthetic_4693d2507e8c,data\synthetic\finance\synthetic_4693d2507e8c.jpg,0.1507,13.56,False,finance,synthetic,2026-05-14T05:56:47.780594,wear-out
synthetic_fde9581fb8bd,data\synthetic\finance\synthetic_fde9581fb8bd.jpg,0.0903,8.13,False,finance,synthetic,2026-05-14T05:46:34.413059,wear-out
synthetic_578f356a52d6,data\synthetic\finance\synthetic_578f356a52d6.jpg,0.1046,9.41,False,finance,synthetic,2026-05-14T05:47:33.280638,wear-out
synthetic_09a6a8ee97f6,data\synthetic\gaming\synthetic_09a6a8ee97f6.jpg,0.1903,17.13,False,gaming,synthetic,2026-05-14T05:44:31.728806,wear-out
synthetic_018faeb4e95c,data\synthetic\ecommerce\synthetic_018faeb4e95c.jpg,0.1483,13.35,False,ecommerce,synthetic,2026-05-14T05:51:24.862495,wear-out
synthetic_b983db64a2ad,data\synthetic\finance\synthetic_b983db64a2ad.jpg,0.01,0.9,False,finance,synthetic,2026-05-14T05:43:30.424769,cut-out
synthetic_6dfb3ef15dd1,data\synthetic\gaming\synthetic_6dfb3ef15dd1.jpg,0.0718,6.46,False,gaming,synthetic,2026-05-14T05:17:31.723510,cut-out
synthetic_92c02df842a8,data\synthetic\gaming\synthetic_92c02df842a8.jpg,0.0931,8.38,False,gaming,synthetic,2026-05-14T05:42:57.609711,wear-out
synthetic_8f777285a640,data\synthetic\finance\synthetic_8f777285a640.jpg,0.1372,12.35,False,finance,synthetic,2026-05-14T05:58:44.784913,wear-out
synthetic_50ae1b4c0e17,data\synthetic\gaming\synthetic_50ae1b4c0e17.jpg,0.0772,6.95,False,gaming,synthetic,2026-05-14T05:53:12.050178,cut-out
synthetic_814dd45704e7,data\synthetic\gaming\synthetic_814dd45704e7.jpg,0.136,12.24,False,gaming,synthetic,2026-05-14T05:51:21.100384,wear-out
synthetic_8885e676bc17,data\synthetic\finance\synthetic_8885e676bc17.jpg,0.1092,9.83,False,finance,synthetic,2026-05-14T05:46:48.530517,wear-out
synthetic_988b4a420efd,data\synthetic\gaming\synthetic_988b4a420efd.jpg,0.1559,14.03,False,gaming,synthetic,2026-05-14T05:49:40.932254,wear-out
synthetic_33747dd18302,data\synthetic\gaming\synthetic_33747dd18302.jpg,0.0973,8.76,False,gaming,synthetic,2026-05-14T05:52:50.474692,wear-out
synthetic_e9068c7f0818,data\synthetic\gaming\synthetic_e9068c7f0818.jpg,0.1022,9.2,False,gaming,synthetic,2026-05-14T05:46:07.573041,wear-out
synthetic_9e61c0cd62ec,data\synthetic\gaming\synthetic_9e61c0cd62ec.jpg,0.1094,9.85,False,gaming,synthetic,2026-05-14T05:15:19.177632,wear-out
synthetic_5d8d9001d843,data\synthetic\gaming\synthetic_5d8d9001d843.jpg,0.0923,8.31,False,gaming,synthetic,2026-05-14T05:46:58.886215,wear-out
synthetic_bc59efde2573,data\synthetic\gaming\synthetic_bc59efde2573.jpg,0.1509,13.58,False,gaming,synthetic,2026-05-14T05:56:14.350715,wear-out
synthetic_f27d69680bdb,data\synthetic\finance\synthetic_f27d69680bdb.jpg,0.1007,9.06,False,finance,synthetic,2026-05-14T05:55:59.169430,wear-out
synthetic_fba5bee39850,data\synthetic\gaming\synthetic_fba5bee39850.jpg,0.0869,7.82,False,gaming,synthetic,2026-05-14T05:59:13.085023,wear-out
synthetic_6aac9d38fa29,data\synthetic\gaming\synthetic_6aac9d38fa29.jpg,0.1001,9.01,False,gaming,synthetic,2026-05-14T05:48:57.311602,wear-out
synthetic_60b8f8abf91d,data\synthetic\finance\synthetic_60b8f8abf91d.jpg,0.0474,4.27,False,finance,synthetic,2026-05-14T05:15:11.284912,cut-out
synthetic_45550751446a,data\synthetic\finance\synthetic_45550751446a.jpg,0.0892,8.03,False,finance,synthetic,2026-05-14T05:59:28.490514,wear-out
synthetic_8ee1651e8c2f,data\synthetic\finance\synthetic_8ee1651e8c2f.jpg,0.0469,4.22,False,finance,synthetic,2026-05-14T05:16:47.340002,cut-out
synthetic_d2d83770346c,data\synthetic\gaming\synthetic_d2d83770346c.jpg,0.2084,18.76,False,gaming,synthetic,2026-05-14T05:47:10.684822,wear-out
synthetic_d093ccc20082,data\synthetic\gaming\synthetic_d093ccc20082.jpg,0.1738,15.64,False,gaming,synthetic,2026-05-14T05:59:21.311134,wear-out
synthetic_03b6994a046b,data\synthetic\ecommerce\synthetic_03b6994a046b.jpg,0.1474,13.27,False,ecommerce,synthetic,2026-05-14T05:43:14.162906,wear-out
synthetic_bebfced10906,data\synthetic\finance\synthetic_bebfced10906.jpg,0.1901,17.11,False,finance,synthetic,2026-05-14T05:47:07.816452,wear-out
synthetic_4722930b0e80,data\synthetic\finance\synthetic_4722930b0e80.jpg,0.0926,8.33,False,finance,synthetic,2026-05-14T05:45:01.110452,wear-out
synthetic_627f8e12d597,data\synthetic\ecommerce\synthetic_627f8e12d597.jpg,0.1029,9.26,False,ecommerce,synthetic,2026-05-14T05:54:40.610823,wear-out
synthetic_7ae1f587469f,data\synthetic\ecommerce\synthetic_7ae1f587469f.jpg,0.153,13.77,False,ecommerce,synthetic,2026-05-14T05:42:35.852016,wear-out
synthetic_23840a263305,data\synthetic\finance\synthetic_23840a263305.jpg,0.0218,1.96,False,finance,synthetic,2026-05-14T05:51:47.999586,cut-out
synthetic_a58edb60a037,data\synthetic\gaming\synthetic_a58edb60a037.jpg,0.1917,17.25,False,gaming,synthetic,2026-05-14T05:49:41.713567,wear-out
synthetic_31295a94d66a,data\synthetic\gaming\synthetic_31295a94d66a.jpg,0.159,14.31,False,gaming,synthetic,2026-05-14T05:16:01.055820,wear-out
synthetic_cba07c06361c,data\synthetic\ecommerce\synthetic_cba07c06361c.jpg,0.1473,13.26,False,ecommerce,synthetic,2026-05-14T06:02:39.635256,wear-out
synthetic_1d4aa92e1d06,data\synthetic\ecommerce\synthetic_1d4aa92e1d06.jpg,0.0879,7.91,False,ecommerce,synthetic,2026-05-14T05:15:20.135663,wear-out
synthetic_54642586f4d7,data\synthetic\gaming\synthetic_54642586f4d7.jpg,0.151,13.59,False,gaming,synthetic,2026-05-14T05:47:42.890087,wear-out
synthetic_dfb04aacebee,data\synthetic\finance\synthetic_dfb04aacebee.jpg,0.0889,8.0,False,finance,synthetic,2026-05-14T05:17:19.859026,wear-out
synthetic_566e6b43e18d,data\synthetic\finance\synthetic_566e6b43e18d.jpg,0.079,7.11,False,finance,synthetic,2026-05-14T05:17:23.634969,wear-out
synthetic_bada623d3a33,data\synthetic\gaming\synthetic_bada623d3a33.jpg,0.1418,12.76,False,gaming,synthetic,2026-05-14T05:44:19.384929,wear-out
synthetic_cd2ff145c013,data\synthetic\gaming\synthetic_cd2ff145c013.jpg,0.075,6.75,False,gaming,synthetic,2026-05-14T05:54:27.068525,cut-out
synthetic_5b8c1a3393f7,data\synthetic\ecommerce\synthetic_5b8c1a3393f7.jpg,0.1412,12.71,False,ecommerce,synthetic,2026-05-14T06:01:11.200183,wear-out
synthetic_a15211edd16c,data\synthetic\finance\synthetic_a15211edd16c.jpg,0.0892,8.03,False,finance,synthetic,2026-05-14T06:01:50.166780,wear-out
synthetic_37babff38f5e,data\synthetic\finance\synthetic_37babff38f5e.jpg,0.1181,10.63,False,finance,synthetic,2026-05-14T05:53:56.277626,wear-out
synthetic_f063b692e2c1,data\synthetic\gaming\synthetic_f063b692e2c1.jpg,0.225,20.25,False,gaming,synthetic,2026-05-14T05:49:09.638660,wear-out
synthetic_d1173144f06b,data\synthetic\gaming\synthetic_d1173144f06b.jpg,0.0971,8.74,False,gaming,synthetic,2026-05-14T06:02:21.958169,wear-out
synthetic_1bd34e9f8b68,data\synthetic\finance\synthetic_1bd34e9f8b68.jpg,0.1093,9.84,False,finance,synthetic,2026-05-14T05:52:27.721729,wear-out
synthetic_3e0093ff664e,data\synthetic\finance\synthetic_3e0093ff664e.jpg,0.0486,4.37,False,finance,synthetic,2026-05-14T05:50:27.043124,cut-out
synthetic_021d030be933,data\synthetic\ecommerce\synthetic_021d030be933.jpg,0.0289,2.6,False,ecommerce,synthetic,2026-05-14T05:48:01.386288,cut-out
synthetic_fe352e7a90a5,data\synthetic\finance\synthetic_fe352e7a90a5.jpg,0.1624,14.62,False,finance,synthetic,2026-05-14T05:56:10.081903,wear-out
synthetic_ab7170869191,data\synthetic\gaming\synthetic_ab7170869191.jpg,0.1766,15.89,False,gaming,synthetic,2026-05-14T05:47:53.115833,wear-out
synthetic_0a236c895a3b,data\synthetic\gaming\synthetic_0a236c895a3b.jpg,0.2109,18.98,False,gaming,synthetic,2026-05-14T05:55:35.114025,wear-out
synthetic_7a89bfc4320f,data\synthetic\ecommerce\synthetic_7a89bfc4320f.jpg,0.1422,12.8,False,ecommerce,synthetic,2026-05-14T05:45:40.456470,wear-out
synthetic_a1ee5a202187,data\synthetic\ecommerce\synthetic_a1ee5a202187.jpg,0.1862,16.76,False,ecommerce,synthetic,2026-05-14T06:01:22.130267,wear-out
synthetic_79b0e91bfc22,data\synthetic\gaming\synthetic_79b0e91bfc22.jpg,0.0893,8.04,False,gaming,synthetic,2026-05-14T05:12:28.873128,wear-out
synthetic_93a6446d77af,data\synthetic\gaming\synthetic_93a6446d77af.jpg,0.1093,9.84,False,gaming,synthetic,2026-05-14T05:42:59.830167,wear-out
synthetic_433da4355013,data\synthetic\finance\synthetic_433da4355013.jpg,0.1406,12.65,False,finance,synthetic,2026-05-14T06:01:21.059268,wear-out
synthetic_c1409846c9fd,data\synthetic\finance\synthetic_c1409846c9fd.jpg,0.0369,3.32,False,finance,synthetic,2026-05-14T05:46:27.639276,cut-out
synthetic_350c21c989cc,data\synthetic\finance\synthetic_350c21c989cc.jpg,0.0876,7.88,False,finance,synthetic,2026-05-14T06:02:54.480961,wear-out
synthetic_c16772ba2a13,data\synthetic\ecommerce\synthetic_c16772ba2a13.jpg,0.1119,10.07,False,ecommerce,synthetic,2026-05-14T05:43:24.415909,wear-out
synthetic_b17c4801d51a,data\synthetic\ecommerce\synthetic_b17c4801d51a.jpg,0.0731,6.58,False,ecommerce,synthetic,2026-05-14T05:43:12.447087,cut-out
synthetic_5737e0f86ae3,data\synthetic\ecommerce\synthetic_5737e0f86ae3.jpg,0.0906,8.15,False,ecommerce,synthetic,2026-05-14T05:53:34.671527,wear-out
synthetic_6d059a635161,data\synthetic\gaming\synthetic_6d059a635161.jpg,0.1018,9.16,False,gaming,synthetic,2026-05-14T05:17:30.661988,wear-out
synthetic_6786e03fb640,data\synthetic\ecommerce\synthetic_6786e03fb640.jpg,0.1909,17.18,False,ecommerce,synthetic,2026-05-14T05:52:01.545661,wear-out
synthetic_42dfa929b984,data\synthetic\finance\synthetic_42dfa929b984.jpg,0.1159,10.43,False,finance,synthetic,2026-05-14T05:52:21.921408,wear-out
synthetic_fc868dee57cd,data\synthetic\ecommerce\synthetic_fc868dee57cd.jpg,0.1926,17.33,False,ecommerce,synthetic,2026-05-14T05:59:21.737801,wear-out
synthetic_b493b771efa8,data\synthetic\ecommerce\synthetic_b493b771efa8.jpg,0.1906,17.15,False,ecommerce,synthetic,2026-05-14T05:59:59.524414,wear-out
synthetic_ade2b05752ef,data\synthetic\ecommerce\synthetic_ade2b05752ef.jpg,0.142,12.78,False,ecommerce,synthetic,2026-05-14T06:02:05.179442,wear-out
synthetic_451188d1fd9d,data\synthetic\finance\synthetic_451188d1fd9d.jpg,0.1391,12.52,False,finance,synthetic,2026-05-14T05:56:22.018754,wear-out
synthetic_a4faaac522c3,data\synthetic\finance\synthetic_a4faaac522c3.jpg,0.1509,13.58,False,finance,synthetic,2026-05-14T05:55:14.323956,wear-out
synthetic_7193b2224c5d,data\synthetic\finance\synthetic_7193b2224c5d.jpg,0.0833,7.5,False,finance,synthetic,2026-05-14T05:49:08.412787,wear-out
synthetic_df9cebc915ee,data\synthetic\finance\synthetic_df9cebc915ee.jpg,0.0554,4.99,False,finance,synthetic,2026-05-14T05:15:17.462017,cut-out
synthetic_9c46f1d9dc2d,data\synthetic\finance\synthetic_9c46f1d9dc2d.jpg,0.1111,10.0,False,finance,synthetic,2026-05-14T05:55:00.863636,wear-out
synthetic_c0040e2efb40,data\synthetic\gaming\synthetic_c0040e2efb40.jpg,0.0919,8.27,False,gaming,synthetic,2026-05-14T05:53:34.713521,wear-out
synthetic_677d1e89bb7f,data\synthetic\finance\synthetic_677d1e89bb7f.jpg,0.1499,13.49,False,finance,synthetic,2026-05-14T05:12:28.061742,wear-out
synthetic_65340d26f998,data\synthetic\finance\synthetic_65340d26f998.jpg,0.1786,16.07,False,finance,synthetic,2026-05-14T05:58:19.135648,wear-out
synthetic_d3ddfb7788fe,data\synthetic\gaming\synthetic_d3ddfb7788fe.jpg,0.0631,5.68,False,gaming,synthetic,2026-05-14T05:16:44.747057,cut-out
synthetic_6c99dfff7099,data\synthetic\gaming\synthetic_6c99dfff7099.jpg,0.0928,8.35,False,gaming,synthetic,2026-05-14T06:00:42.803938,wear-out
synthetic_d46f1bc2c606,data\synthetic\gaming\synthetic_d46f1bc2c606.jpg,0.0762,6.86,False,gaming,synthetic,2026-05-14T05:13:25.202892,cut-out
synthetic_a5d4d7f65208,data\synthetic\finance\synthetic_a5d4d7f65208.jpg,0.0901,8.11,False,finance,synthetic,2026-05-14T05:42:44.528522,wear-out
synthetic_a5c457dc1cd9,data\synthetic\finance\synthetic_a5c457dc1cd9.jpg,0.0721,6.49,False,finance,synthetic,2026-05-14T05:49:22.021215,cut-out
synthetic_9a4232ebd81f,data\synthetic\finance\synthetic_9a4232ebd81f.jpg,0.0717,6.45,False,finance,synthetic,2026-05-14T05:46:19.141719,cut-out
synthetic_8ebda8f28d79,data\synthetic\gaming\synthetic_8ebda8f28d79.jpg,0.091,8.19,False,gaming,synthetic,2026-05-14T05:53:17.961338,wear-out
synthetic_df523f6a0ff4,data\synthetic\gaming\synthetic_df523f6a0ff4.jpg,0.1669,15.02,False,gaming,synthetic,2026-05-14T05:54:08.136217,wear-out
synthetic_892403cc54cd,data\synthetic\ecommerce\synthetic_892403cc54cd.jpg,0.1113,10.02,False,ecommerce,synthetic,2026-05-14T05:53:51.990517,wear-out
synthetic_f5bd185dc7f0,data\synthetic\finance\synthetic_f5bd185dc7f0.jpg,0.1301,11.71,False,finance,synthetic,2026-05-14T05:48:27.352889,wear-out
synthetic_977596b471cb,data\synthetic\ecommerce\synthetic_977596b471cb.jpg,0.2518,22.66,False,ecommerce,synthetic,2026-05-14T05:57:02.316294,wear-out
synthetic_3eb0952fb955,data\synthetic\finance\synthetic_3eb0952fb955.jpg,0.2144,19.3,False,finance,synthetic,2026-05-14T05:55:50.319687,wear-out
synthetic_cccf62872a29,data\synthetic\finance\synthetic_cccf62872a29.jpg,0.1197,10.77,False,finance,synthetic,2026-05-14T05:43:56.040064,wear-out
synthetic_dfe1b9d8efb4,data\synthetic\ecommerce\synthetic_dfe1b9d8efb4.jpg,0.139,12.51,False,ecommerce,synthetic,2026-05-14T05:53:16.119142,wear-out
synthetic_dba2fee0ffdb,data\synthetic\finance\synthetic_dba2fee0ffdb.jpg,0.0859,7.73,False,finance,synthetic,2026-05-14T06:00:04.839214,wear-out
synthetic_449a5fdce932,data\synthetic\ecommerce\synthetic_449a5fdce932.jpg,0.0971,8.74,False,ecommerce,synthetic,2026-05-14T05:13:19.862352,wear-out
synthetic_c99fe5d731d6,data\synthetic\finance\synthetic_c99fe5d731d6.jpg,0.1406,12.65,False,finance,synthetic,2026-05-14T05:50:10.282468,wear-out
synthetic_084942101074,data\synthetic\gaming\synthetic_084942101074.jpg,0.1807,16.26,False,gaming,synthetic,2026-05-14T05:53:18.656888,wear-out
synthetic_93ee605c6baa,data\synthetic\finance\synthetic_93ee605c6baa.jpg,0.0987,8.88,False,finance,synthetic,2026-05-14T05:52:20.445726,wear-out
synthetic_9cb7c4b1ba2d,data\synthetic\gaming\synthetic_9cb7c4b1ba2d.jpg,0.0853,7.68,False,gaming,synthetic,2026-05-14T05:58:02.084867,wear-out
synthetic_a3fd002502ad,data\synthetic\finance\synthetic_a3fd002502ad.jpg,0.078,7.02,False,finance,synthetic,2026-05-14T05:58:19.073645,wear-out
synthetic_0ee34e9d6bf0,data\synthetic\ecommerce\synthetic_0ee34e9d6bf0.jpg,0.0812,7.31,False,ecommerce,synthetic,2026-05-14T05:47:59.146009,wear-out
synthetic_9b17a0bcde82,data\synthetic\finance\synthetic_9b17a0bcde82.jpg,0.0951,8.56,False,finance,synthetic,2026-05-14T05:55:21.436214,wear-out
synthetic_b6a7c8f3cf22,data\synthetic\gaming\synthetic_b6a7c8f3cf22.jpg,0.1198,10.78,False,gaming,synthetic,2026-05-14T05:53:12.212773,wear-out
synthetic_3e8cc2674e30,data\synthetic\ecommerce\synthetic_3e8cc2674e30.jpg,0.2727,24.54,False,ecommerce,synthetic,2026-05-14T06:02:20.535761,wear-out
synthetic_deb70a7a9978,data\synthetic\finance\synthetic_deb70a7a9978.jpg,0.1638,14.74,False,finance,synthetic,2026-05-14T05:57:38.903403,wear-out
synthetic_5aa9b8337839,data\synthetic\finance\synthetic_5aa9b8337839.jpg,0.0802,7.22,False,finance,synthetic,2026-05-14T05:15:16.615740,wear-out
synthetic_5ece1295ef31,data\synthetic\finance\synthetic_5ece1295ef31.jpg,0.1186,10.67,False,finance,synthetic,2026-05-14T05:12:01.340598,wear-out
synthetic_06e9d91af91b,data\synthetic\gaming\synthetic_06e9d91af91b.jpg,0.0757,6.81,False,gaming,synthetic,2026-05-14T05:52:42.196326,cut-out
synthetic_df2c953d6aa5,data\synthetic\gaming\synthetic_df2c953d6aa5.jpg,0.208,18.72,False,gaming,synthetic,2026-05-14T05:54:14.118400,wear-out
synthetic_4595ac2c160b,data\synthetic\finance\synthetic_4595ac2c160b.jpg,0.0259,2.33,False,finance,synthetic,2026-05-14T06:02:14.275278,cut-out
synthetic_b12767ef0c01,data\synthetic\gaming\synthetic_b12767ef0c01.jpg,0.1364,12.28,False,gaming,synthetic,2026-05-14T05:48:45.876080,wear-out
synthetic_6b9fb8aa43db,data\synthetic\gaming\synthetic_6b9fb8aa43db.jpg,0.1148,10.33,False,gaming,synthetic,2026-05-14T05:43:47.016563,wear-out
synthetic_9eac699c9cd0,data\synthetic\gaming\synthetic_9eac699c9cd0.jpg,0.1241,11.17,False,gaming,synthetic,2026-05-14T05:51:09.129608,wear-out
synthetic_2ccc13b5a82d,data\synthetic\gaming\synthetic_2ccc13b5a82d.jpg,0.132,11.88,False,gaming,synthetic,2026-05-14T05:55:41.666475,wear-out
synthetic_f84b238ea7f9,data\synthetic\gaming\synthetic_f84b238ea7f9.jpg,0.2307,20.76,False,gaming,synthetic,2026-05-14T05:55:21.757342,wear-out
synthetic_a60e0a041948,data\synthetic\finance\synthetic_a60e0a041948.jpg,0.1222,11.0,False,finance,synthetic,2026-05-14T05:57:25.179402,wear-out
synthetic_ae6e6b6aa6ce,data\synthetic\finance\synthetic_ae6e6b6aa6ce.jpg,0.0382,3.44,False,finance,synthetic,2026-05-14T05:55:12.383872,cut-out
synthetic_126d7ff319a4,data\synthetic\ecommerce\synthetic_126d7ff319a4.jpg,0.1789,16.1,False,ecommerce,synthetic,2026-05-14T05:50:49.702459,wear-out
synthetic_6740c2c9d0ef,data\synthetic\finance\synthetic_6740c2c9d0ef.jpg,0.1888,16.99,False,finance,synthetic,2026-05-14T05:14:49.424507,wear-out
synthetic_6572ffd2a55f,data\synthetic\finance\synthetic_6572ffd2a55f.jpg,0.1802,16.22,False,finance,synthetic,2026-05-14T05:55:06.587276,wear-out
synthetic_07994c7bcf4a,data\synthetic\ecommerce\synthetic_07994c7bcf4a.jpg,0.1706,15.35,False,ecommerce,synthetic,2026-05-14T05:48:20.822900,wear-out
synthetic_874dffafc032,data\synthetic\gaming\synthetic_874dffafc032.jpg,0.1331,11.98,False,gaming,synthetic,2026-05-14T05:55:21.692341,wear-out
synthetic_ad6f0d592861,data\synthetic\ecommerce\synthetic_ad6f0d592861.jpg,0.1302,11.72,False,ecommerce,synthetic,2026-05-14T05:45:53.573970,wear-out
synthetic_015b745a5f6a,data\synthetic\gaming\synthetic_015b745a5f6a.jpg,0.1118,10.06,False,gaming,synthetic,2026-05-14T05:44:25.353746,wear-out
synthetic_2e763c32c9ac,data\synthetic\ecommerce\synthetic_2e763c32c9ac.jpg,0.1239,11.15,False,ecommerce,synthetic,2026-05-14T06:00:25.358922,wear-out
synthetic_cc7e2ae861c8,data\synthetic\gaming\synthetic_cc7e2ae861c8.jpg,0.2204,19.84,False,gaming,synthetic,2026-05-14T05:15:33.510258,wear-out
synthetic_604bfde8d8c3,data\synthetic\gaming\synthetic_604bfde8d8c3.jpg,0.0111,1.0,False,gaming,synthetic,2026-05-14T05:55:44.315628,cut-out
synthetic_058da3f378f5,data\synthetic\finance\synthetic_058da3f378f5.jpg,0.0788,7.09,False,finance,synthetic,2026-05-14T05:12:34.619049,wear-out
synthetic_f4e72d0e4f80,data\synthetic\finance\synthetic_f4e72d0e4f80.jpg,0.1232,11.09,False,finance,synthetic,2026-05-14T05:44:10.698206,wear-out
synthetic_c6a0a8a583e2,data\synthetic\finance\synthetic_c6a0a8a583e2.jpg,0.0431,3.88,False,finance,synthetic,2026-05-14T05:55:23.635129,cut-out
synthetic_ae9bff1aa88b,data\synthetic\gaming\synthetic_ae9bff1aa88b.jpg,0.0148,1.33,False,gaming,synthetic,2026-05-14T05:12:28.776051,cut-out
synthetic_e6a1299fd0df,data\synthetic\finance\synthetic_e6a1299fd0df.jpg,0.0746,6.71,False,finance,synthetic,2026-05-14T05:15:48.798257,cut-out
synthetic_15895fe457a9,data\synthetic\finance\synthetic_15895fe457a9.jpg,0.2191,19.72,False,finance,synthetic,2026-05-14T05:47:57.465877,wear-out
synthetic_995136a0c3b2,data\synthetic\finance\synthetic_995136a0c3b2.jpg,0.0749,6.74,False,finance,synthetic,2026-05-14T06:00:59.018156,cut-out
synthetic_7670d8834d8e,data\synthetic\ecommerce\synthetic_7670d8834d8e.jpg,0.1234,11.11,False,ecommerce,synthetic,2026-05-14T05:56:08.973034,wear-out
synthetic_dbe63d80fb95,data\synthetic\gaming\synthetic_dbe63d80fb95.jpg,0.2333,21.0,False,gaming,synthetic,2026-05-14T05:14:49.693599,wear-out
synthetic_78b0e7c366d2,data\synthetic\ecommerce\synthetic_78b0e7c366d2.jpg,0.0552,4.97,False,ecommerce,synthetic,2026-05-14T05:53:53.755638,cut-out
synthetic_245b70d42470,data\synthetic\gaming\synthetic_245b70d42470.jpg,0.0731,6.58,False,gaming,synthetic,2026-05-14T05:56:31.066883,cut-out
synthetic_a4dfbab02dce,data\synthetic\ecommerce\synthetic_a4dfbab02dce.jpg,0.1248,11.23,False,ecommerce,synthetic,2026-05-14T05:44:02.742670,wear-out
synthetic_cef04b17d91e,data\synthetic\gaming\synthetic_cef04b17d91e.jpg,0.1294,11.65,False,gaming,synthetic,2026-05-14T06:01:28.200292,wear-out
synthetic_108375bbf1cf,data\synthetic\finance\synthetic_108375bbf1cf.jpg,0.0654,5.89,False,finance,synthetic,2026-05-14T05:48:37.022613,cut-out
synthetic_00d8524cd528,data\synthetic\ecommerce\synthetic_00d8524cd528.jpg,0.1449,13.04,False,ecommerce,synthetic,2026-05-14T05:53:33.906593,wear-out
synthetic_b3118c5200cc,data\synthetic\finance\synthetic_b3118c5200cc.jpg,0.0588,5.29,False,finance,synthetic,2026-05-14T05:44:34.281403,cut-out
synthetic_3de728769512,data\synthetic\finance\synthetic_3de728769512.jpg,0.1144,10.3,False,finance,synthetic,2026-05-14T05:56:36.972501,wear-out
synthetic_27813eb41417,data\synthetic\ecommerce\synthetic_27813eb41417.jpg,0.107,9.63,False,ecommerce,synthetic,2026-05-14T05:52:02.344479,wear-out
synthetic_2defb04be855,data\synthetic\ecommerce\synthetic_2defb04be855.jpg,0.2049,18.44,False,ecommerce,synthetic,2026-05-14T05:17:11.179017,wear-out
synthetic_d3848dcf70e1,data\synthetic\finance\synthetic_d3848dcf70e1.jpg,0.0239,2.15,False,finance,synthetic,2026-05-14T05:53:31.138699,cut-out
synthetic_3d488f4141b6,data\synthetic\ecommerce\synthetic_3d488f4141b6.jpg,0.1549,13.94,False,ecommerce,synthetic,2026-05-14T06:02:22.721196,wear-out
synthetic_4d9665a33b73,data\synthetic\ecommerce\synthetic_4d9665a33b73.jpg,0.1962,17.66,False,ecommerce,synthetic,2026-05-14T05:49:28.702336,wear-out
synthetic_2d8257d7fdeb,data\synthetic\finance\synthetic_2d8257d7fdeb.jpg,0.17,15.3,False,finance,synthetic,2026-05-14T05:51:14.048041,wear-out
synthetic_e18fb8eb18c4,data\synthetic\gaming\synthetic_e18fb8eb18c4.jpg,0.1478,13.3,False,gaming,synthetic,2026-05-14T05:48:13.787966,wear-out
synthetic_288c2b5deac6,data\synthetic\ecommerce\synthetic_288c2b5deac6.jpg,0.1704,15.34,False,ecommerce,synthetic,2026-05-14T06:02:34.679680,wear-out
synthetic_98dd9ba16d0e,data\synthetic\gaming\synthetic_98dd9ba16d0e.jpg,0.1192,10.73,False,gaming,synthetic,2026-05-14T05:47:51.742639,wear-out
synthetic_8a9590e953df,data\synthetic\ecommerce\synthetic_8a9590e953df.jpg,0.1548,13.93,False,ecommerce,synthetic,2026-05-14T05:55:40.453578,wear-out
synthetic_d0caba145810,data\synthetic\finance\synthetic_d0caba145810.jpg,0.0971,8.74,False,finance,synthetic,2026-05-14T05:44:13.680770,wear-out
synthetic_abb7c01cb1e7,data\synthetic\gaming\synthetic_abb7c01cb1e7.jpg,0.1309,11.78,False,gaming,synthetic,2026-05-14T06:01:12.213628,wear-out
synthetic_fd6fee7e8936,data\synthetic\gaming\synthetic_fd6fee7e8936.jpg,0.0478,4.3,False,gaming,synthetic,2026-05-14T05:47:25.126031,cut-out
synthetic_43217c8f2df7,data\synthetic\finance\synthetic_43217c8f2df7.jpg,0.1042,9.38,False,finance,synthetic,2026-05-14T06:02:20.193422,wear-out
synthetic_a58815928b26,data\synthetic\gaming\synthetic_a58815928b26.jpg,0.1244,11.2,False,gaming,synthetic,2026-05-14T05:13:59.578522,wear-out
synthetic_3305a7394c8a,data\synthetic\finance\synthetic_3305a7394c8a.jpg,0.1234,11.11,False,finance,synthetic,2026-05-14T05:51:34.398744,wear-out
synthetic_0955b2e9b734,data\synthetic\finance\synthetic_0955b2e9b734.jpg,0.1572,14.15,False,finance,synthetic,2026-05-14T05:46:48.930210,wear-out
synthetic_b5aeaefa5add,data\synthetic\ecommerce\synthetic_b5aeaefa5add.jpg,0.2403,21.63,False,ecommerce,synthetic,2026-05-14T05:43:18.432985,wear-out
synthetic_1bee00059e10,data\synthetic\finance\synthetic_1bee00059e10.jpg,0.0689,6.2,False,finance,synthetic,2026-05-14T05:48:36.901960,cut-out
synthetic_7929d166c6e4,data\synthetic\ecommerce\synthetic_7929d166c6e4.jpg,0.1151,10.36,False,ecommerce,synthetic,2026-05-14T05:52:27.265605,wear-out
synthetic_d1c61aa0944b,data\synthetic\ecommerce\synthetic_d1c61aa0944b.jpg,0.1193,10.74,False,ecommerce,synthetic,2026-05-14T05:44:17.666320,wear-out
synthetic_61c98ca748c5,data\synthetic\gaming\synthetic_61c98ca748c5.jpg,0.1336,12.02,False,gaming,synthetic,2026-05-14T06:02:24.396989,wear-out
synthetic_3b219c6c9752,data\synthetic\ecommerce\synthetic_3b219c6c9752.jpg,0.0953,8.58,False,ecommerce,synthetic,2026-05-14T05:47:19.187769,wear-out
synthetic_337de67d3bec,data\synthetic\gaming\synthetic_337de67d3bec.jpg,0.1722,15.5,False,gaming,synthetic,2026-05-14T05:44:42.781044,wear-out
synthetic_01bdf0559238,data\synthetic\ecommerce\synthetic_01bdf0559238.jpg,0.1628,14.65,False,ecommerce,synthetic,2026-05-14T05:17:16.581356,wear-out
synthetic_0ebd77312d4a,data\synthetic\finance\synthetic_0ebd77312d4a.jpg,0.0953,8.58,False,finance,synthetic,2026-05-14T05:52:24.700351,wear-out
synthetic_7055420c439b,data\synthetic\finance\synthetic_7055420c439b.jpg,0.0412,3.71,False,finance,synthetic,2026-05-14T05:11:54.953559,cut-out
synthetic_7bf5543f983a,data\synthetic\gaming\synthetic_7bf5543f983a.jpg,0.0768,6.91,False,gaming,synthetic,2026-05-14T05:59:05.904049,cut-out
synthetic_f44d55672f65,data\synthetic\gaming\synthetic_f44d55672f65.jpg,0.2054,18.49,False,gaming,synthetic,2026-05-14T06:01:07.400613,wear-out
synthetic_a3760a50a237,data\synthetic\finance\synthetic_a3760a50a237.jpg,0.1279,11.51,False,finance,synthetic,2026-05-14T05:51:15.161779,wear-out
synthetic_0e2e2100f8cd,data\synthetic\gaming\synthetic_0e2e2100f8cd.jpg,0.1893,17.04,False,gaming,synthetic,2026-05-14T05:47:42.462046,wear-out
synthetic_7b3780e6cba7,data\synthetic\finance\synthetic_7b3780e6cba7.jpg,0.1232,11.09,False,finance,synthetic,2026-05-14T05:12:07.359106,wear-out
synthetic_b9e54825f1ab,data\synthetic\ecommerce\synthetic_b9e54825f1ab.jpg,0.1662,14.96,False,ecommerce,synthetic,2026-05-14T06:01:51.940436,wear-out
synthetic_9267ad1f97e6,data\synthetic\finance\synthetic_9267ad1f97e6.jpg,0.2197,19.77,False,finance,synthetic,2026-05-14T06:02:09.462215,wear-out
synthetic_330b62117b27,data\synthetic\gaming\synthetic_330b62117b27.jpg,0.1301,11.71,False,gaming,synthetic,2026-05-14T05:59:00.808860,wear-out
synthetic_b1d6f804cc73,data\synthetic\ecommerce\synthetic_b1d6f804cc73.jpg,0.0934,8.41,False,ecommerce,synthetic,2026-05-14T05:13:07.646834,wear-out
synthetic_0ceb8e7c23ad,data\synthetic\ecommerce\synthetic_0ceb8e7c23ad.jpg,0.1036,9.32,False,ecommerce,synthetic,2026-05-14T05:55:13.563480,wear-out
synthetic_eae22629e28a,data\synthetic\ecommerce\synthetic_eae22629e28a.jpg,0.0988,8.89,False,ecommerce,synthetic,2026-05-14T05:57:20.953701,wear-out
synthetic_d7d948f3354c,data\synthetic\finance\synthetic_d7d948f3354c.jpg,0.0883,7.95,False,finance,synthetic,2026-05-14T05:12:59.566627,wear-out
synthetic_4ecbb73a54db,data\synthetic\gaming\synthetic_4ecbb73a54db.jpg,0.0562,5.06,False,gaming,synthetic,2026-05-14T05:46:20.706595,cut-out
synthetic_ff7087184cac,data\synthetic\ecommerce\synthetic_ff7087184cac.jpg,0.2214,19.93,False,ecommerce,synthetic,2026-05-14T05:16:42.743007,wear-out
synthetic_41b5b1075e25,data\synthetic\finance\synthetic_41b5b1075e25.jpg,0.1023,9.21,False,finance,synthetic,2026-05-14T05:44:00.421796,wear-out
synthetic_8da535e84921,data\synthetic\gaming\synthetic_8da535e84921.jpg,0.1147,10.32,False,gaming,synthetic,2026-05-14T06:00:12.412201,wear-out
synthetic_1ee5c33bc752,data\synthetic\ecommerce\synthetic_1ee5c33bc752.jpg,0.1562,14.06,False,ecommerce,synthetic,2026-05-14T05:15:45.905556,wear-out
synthetic_4da07e0c188c,data\synthetic\finance\synthetic_4da07e0c188c.jpg,0.1771,15.94,False,finance,synthetic,2026-05-14T05:45:47.411948,wear-out
synthetic_b0fa51246b0d,data\synthetic\ecommerce\synthetic_b0fa51246b0d.jpg,0.061,5.49,False,ecommerce,synthetic,2026-05-14T05:46:27.548104,cut-out
synthetic_4a13730b3508,data\synthetic\ecommerce\synthetic_4a13730b3508.jpg,0.1342,12.08,False,ecommerce,synthetic,2026-05-14T05:43:42.030674,wear-out
synthetic_d2c77a2fc7b5,data\synthetic\ecommerce\synthetic_d2c77a2fc7b5.jpg,0.1447,13.02,False,ecommerce,synthetic,2026-05-14T05:14:22.897072,wear-out
synthetic_a8fbe911d917,data\synthetic\gaming\synthetic_a8fbe911d917.jpg,0.18,16.2,False,gaming,synthetic,2026-05-14T05:58:24.029693,wear-out
synthetic_8cdaecd0dc23,data\synthetic\gaming\synthetic_8cdaecd0dc23.jpg,0.2233,20.1,False,gaming,synthetic,2026-05-14T05:45:11.828576,wear-out
synthetic_ce18a7d2a2b1,data\synthetic\ecommerce\synthetic_ce18a7d2a2b1.jpg,0.1268,11.41,False,ecommerce,synthetic,2026-05-14T06:01:35.543593,wear-out
synthetic_d7c41d1578c1,data\synthetic\ecommerce\synthetic_d7c41d1578c1.jpg,0.1697,15.27,False,ecommerce,synthetic,2026-05-14T05:51:16.700408,wear-out
synthetic_82800d65810e,data\synthetic\ecommerce\synthetic_82800d65810e.jpg,0.1828,16.45,False,ecommerce,synthetic,2026-05-14T05:52:37.525073,wear-out
synthetic_375cd81fecdb,data\synthetic\gaming\synthetic_375cd81fecdb.jpg,0.1064,9.58,False,gaming,synthetic,2026-05-14T06:00:29.678835,wear-out
synthetic_f8c2ab5e2a1b,data\synthetic\gaming\synthetic_f8c2ab5e2a1b.jpg,0.1791,16.12,False,gaming,synthetic,2026-05-14T05:56:07.591646,wear-out
synthetic_44e4e11e1eac,data\synthetic\finance\synthetic_44e4e11e1eac.jpg,0.0756,6.8,False,finance,synthetic,2026-05-14T06:02:56.823455,cut-out
synthetic_aeb3c8395ba6,data\synthetic\finance\synthetic_aeb3c8395ba6.jpg,0.1674,15.07,False,finance,synthetic,2026-05-14T05:52:51.345530,wear-out
synthetic_04bdfa63f69b,data\synthetic\finance\synthetic_04bdfa63f69b.jpg,0.0866,7.79,False,finance,synthetic,2026-05-14T05:42:35.551684,wear-out
synthetic_0aa7f08ef407,data\synthetic\finance\synthetic_0aa7f08ef407.jpg,0.1002,9.02,False,finance,synthetic,2026-05-14T05:48:05.758072,wear-out
synthetic_cdee29019342,data\synthetic\gaming\synthetic_cdee29019342.jpg,0.1388,12.49,False,gaming,synthetic,2026-05-14T05:58:05.820291,wear-out
synthetic_97960944710d,data\synthetic\ecommerce\synthetic_97960944710d.jpg,0.1184,10.66,False,ecommerce,synthetic,2026-05-14T05:47:03.752680,wear-out
synthetic_7ffb55c0650a,data\synthetic\gaming\synthetic_7ffb55c0650a.jpg,0.1684,15.16,False,gaming,synthetic,2026-05-14T05:12:21.036725,wear-out
synthetic_b1b1420268e6,data\synthetic\ecommerce\synthetic_b1b1420268e6.jpg,0.1023,9.21,False,ecommerce,synthetic,2026-05-14T05:55:53.755145,wear-out
synthetic_c38902691399,data\synthetic\finance\synthetic_c38902691399.jpg,0.1499,13.49,False,finance,synthetic,2026-05-14T05:43:18.778392,wear-out
synthetic_8c5564db0b26,data\synthetic\ecommerce\synthetic_8c5564db0b26.jpg,0.1566,14.09,False,ecommerce,synthetic,2026-05-14T06:02:31.166617,wear-out
synthetic_fa13eb4ac6c2,data\synthetic\finance\synthetic_fa13eb4ac6c2.jpg,0.1047,9.42,False,finance,synthetic,2026-05-14T05:59:32.122893,wear-out
synthetic_18304adae489,data\synthetic\ecommerce\synthetic_18304adae489.jpg,0.0966,8.69,False,ecommerce,synthetic,2026-05-14T05:47:13.628023,wear-out
synthetic_bbce603bae14,data\synthetic\finance\synthetic_bbce603bae14.jpg,0.1516,13.64,False,finance,synthetic,2026-05-14T05:48:33.259787,wear-out
synthetic_f1e245356f99,data\synthetic\gaming\synthetic_f1e245356f99.jpg,0.0607,5.46,False,gaming,synthetic,2026-05-14T05:54:00.584070,cut-out
synthetic_0b661229c09c,data\synthetic\gaming\synthetic_0b661229c09c.jpg,0.1932,17.39,False,gaming,synthetic,2026-05-14T06:01:53.858431,wear-out
synthetic_a52e3d588db7,data\synthetic\gaming\synthetic_a52e3d588db7.jpg,0.1958,17.62,False,gaming,synthetic,2026-05-14T05:56:46.585314,wear-out
synthetic_e2ec95ad2752,data\synthetic\ecommerce\synthetic_e2ec95ad2752.jpg,0.0807,7.26,False,ecommerce,synthetic,2026-05-14T05:55:55.799172,wear-out
synthetic_7a725d927a70,data\synthetic\ecommerce\synthetic_7a725d927a70.jpg,0.1358,12.22,False,ecommerce,synthetic,2026-05-14T05:45:37.945741,wear-out
synthetic_ccf22f5d531d,data\synthetic\gaming\synthetic_ccf22f5d531d.jpg,0.0547,4.92,False,gaming,synthetic,2026-05-14T05:16:26.521198,cut-out
synthetic_3f9bce866e93,data\synthetic\gaming\synthetic_3f9bce866e93.jpg,0.1106,9.95,False,gaming,synthetic,2026-05-14T06:00:36.346275,wear-out
synthetic_ec5738622d3a,data\synthetic\ecommerce\synthetic_ec5738622d3a.jpg,0.167,15.03,False,ecommerce,synthetic,2026-05-14T05:14:21.378512,wear-out
synthetic_397f6d09211b,data\synthetic\finance\synthetic_397f6d09211b.jpg,0.1658,14.92,False,finance,synthetic,2026-05-14T05:50:18.626807,wear-out
synthetic_0dcd9a13aae1,data\synthetic\finance\synthetic_0dcd9a13aae1.jpg,0.0979,8.81,False,finance,synthetic,2026-05-14T05:42:46.031907,wear-out
synthetic_fd9e76ae03e6,data\synthetic\finance\synthetic_fd9e76ae03e6.jpg,0.1084,9.76,False,finance,synthetic,2026-05-14T05:45:32.952815,wear-out
synthetic_a61d84c38756,data\synthetic\ecommerce\synthetic_a61d84c38756.jpg,0.1463,13.17,False,ecommerce,synthetic,2026-05-14T05:43:56.084583,wear-out
synthetic_d49622c0e3eb,data\synthetic\finance\synthetic_d49622c0e3eb.jpg,0.2068,18.61,False,finance,synthetic,2026-05-14T05:44:06.194921,wear-out
synthetic_59da5f540c33,data\synthetic\finance\synthetic_59da5f540c33.jpg,0.1342,12.08,False,finance,synthetic,2026-05-14T05:45:14.630262,wear-out
synthetic_e3e0c9629d3a,data\synthetic\gaming\synthetic_e3e0c9629d3a.jpg,0.0549,4.94,False,gaming,synthetic,2026-05-14T06:00:37.298599,cut-out
synthetic_de8aa5ede0a9,data\synthetic\finance\synthetic_de8aa5ede0a9.jpg,0.0448,4.03,False,finance,synthetic,2026-05-14T05:55:01.327475,cut-out
synthetic_4f347876d056,data\synthetic\ecommerce\synthetic_4f347876d056.jpg,0.0111,1.0,False,ecommerce,synthetic,2026-05-14T05:15:29.524693,cut-out
synthetic_b9bdf4a0cfa3,data\synthetic\finance\synthetic_b9bdf4a0cfa3.jpg,0.1004,9.04,False,finance,synthetic,2026-05-14T05:48:42.706667,wear-out
synthetic_7d5fc404227a,data\synthetic\ecommerce\synthetic_7d5fc404227a.jpg,0.192,17.28,False,ecommerce,synthetic,2026-05-14T05:55:39.311929,wear-out
synthetic_d7a0ca3c3ec5,data\synthetic\gaming\synthetic_d7a0ca3c3ec5.jpg,0.1199,10.79,False,gaming,synthetic,2026-05-14T05:44:09.540123,wear-out
synthetic_af14bcd3ca86,data\synthetic\ecommerce\synthetic_af14bcd3ca86.jpg,0.1279,11.51,False,ecommerce,synthetic,2026-05-14T05:51:14.547395,wear-out
synthetic_f594d80de651,data\synthetic\gaming\synthetic_f594d80de651.jpg,0.2223,20.01,False,gaming,synthetic,2026-05-14T05:55:31.809960,wear-out
synthetic_61297789f4c9,data\synthetic\gaming\synthetic_61297789f4c9.jpg,0.0612,5.51,False,gaming,synthetic,2026-05-14T05:45:40.562223,cut-out
synthetic_6fa10911deaa,data\synthetic\gaming\synthetic_6fa10911deaa.jpg,0.1052,9.47,False,gaming,synthetic,2026-05-14T05:46:47.731979,wear-out
synthetic_f653e60cbc3c,data\synthetic\gaming\synthetic_f653e60cbc3c.jpg,0.2093,18.84,False,gaming,synthetic,2026-05-14T05:12:17.423871,wear-out
synthetic_1defbe1eb7f8,data\synthetic\finance\synthetic_1defbe1eb7f8.jpg,0.1378,12.4,False,finance,synthetic,2026-05-14T05:15:51.975572,wear-out
synthetic_d24fefe7d43c,data\synthetic\gaming\synthetic_d24fefe7d43c.jpg,0.1214,10.93,False,gaming,synthetic,2026-05-14T05:51:42.590049,wear-out
synthetic_0014eb247c30,data\synthetic\ecommerce\synthetic_0014eb247c30.jpg,0.0798,7.18,False,ecommerce,synthetic,2026-05-14T05:47:15.459799,wear-out
synthetic_b7c191dc3950,data\synthetic\gaming\synthetic_b7c191dc3950.jpg,0.112,10.08,False,gaming,synthetic,2026-05-14T05:53:03.368571,wear-out
synthetic_330a5f84ebb9,data\synthetic\ecommerce\synthetic_330a5f84ebb9.jpg,0.162,14.58,False,ecommerce,synthetic,2026-05-14T06:00:21.103914,wear-out
synthetic_cfbcd929165b,data\synthetic\gaming\synthetic_cfbcd929165b.jpg,0.1539,13.85,False,gaming,synthetic,2026-05-14T06:00:05.991939,wear-out
synthetic_8f9855abd9da,data\synthetic\finance\synthetic_8f9855abd9da.jpg,0.1287,11.58,False,finance,synthetic,2026-05-14T05:51:52.005528,wear-out
synthetic_bdf06b210795,data\synthetic\gaming\synthetic_bdf06b210795.jpg,0.1307,11.76,False,gaming,synthetic,2026-05-14T06:01:16.588024,wear-out
synthetic_873b606ed909,data\synthetic\gaming\synthetic_873b606ed909.jpg,0.0394,3.55,False,gaming,synthetic,2026-05-14T05:58:16.341736,cut-out
synthetic_7f862b7a096e,data\synthetic\gaming\synthetic_7f862b7a096e.jpg,0.07,6.3,False,gaming,synthetic,2026-05-14T05:14:58.965007,cut-out
synthetic_612b8b87c9bb,data\synthetic\ecommerce\synthetic_612b8b87c9bb.jpg,0.1093,9.84,False,ecommerce,synthetic,2026-05-14T05:12:14.324642,wear-out
synthetic_faa914d8f6c0,data\synthetic\gaming\synthetic_faa914d8f6c0.jpg,0.1373,12.36,False,gaming,synthetic,2026-05-14T06:02:18.650202,wear-out
synthetic_f30eb47d6f41,data\synthetic\finance\synthetic_f30eb47d6f41.jpg,0.1136,10.22,False,finance,synthetic,2026-05-14T05:58:13.093657,wear-out
synthetic_11aaf955adeb,data\synthetic\finance\synthetic_11aaf955adeb.jpg,0.1479,13.31,False,finance,synthetic,2026-05-14T05:58:25.333189,wear-out
synthetic_507cb34f4159,data\synthetic\finance\synthetic_507cb34f4159.jpg,0.0829,7.46,False,finance,synthetic,2026-05-14T05:45:17.478139,wear-out
synthetic_c484202a05d9,data\synthetic\gaming\synthetic_c484202a05d9.jpg,0.1474,13.27,False,gaming,synthetic,2026-05-14T05:59:10.972778,wear-out
synthetic_7aa3bd7a76a7,data\synthetic\gaming\synthetic_7aa3bd7a76a7.jpg,0.1051,9.46,False,gaming,synthetic,2026-05-14T06:01:50.791113,wear-out
synthetic_971442c761d1,data\synthetic\finance\synthetic_971442c761d1.jpg,0.1099,9.89,False,finance,synthetic,2026-05-14T05:45:52.550016,wear-out
synthetic_116b34b7ebe7,data\synthetic\ecommerce\synthetic_116b34b7ebe7.jpg,0.2013,18.12,False,ecommerce,synthetic,2026-05-14T05:46:46.251410,wear-out
synthetic_3d1aff7321ba,data\synthetic\gaming\synthetic_3d1aff7321ba.jpg,0.1192,10.73,False,gaming,synthetic,2026-05-14T05:43:38.856557,wear-out
synthetic_25d49ecf2851,data\synthetic\finance\synthetic_25d49ecf2851.jpg,0.0748,6.73,False,finance,synthetic,2026-05-14T05:12:23.335948,cut-out
synthetic_dcecc56c57f3,data\synthetic\gaming\synthetic_dcecc56c57f3.jpg,0.1006,9.05,False,gaming,synthetic,2026-05-14T06:01:33.208971,wear-out
synthetic_f2d2e30d94e6,data\synthetic\gaming\synthetic_f2d2e30d94e6.jpg,0.0976,8.78,False,gaming,synthetic,2026-05-14T06:02:40.490459,wear-out
synthetic_f2df9302a145,data\synthetic\finance\synthetic_f2df9302a145.jpg,0.0967,8.7,False,finance,synthetic,2026-05-14T05:56:25.552846,wear-out
synthetic_c7780d9adbe5,data\synthetic\gaming\synthetic_c7780d9adbe5.jpg,0.1609,14.48,False,gaming,synthetic,2026-05-14T05:53:26.425224,wear-out
synthetic_83ade91ac893,data\synthetic\finance\synthetic_83ade91ac893.jpg,0.0952,8.57,False,finance,synthetic,2026-05-14T05:52:04.666785,wear-out
synthetic_7dfc5a6be4d4,data\synthetic\ecommerce\synthetic_7dfc5a6be4d4.jpg,0.123,11.07,False,ecommerce,synthetic,2026-05-14T06:02:27.183001,wear-out
synthetic_02a021d63a09,data\synthetic\gaming\synthetic_02a021d63a09.jpg,0.0282,2.54,False,gaming,synthetic,2026-05-14T05:55:59.285644,cut-out
synthetic_a05b49c97413,data\synthetic\ecommerce\synthetic_a05b49c97413.jpg,0.1028,9.25,False,ecommerce,synthetic,2026-05-14T05:57:40.309448,wear-out
synthetic_3cf9430573b0,data\synthetic\ecommerce\synthetic_3cf9430573b0.jpg,0.1568,14.11,False,ecommerce,synthetic,2026-05-14T05:43:12.018975,wear-out
synthetic_ad5625daea01,data\synthetic\gaming\synthetic_ad5625daea01.jpg,0.1247,11.22,False,gaming,synthetic,2026-05-14T05:50:11.192707,wear-out
synthetic_41d3a810d9d2,data\synthetic\gaming\synthetic_41d3a810d9d2.jpg,0.082,7.38,False,gaming,synthetic,2026-05-14T05:49:37.958471,wear-out
synthetic_aeb52adb4140,data\synthetic\finance\synthetic_aeb52adb4140.jpg,0.1537,13.83,False,finance,synthetic,2026-05-14T06:02:18.623640,wear-out
synthetic_c84db48f0c71,data\synthetic\ecommerce\synthetic_c84db48f0c71.jpg,0.1217,10.95,False,ecommerce,synthetic,2026-05-14T05:51:58.574937,wear-out
synthetic_77db605a2501,data\synthetic\ecommerce\synthetic_77db605a2501.jpg,0.1058,9.52,False,ecommerce,synthetic,2026-05-14T05:46:32.856579,wear-out
synthetic_237a4ee250da,data\synthetic\gaming\synthetic_237a4ee250da.jpg,0.1688,15.19,False,gaming,synthetic,2026-05-14T05:46:58.847209,wear-out
synthetic_d1d7e19cdfb1,data\synthetic\finance\synthetic_d1d7e19cdfb1.jpg,0.158,14.22,False,finance,synthetic,2026-05-14T05:51:45.512669,wear-out
synthetic_8acfd09292a3,data\synthetic\finance\synthetic_8acfd09292a3.jpg,0.1988,17.89,False,finance,synthetic,2026-05-14T05:11:59.971453,wear-out
synthetic_a6c8867b26c3,data\synthetic\ecommerce\synthetic_a6c8867b26c3.jpg,0.1557,14.01,False,ecommerce,synthetic,2026-05-14T05:50:43.610752,wear-out
synthetic_8fb75ae0bb01,data\synthetic\finance\synthetic_8fb75ae0bb01.jpg,0.1024,9.22,False,finance,synthetic,2026-05-14T05:56:43.364383,wear-out
synthetic_1d044a36c9e2,data\synthetic\gaming\synthetic_1d044a36c9e2.jpg,0.0903,8.13,False,gaming,synthetic,2026-05-14T06:00:49.956954,wear-out
synthetic_f22fa85cbacd,data\synthetic\ecommerce\synthetic_f22fa85cbacd.jpg,0.0982,8.84,False,ecommerce,synthetic,2026-05-14T05:17:05.954892,wear-out
synthetic_8e5e0b831542,data\synthetic\gaming\synthetic_8e5e0b831542.jpg,0.1383,12.45,False,gaming,synthetic,2026-05-14T05:15:48.317435,wear-out
synthetic_842910b80dd5,data\synthetic\finance\synthetic_842910b80dd5.jpg,0.0186,1.67,False,finance,synthetic,2026-05-14T05:43:49.902466,cut-out
synthetic_3bf8b7117084,data\synthetic\gaming\synthetic_3bf8b7117084.jpg,0.1197,10.77,False,gaming,synthetic,2026-05-14T06:01:25.543071,wear-out
synthetic_583b380350ee,data\synthetic\ecommerce\synthetic_583b380350ee.jpg,0.0857,7.71,False,ecommerce,synthetic,2026-05-14T05:45:31.739974,wear-out
synthetic_16911792848e,data\synthetic\finance\synthetic_16911792848e.jpg,0.1428,12.85,False,finance,synthetic,2026-05-14T05:46:17.379546,wear-out
synthetic_a765bcbdad41,data\synthetic\ecommerce\synthetic_a765bcbdad41.jpg,0.1436,12.92,False,ecommerce,synthetic,2026-05-14T05:59:02.364510,wear-out
synthetic_3013ad5667e2,data\synthetic\gaming\synthetic_3013ad5667e2.jpg,0.1802,16.22,False,gaming,synthetic,2026-05-14T05:59:17.938747,wear-out
synthetic_8572eb04054b,data\synthetic\ecommerce\synthetic_8572eb04054b.jpg,0.0866,7.79,False,ecommerce,synthetic,2026-05-14T05:43:41.438302,wear-out
synthetic_cc300510bcb1,data\synthetic\finance\synthetic_cc300510bcb1.jpg,0.0443,3.99,False,finance,synthetic,2026-05-14T06:01:24.970920,cut-out
synthetic_17e9a19df297,data\synthetic\gaming\synthetic_17e9a19df297.jpg,0.138,12.42,False,gaming,synthetic,2026-05-14T05:15:24.481106,wear-out
synthetic_f5fdbb5de796,data\synthetic\gaming\synthetic_f5fdbb5de796.jpg,0.1568,14.11,False,gaming,synthetic,2026-05-14T05:52:28.093392,wear-out
synthetic_4ee2c604ec2b,data\synthetic\finance\synthetic_4ee2c604ec2b.jpg,0.1087,9.78,False,finance,synthetic,2026-05-14T05:47:05.087634,wear-out
synthetic_4e744fa10794,data\synthetic\ecommerce\synthetic_4e744fa10794.jpg,0.1602,14.42,False,ecommerce,synthetic,2026-05-14T05:49:27.558230,wear-out
synthetic_95aebcb6ad92,data\synthetic\gaming\synthetic_95aebcb6ad92.jpg,0.109,9.81,False,gaming,synthetic,2026-05-14T05:51:56.729622,wear-out
synthetic_03bfc194cdbd,data\synthetic\ecommerce\synthetic_03bfc194cdbd.jpg,0.0456,4.1,False,ecommerce,synthetic,2026-05-14T05:55:07.666056,cut-out
synthetic_70a195617261,data\synthetic\ecommerce\synthetic_70a195617261.jpg,0.0919,8.27,False,ecommerce,synthetic,2026-05-14T05:13:41.308807,wear-out
synthetic_ecca7bc2519a,data\synthetic\finance\synthetic_ecca7bc2519a.jpg,0.0958,8.62,False,finance,synthetic,2026-05-14T05:45:41.222364,wear-out
synthetic_3371dc105e18,data\synthetic\ecommerce\synthetic_3371dc105e18.jpg,0.0748,6.73,False,ecommerce,synthetic,2026-05-14T05:55:45.590296,cut-out
synthetic_6891d2533d2c,data\synthetic\gaming\synthetic_6891d2533d2c.jpg,0.141,12.69,False,gaming,synthetic,2026-05-14T05:45:31.236702,wear-out
synthetic_f5a86d051dc1,data\synthetic\ecommerce\synthetic_f5a86d051dc1.jpg,0.1286,11.57,False,ecommerce,synthetic,2026-05-14T05:45:59.592724,wear-out
synthetic_105f894e5301,data\synthetic\ecommerce\synthetic_105f894e5301.jpg,0.1567,14.1,False,ecommerce,synthetic,2026-05-14T05:58:12.584294,wear-out
synthetic_44268a6d4820,data\synthetic\ecommerce\synthetic_44268a6d4820.jpg,0.1298,11.68,False,ecommerce,synthetic,2026-05-14T05:46:59.034814,wear-out
synthetic_f0c1ccb3bb18,data\synthetic\gaming\synthetic_f0c1ccb3bb18.jpg,0.1593,14.34,False,gaming,synthetic,2026-05-14T05:53:15.578694,wear-out
synthetic_222787cfdf71,data\synthetic\finance\synthetic_222787cfdf71.jpg,0.1523,13.71,False,finance,synthetic,2026-05-14T05:43:06.383602,wear-out
synthetic_3364dc545766,data\synthetic\gaming\synthetic_3364dc545766.jpg,0.1562,14.06,False,gaming,synthetic,2026-05-14T05:48:36.943966,wear-out
synthetic_39cf6122983d,data\synthetic\gaming\synthetic_39cf6122983d.jpg,0.1147,10.32,False,gaming,synthetic,2026-05-14T05:45:34.205971,wear-out
synthetic_d44b5ff31878,data\synthetic\gaming\synthetic_d44b5ff31878.jpg,0.0876,7.88,False,gaming,synthetic,2026-05-14T05:59:15.028341,wear-out
synthetic_f98720b3ad9c,data\synthetic\finance\synthetic_f98720b3ad9c.jpg,0.0802,7.22,False,finance,synthetic,2026-05-14T05:16:24.838630,wear-out
synthetic_7d1f0ec4296f,data\synthetic\ecommerce\synthetic_7d1f0ec4296f.jpg,0.0391,3.52,False,ecommerce,synthetic,2026-05-14T05:58:11.325898,cut-out
synthetic_8ae32b9ad9f9,data\synthetic\ecommerce\synthetic_8ae32b9ad9f9.jpg,0.0614,5.53,False,ecommerce,synthetic,2026-05-14T05:58:53.202555,cut-out
synthetic_befe4b273763,data\synthetic\ecommerce\synthetic_befe4b273763.jpg,0.1172,10.55,False,ecommerce,synthetic,2026-05-14T06:02:38.905984,wear-out
synthetic_f47559522bd9,data\synthetic\ecommerce\synthetic_f47559522bd9.jpg,0.0976,8.78,False,ecommerce,synthetic,2026-05-14T05:56:36.774748,wear-out
synthetic_03ffce689fe4,data\synthetic\ecommerce\synthetic_03ffce689fe4.jpg,0.0616,5.54,False,ecommerce,synthetic,2026-05-14T05:47:55.262135,cut-out
synthetic_17326802cbbe,data\synthetic\finance\synthetic_17326802cbbe.jpg,0.1541,13.87,False,finance,synthetic,2026-05-14T06:01:45.806054,wear-out
synthetic_48e431b87880,data\synthetic\ecommerce\synthetic_48e431b87880.jpg,0.1139,10.25,False,ecommerce,synthetic,2026-05-14T05:56:47.298623,wear-out
synthetic_b41547710d69,data\synthetic\finance\synthetic_b41547710d69.jpg,0.0341,3.07,False,finance,synthetic,2026-05-14T05:52:33.296933,cut-out
synthetic_26d267dae494,data\synthetic\gaming\synthetic_26d267dae494.jpg,0.128,11.52,False,gaming,synthetic,2026-05-14T05:51:55.054003,wear-out
synthetic_36c0e430110a,data\synthetic\finance\synthetic_36c0e430110a.jpg,0.063,5.67,False,finance,synthetic,2026-05-14T06:02:14.384161,cut-out
synthetic_72f8d8d9970e,data\synthetic\gaming\synthetic_72f8d8d9970e.jpg,0.1037,9.33,False,gaming,synthetic,2026-05-14T05:47:07.836134,wear-out
synthetic_8d8b41ab4590,data\synthetic\gaming\synthetic_8d8b41ab4590.jpg,0.0189,1.7,False,gaming,synthetic,2026-05-14T05:46:16.504335,cut-out
synthetic_de0d867aef20,data\synthetic\gaming\synthetic_de0d867aef20.jpg,0.1252,11.27,False,gaming,synthetic,2026-05-14T05:48:36.504876,wear-out
synthetic_faeba9a53c1d,data\synthetic\finance\synthetic_faeba9a53c1d.jpg,0.0548,4.93,False,finance,synthetic,2026-05-14T05:15:41.447459,cut-out
synthetic_68ca3f471215,data\synthetic\gaming\synthetic_68ca3f471215.jpg,0.0858,7.72,False,gaming,synthetic,2026-05-14T05:48:43.243472,wear-out
synthetic_af92b6ebf921,data\synthetic\ecommerce\synthetic_af92b6ebf921.jpg,0.193,17.37,False,ecommerce,synthetic,2026-05-14T05:58:28.330565,wear-out
synthetic_5cc5fb21d7cb,data\synthetic\ecommerce\synthetic_5cc5fb21d7cb.jpg,0.0708,6.37,False,ecommerce,synthetic,2026-05-14T05:47:43.976491,cut-out
synthetic_3697e0799b48,data\synthetic\finance\synthetic_3697e0799b48.jpg,0.0354,3.19,False,finance,synthetic,2026-05-14T05:45:31.204646,cut-out
synthetic_a5a7b9962001,data\synthetic\ecommerce\synthetic_a5a7b9962001.jpg,0.1389,12.5,False,ecommerce,synthetic,2026-05-14T05:49:30.948613,wear-out
synthetic_31ec655ebf38,data\synthetic\gaming\synthetic_31ec655ebf38.jpg,0.1508,13.57,False,gaming,synthetic,2026-05-14T05:45:42.347984,wear-out
synthetic_03370c9d46c9,data\synthetic\finance\synthetic_03370c9d46c9.jpg,0.0943,8.49,False,finance,synthetic,2026-05-14T05:46:28.354131,wear-out
synthetic_2e6a7fe81da9,data\synthetic\finance\synthetic_2e6a7fe81da9.jpg,0.1894,17.05,False,finance,synthetic,2026-05-14T05:12:35.098838,wear-out
synthetic_6924e466393b,data\synthetic\gaming\synthetic_6924e466393b.jpg,0.073,6.57,False,gaming,synthetic,2026-05-14T05:54:10.899075,cut-out
synthetic_830feb7c272d,data\synthetic\gaming\synthetic_830feb7c272d.jpg,0.0716,6.44,False,gaming,synthetic,2026-05-14T05:47:04.613938,cut-out
synthetic_bed0bb5a5913,data\synthetic\finance\synthetic_bed0bb5a5913.jpg,0.0344,3.1,False,finance,synthetic,2026-05-14T05:55:44.637390,cut-out
synthetic_3ad1a81ff38b,data\synthetic\ecommerce\synthetic_3ad1a81ff38b.jpg,0.1793,16.14,False,ecommerce,synthetic,2026-05-14T05:46:41.435401,wear-out
synthetic_2e8af38c3748,data\synthetic\ecommerce\synthetic_2e8af38c3748.jpg,0.1326,11.93,False,ecommerce,synthetic,2026-05-14T05:44:44.156062,wear-out
synthetic_2f666a17dd92,data\synthetic\finance\synthetic_2f666a17dd92.jpg,0.088,7.92,False,finance,synthetic,2026-05-14T05:45:40.892651,wear-out
synthetic_647fa391f00a,data\synthetic\finance\synthetic_647fa391f00a.jpg,0.1327,11.94,False,finance,synthetic,2026-05-14T05:48:12.864363,wear-out
synthetic_33d81adc9532,data\synthetic\finance\synthetic_33d81adc9532.jpg,0.1071,9.64,False,finance,synthetic,2026-05-14T05:48:59.345699,wear-out
synthetic_f8f2b513a0e4,data\synthetic\ecommerce\synthetic_f8f2b513a0e4.jpg,0.1069,9.62,False,ecommerce,synthetic,2026-05-14T05:58:45.087678,wear-out
synthetic_8ce94a5b0415,data\synthetic\ecommerce\synthetic_8ce94a5b0415.jpg,0.1642,14.78,False,ecommerce,synthetic,2026-05-14T06:01:19.596916,wear-out
synthetic_d05bd622575d,data\synthetic\gaming\synthetic_d05bd622575d.jpg,0.1494,13.45,False,gaming,synthetic,2026-05-14T05:59:29.618163,wear-out
synthetic_4eaca45c0f59,data\synthetic\ecommerce\synthetic_4eaca45c0f59.jpg,0.1001,9.01,False,ecommerce,synthetic,2026-05-14T05:11:58.540691,wear-out
synthetic_da803b0202eb,data\synthetic\gaming\synthetic_da803b0202eb.jpg,0.0992,8.93,False,gaming,synthetic,2026-05-14T05:59:23.799931,wear-out
synthetic_be92ab2612dc,data\synthetic\finance\synthetic_be92ab2612dc.jpg,0.1187,10.68,False,finance,synthetic,2026-05-14T05:48:16.747670,wear-out
synthetic_7cd932949de8,data\synthetic\ecommerce\synthetic_7cd932949de8.jpg,0.2084,18.76,False,ecommerce,synthetic,2026-05-14T05:44:19.987367,wear-out
synthetic_eb16be8b2283,data\synthetic\gaming\synthetic_eb16be8b2283.jpg,0.0726,6.53,False,gaming,synthetic,2026-05-14T05:59:25.993656,cut-out
synthetic_222e562449fa,data\synthetic\ecommerce\synthetic_222e562449fa.jpg,0.1357,12.21,False,ecommerce,synthetic,2026-05-14T05:47:40.975614,wear-out
synthetic_ab1d6d01f1f0,data\synthetic\ecommerce\synthetic_ab1d6d01f1f0.jpg,0.1129,10.16,False,ecommerce,synthetic,2026-05-14T05:53:17.751349,wear-out
synthetic_68c0ccdafe9f,data\synthetic\gaming\synthetic_68c0ccdafe9f.jpg,0.0718,6.46,False,gaming,synthetic,2026-05-14T05:51:51.662779,cut-out
synthetic_ff1d44e9394a,data\synthetic\ecommerce\synthetic_ff1d44e9394a.jpg,0.1049,9.44,False,ecommerce,synthetic,2026-05-14T05:59:13.350969,wear-out
synthetic_e2f20027699b,data\synthetic\gaming\synthetic_e2f20027699b.jpg,0.1306,11.75,False,gaming,synthetic,2026-05-14T05:55:16.927993,wear-out
synthetic_8977f20f6feb,data\synthetic\ecommerce\synthetic_8977f20f6feb.jpg,0.0736,6.62,False,ecommerce,synthetic,2026-05-14T06:01:26.813715,cut-out
synthetic_162b3144822a,data\synthetic\gaming\synthetic_162b3144822a.jpg,0.1151,10.36,False,gaming,synthetic,2026-05-14T05:59:21.608680,wear-out
synthetic_c45fcf05ddf2,data\synthetic\ecommerce\synthetic_c45fcf05ddf2.jpg,0.1577,14.19,False,ecommerce,synthetic,2026-05-14T05:45:07.580860,wear-out
synthetic_e890eaa6b653,data\synthetic\gaming\synthetic_e890eaa6b653.jpg,0.1013,9.12,False,gaming,synthetic,2026-05-14T05:45:57.351305,wear-out
synthetic_424e9c507d0b,data\synthetic\finance\synthetic_424e9c507d0b.jpg,0.0876,7.88,False,finance,synthetic,2026-05-14T06:02:38.080895,wear-out
synthetic_5fb53d133168,data\synthetic\finance\synthetic_5fb53d133168.jpg,0.1027,9.24,False,finance,synthetic,2026-05-14T05:16:25.676610,wear-out
synthetic_124efdcb85dc,data\synthetic\gaming\synthetic_124efdcb85dc.jpg,0.1096,9.86,False,gaming,synthetic,2026-05-14T05:12:41.199012,wear-out
synthetic_f5ebc6032960,data\synthetic\gaming\synthetic_f5ebc6032960.jpg,0.1999,17.99,False,gaming,synthetic,2026-05-14T05:12:56.211233,wear-out
synthetic_036ad2bace02,data\synthetic\ecommerce\synthetic_036ad2bace02.jpg,0.1698,15.28,False,ecommerce,synthetic,2026-05-14T05:59:41.427808,wear-out
synthetic_6f16177777e5,data\synthetic\ecommerce\synthetic_6f16177777e5.jpg,0.0239,2.15,False,ecommerce,synthetic,2026-05-14T05:17:26.105384,cut-out
synthetic_d8bffd4e4ed7,data\synthetic\ecommerce\synthetic_d8bffd4e4ed7.jpg,0.0962,8.66,False,ecommerce,synthetic,2026-05-14T05:51:21.872802,wear-out
synthetic_f10fc46d0226,data\synthetic\finance\synthetic_f10fc46d0226.jpg,0.1053,9.48,False,finance,synthetic,2026-05-14T05:52:59.698047,wear-out
synthetic_4ff7a9e39d97,data\synthetic\ecommerce\synthetic_4ff7a9e39d97.jpg,0.0863,7.77,False,ecommerce,synthetic,2026-05-14T05:51:23.563929,wear-out
synthetic_b0281f78632d,data\synthetic\gaming\synthetic_b0281f78632d.jpg,0.1059,9.53,False,gaming,synthetic,2026-05-14T05:44:32.106716,wear-out
synthetic_f7f54565720c,data\synthetic\gaming\synthetic_f7f54565720c.jpg,0.1409,12.68,False,gaming,synthetic,2026-05-14T05:56:01.411802,wear-out
synthetic_c1c97f3b7b1c,data\synthetic\gaming\synthetic_c1c97f3b7b1c.jpg,0.191,17.19,False,gaming,synthetic,2026-05-14T05:52:55.491907,wear-out
synthetic_125f50d9d4b9,data\synthetic\ecommerce\synthetic_125f50d9d4b9.jpg,0.2233,20.1,False,ecommerce,synthetic,2026-05-14T05:55:52.328735,wear-out
synthetic_afc28ba700fa,data\synthetic\ecommerce\synthetic_afc28ba700fa.jpg,0.2001,18.01,False,ecommerce,synthetic,2026-05-14T05:55:24.291641,wear-out
synthetic_e49316e2589f,data\synthetic\finance\synthetic_e49316e2589f.jpg,0.2004,18.04,False,finance,synthetic,2026-05-14T05:49:47.241993,wear-out
synthetic_becc8ddb978e,data\synthetic\gaming\synthetic_becc8ddb978e.jpg,0.2021,18.19,False,gaming,synthetic,2026-05-14T05:56:41.910834,wear-out
synthetic_de1dda600667,data\synthetic\ecommerce\synthetic_de1dda600667.jpg,0.2343,21.09,False,ecommerce,synthetic,2026-05-14T06:01:51.404762,wear-out
synthetic_06a8b1e23a40,data\synthetic\gaming\synthetic_06a8b1e23a40.jpg,0.1183,10.65,False,gaming,synthetic,2026-05-14T05:43:17.851543,wear-out
synthetic_6d8b2a51396e,data\synthetic\ecommerce\synthetic_6d8b2a51396e.jpg,0.1317,11.85,False,ecommerce,synthetic,2026-05-14T05:15:01.977853,wear-out
synthetic_ea1841366d77,data\synthetic\gaming\synthetic_ea1841366d77.jpg,0.119,10.71,False,gaming,synthetic,2026-05-14T05:55:36.828782,wear-out
synthetic_c2711ca75b38,data\synthetic\gaming\synthetic_c2711ca75b38.jpg,0.1379,12.41,False,gaming,synthetic,2026-05-14T05:51:41.102029,wear-out
synthetic_c426a5a393f6,data\synthetic\finance\synthetic_c426a5a393f6.jpg,0.1378,12.4,False,finance,synthetic,2026-05-14T05:13:28.338430,wear-out
synthetic_930c45966699,data\synthetic\finance\synthetic_930c45966699.jpg,0.084,7.56,False,finance,synthetic,2026-05-14T05:43:06.439823,wear-out
synthetic_f6432d708b8e,data\synthetic\finance\synthetic_f6432d708b8e.jpg,0.0452,4.07,False,finance,synthetic,2026-05-14T05:46:31.148520,cut-out
synthetic_7fc02b763e2a,data\synthetic\finance\synthetic_7fc02b763e2a.jpg,0.1319,11.87,False,finance,synthetic,2026-05-14T05:44:14.371884,wear-out
synthetic_c38666477b91,data\synthetic\finance\synthetic_c38666477b91.jpg,0.1359,12.23,False,finance,synthetic,2026-05-14T05:47:20.790542,wear-out
synthetic_040048a9fbbe,data\synthetic\gaming\synthetic_040048a9fbbe.jpg,0.2101,18.91,False,gaming,synthetic,2026-05-14T05:55:46.106269,wear-out
synthetic_04519f415848,data\synthetic\finance\synthetic_04519f415848.jpg,0.1942,17.48,False,finance,synthetic,2026-05-14T05:15:08.088741,wear-out
synthetic_20349f39719d,data\synthetic\finance\synthetic_20349f39719d.jpg,0.122,10.98,False,finance,synthetic,2026-05-14T05:52:16.043014,wear-out
synthetic_e057ce38b58b,data\synthetic\gaming\synthetic_e057ce38b58b.jpg,0.0638,5.74,False,gaming,synthetic,2026-05-14T05:51:25.901727,cut-out
synthetic_4ae1b10b0787,data\synthetic\gaming\synthetic_4ae1b10b0787.jpg,0.0133,1.2,False,gaming,synthetic,2026-05-14T05:45:59.241031,cut-out
synthetic_5850ca296236,data\synthetic\gaming\synthetic_5850ca296236.jpg,0.1324,11.92,False,gaming,synthetic,2026-05-14T05:58:59.330957,wear-out
synthetic_a4da024352a5,data\synthetic\finance\synthetic_a4da024352a5.jpg,0.1056,9.5,False,finance,synthetic,2026-05-14T05:46:17.264093,wear-out
synthetic_b1e2d3d12d52,data\synthetic\gaming\synthetic_b1e2d3d12d52.jpg,0.0953,8.58,False,gaming,synthetic,2026-05-14T05:54:46.153331,wear-out
synthetic_d94ca913d669,data\synthetic\ecommerce\synthetic_d94ca913d669.jpg,0.2006,18.05,False,ecommerce,synthetic,2026-05-14T05:14:20.579606,wear-out
synthetic_8ae5217c9cd9,data\synthetic\gaming\synthetic_8ae5217c9cd9.jpg,0.0311,2.8,False,gaming,synthetic,2026-05-14T06:01:06.857586,cut-out
synthetic_cc708451fad4,data\synthetic\ecommerce\synthetic_cc708451fad4.jpg,0.1653,14.88,False,ecommerce,synthetic,2026-05-14T06:01:38.579108,wear-out
synthetic_c8ee5dcaf701,data\synthetic\ecommerce\synthetic_c8ee5dcaf701.jpg,0.0917,8.25,False,ecommerce,synthetic,2026-05-14T05:12:00.305679,wear-out
synthetic_797c0d3be7b2,data\synthetic\gaming\synthetic_797c0d3be7b2.jpg,0.1231,11.08,False,gaming,synthetic,2026-05-14T05:12:56.305259,wear-out
synthetic_ee0aaee18e1e,data\synthetic\ecommerce\synthetic_ee0aaee18e1e.jpg,0.0862,7.76,False,ecommerce,synthetic,2026-05-14T05:14:09.244596,wear-out
synthetic_9263823e933f,data\synthetic\finance\synthetic_9263823e933f.jpg,0.1794,16.15,False,finance,synthetic,2026-05-14T05:56:30.764620,wear-out
synthetic_33c3fb3355cb,data\synthetic\ecommerce\synthetic_33c3fb3355cb.jpg,0.1138,10.24,False,ecommerce,synthetic,2026-05-14T05:52:57.795062,wear-out
synthetic_4af4d6f4fbd0,data\synthetic\ecommerce\synthetic_4af4d6f4fbd0.jpg,0.1781,16.03,False,ecommerce,synthetic,2026-05-14T05:45:07.450360,wear-out
synthetic_6c72dda5c04a,data\synthetic\gaming\synthetic_6c72dda5c04a.jpg,0.125,11.25,False,gaming,synthetic,2026-05-14T05:15:49.824175,wear-out
synthetic_52f14d46de61,data\synthetic\gaming\synthetic_52f14d46de61.jpg,0.0968,8.71,False,gaming,synthetic,2026-05-14T05:49:39.667475,wear-out
synthetic_4905ca62bbb0,data\synthetic\gaming\synthetic_4905ca62bbb0.jpg,0.1046,9.41,False,gaming,synthetic,2026-05-14T05:52:39.495822,wear-out
synthetic_7e7fda0a33a5,data\synthetic\finance\synthetic_7e7fda0a33a5.jpg,0.137,12.33,False,finance,synthetic,2026-05-14T05:53:08.746539,wear-out
synthetic_5e6130dd514f,data\synthetic\finance\synthetic_5e6130dd514f.jpg,0.1229,11.06,False,finance,synthetic,2026-05-14T05:49:44.717135,wear-out
synthetic_d67c88c3f5b8,data\synthetic\finance\synthetic_d67c88c3f5b8.jpg,0.1318,11.86,False,finance,synthetic,2026-05-14T05:15:01.569482,wear-out
synthetic_4305c4b2944b,data\synthetic\finance\synthetic_4305c4b2944b.jpg,0.1699,15.29,False,finance,synthetic,2026-05-14T05:48:28.040998,wear-out
synthetic_b57234e4b225,data\synthetic\finance\synthetic_b57234e4b225.jpg,0.0766,6.89,False,finance,synthetic,2026-05-14T05:56:51.402751,cut-out
synthetic_453559e08640,data\synthetic\finance\synthetic_453559e08640.jpg,0.0612,5.51,False,finance,synthetic,2026-05-14T05:13:52.350829,cut-out
synthetic_6501004fc413,data\synthetic\gaming\synthetic_6501004fc413.jpg,0.0148,1.33,False,gaming,synthetic,2026-05-14T05:43:33.071578,cut-out
synthetic_d53d3ca6e055,data\synthetic\gaming\synthetic_d53d3ca6e055.jpg,0.0577,5.19,False,gaming,synthetic,2026-05-14T05:44:25.071170,cut-out
synthetic_e7075b9f3495,data\synthetic\ecommerce\synthetic_e7075b9f3495.jpg,0.1683,15.15,False,ecommerce,synthetic,2026-05-14T05:52:24.961215,wear-out
synthetic_bf3d4ec680fa,data\synthetic\gaming\synthetic_bf3d4ec680fa.jpg,0.1344,12.1,False,gaming,synthetic,2026-05-14T05:51:29.283737,wear-out
synthetic_e7cb5ef534c2,data\synthetic\finance\synthetic_e7cb5ef534c2.jpg,0.1578,14.2,False,finance,synthetic,2026-05-14T05:51:45.712678,wear-out
synthetic_7537cb7cd157,data\synthetic\ecommerce\synthetic_7537cb7cd157.jpg,0.1022,9.2,False,ecommerce,synthetic,2026-05-14T05:16:14.345440,wear-out
synthetic_2a896dd6823c,data\synthetic\gaming\synthetic_2a896dd6823c.jpg,0.0707,6.36,False,gaming,synthetic,2026-05-14T06:00:32.447219,cut-out
synthetic_b82050feeba2,data\synthetic\finance\synthetic_b82050feeba2.jpg,0.0468,4.21,False,finance,synthetic,2026-05-14T05:13:10.708040,cut-out
synthetic_5e1fddb74dc9,data\synthetic\finance\synthetic_5e1fddb74dc9.jpg,0.0947,8.52,False,finance,synthetic,2026-05-14T05:46:12.906905,wear-out
synthetic_33dcedf3fbca,data\synthetic\gaming\synthetic_33dcedf3fbca.jpg,0.1044,9.4,False,gaming,synthetic,2026-05-14T05:49:32.209956,wear-out
synthetic_ed5d17db7d64,data\synthetic\gaming\synthetic_ed5d17db7d64.jpg,0.0454,4.09,False,gaming,synthetic,2026-05-14T05:45:19.110346,cut-out
synthetic_9ef80476e5b6,data\synthetic\gaming\synthetic_9ef80476e5b6.jpg,0.0956,8.6,False,gaming,synthetic,2026-05-14T05:44:14.174270,wear-out
synthetic_5c3ffa671247,data\synthetic\ecommerce\synthetic_5c3ffa671247.jpg,0.1746,15.71,False,ecommerce,synthetic,2026-05-14T05:16:56.909055,wear-out
synthetic_ccf56e5ba05a,data\synthetic\gaming\synthetic_ccf56e5ba05a.jpg,0.161,14.49,False,gaming,synthetic,2026-05-14T05:56:43.464345,wear-out
synthetic_c1b169e5d456,data\synthetic\finance\synthetic_c1b169e5d456.jpg,0.164,14.76,False,finance,synthetic,2026-05-14T05:12:47.065118,wear-out
synthetic_e5b9261141d9,data\synthetic\ecommerce\synthetic_e5b9261141d9.jpg,0.1657,14.91,False,ecommerce,synthetic,2026-05-14T05:45:38.152673,wear-out
synthetic_d482d87b85d7,data\synthetic\ecommerce\synthetic_d482d87b85d7.jpg,0.0989,8.9,False,ecommerce,synthetic,2026-05-14T05:54:58.990820,wear-out
synthetic_e898415639fd,data\synthetic\gaming\synthetic_e898415639fd.jpg,0.1549,13.94,False,gaming,synthetic,2026-05-14T05:56:28.812607,wear-out
synthetic_af025f7e256b,data\synthetic\gaming\synthetic_af025f7e256b.jpg,0.1502,13.52,False,gaming,synthetic,2026-05-14T06:01:46.034454,wear-out
synthetic_8f9196c36bc3,data\synthetic\gaming\synthetic_8f9196c36bc3.jpg,0.1406,12.65,False,gaming,synthetic,2026-05-14T05:45:43.070777,wear-out
synthetic_318d384ea32b,data\synthetic\gaming\synthetic_318d384ea32b.jpg,0.145,13.05,False,gaming,synthetic,2026-05-14T05:15:57.393631,wear-out
synthetic_96e10a139f47,data\synthetic\ecommerce\synthetic_96e10a139f47.jpg,0.0638,5.74,False,ecommerce,synthetic,2026-05-14T05:45:01.240228,cut-out
synthetic_2ffbb14c7ba5,data\synthetic\gaming\synthetic_2ffbb14c7ba5.jpg,0.0869,7.82,False,gaming,synthetic,2026-05-14T05:13:07.617375,wear-out
synthetic_f9b64f1713df,data\synthetic\ecommerce\synthetic_f9b64f1713df.jpg,0.1734,15.61,False,ecommerce,synthetic,2026-05-14T05:58:54.080657,wear-out
synthetic_7512ada8ab25,data\synthetic\ecommerce\synthetic_7512ada8ab25.jpg,0.2364,21.28,False,ecommerce,synthetic,2026-05-14T05:16:59.706437,wear-out
synthetic_d95c48137586,data\synthetic\finance\synthetic_d95c48137586.jpg,0.1128,10.15,False,finance,synthetic,2026-05-14T05:16:50.758610,wear-out
synthetic_26d5fc98ecf7,data\synthetic\finance\synthetic_26d5fc98ecf7.jpg,0.1136,10.22,False,finance,synthetic,2026-05-14T05:49:44.774503,wear-out
synthetic_27e97e4e27ac,data\synthetic\finance\synthetic_27e97e4e27ac.jpg,0.142,12.78,False,finance,synthetic,2026-05-14T06:00:07.982634,wear-out
synthetic_0024dd613224,data\synthetic\finance\synthetic_0024dd613224.jpg,0.1166,10.49,False,finance,synthetic,2026-05-14T05:53:03.672383,wear-out
synthetic_78325bc21742,data\synthetic\ecommerce\synthetic_78325bc21742.jpg,0.1042,9.38,False,ecommerce,synthetic,2026-05-14T05:47:51.229458,wear-out
synthetic_cd198b3dad15,data\synthetic\gaming\synthetic_cd198b3dad15.jpg,0.103,9.27,False,gaming,synthetic,2026-05-14T05:53:16.275238,wear-out
synthetic_20b0096be4fe,data\synthetic\finance\synthetic_20b0096be4fe.jpg,0.0849,7.64,False,finance,synthetic,2026-05-14T05:51:34.448386,wear-out
synthetic_ff176d66e9f2,data\synthetic\finance\synthetic_ff176d66e9f2.jpg,0.1931,17.38,False,finance,synthetic,2026-05-14T05:58:21.466112,wear-out
synthetic_d6399922b6e7,data\synthetic\gaming\synthetic_d6399922b6e7.jpg,0.1396,12.56,False,gaming,synthetic,2026-05-14T05:44:20.893519,wear-out
synthetic_3b34e2e5736a,data\synthetic\gaming\synthetic_3b34e2e5736a.jpg,0.0972,8.75,False,gaming,synthetic,2026-05-14T05:42:32.752244,wear-out
synthetic_89ee6f7ef367,data\synthetic\ecommerce\synthetic_89ee6f7ef367.jpg,0.0941,8.47,False,ecommerce,synthetic,2026-05-14T05:48:35.170542,wear-out
synthetic_8b7992f5cb8d,data\synthetic\ecommerce\synthetic_8b7992f5cb8d.jpg,0.1021,9.19,False,ecommerce,synthetic,2026-05-14T06:00:08.129921,wear-out
synthetic_4bd43af13009,data\synthetic\finance\synthetic_4bd43af13009.jpg,0.1183,10.65,False,finance,synthetic,2026-05-14T05:44:18.420066,wear-out
synthetic_73ea735f1b40,data\synthetic\finance\synthetic_73ea735f1b40.jpg,0.1353,12.18,False,finance,synthetic,2026-05-14T05:56:03.160134,wear-out
synthetic_fc23805471ad,data\synthetic\gaming\synthetic_fc23805471ad.jpg,0.121,10.89,False,gaming,synthetic,2026-05-14T05:55:29.800676,wear-out
synthetic_9feb4e8ed0a3,data\synthetic\finance\synthetic_9feb4e8ed0a3.jpg,0.0953,8.58,False,finance,synthetic,2026-05-14T05:17:27.316301,wear-out
synthetic_6095b5989eb0,data\synthetic\gaming\synthetic_6095b5989eb0.jpg,0.1361,12.25,False,gaming,synthetic,2026-05-14T06:02:38.593977,wear-out
synthetic_f82df5bdaf16,data\synthetic\gaming\synthetic_f82df5bdaf16.jpg,0.0713,6.42,False,gaming,synthetic,2026-05-14T05:13:53.221943,cut-out
synthetic_2a9dcfa713e5,data\synthetic\gaming\synthetic_2a9dcfa713e5.jpg,0.1312,11.81,False,gaming,synthetic,2026-05-14T05:54:43.860408,wear-out
synthetic_5b01069cd890,data\synthetic\gaming\synthetic_5b01069cd890.jpg,0.1086,9.77,False,gaming,synthetic,2026-05-14T05:47:29.438356,wear-out
synthetic_5bccd4f3ee36,data\synthetic\gaming\synthetic_5bccd4f3ee36.jpg,0.1067,9.6,False,gaming,synthetic,2026-05-14T05:56:11.950237,wear-out
synthetic_64c3fe6dc1e4,data\synthetic\gaming\synthetic_64c3fe6dc1e4.jpg,0.0469,4.22,False,gaming,synthetic,2026-05-14T06:02:50.105460,cut-out
synthetic_75afb53f0297,data\synthetic\ecommerce\synthetic_75afb53f0297.jpg,0.1386,12.47,False,ecommerce,synthetic,2026-05-14T05:14:52.180695,wear-out
synthetic_e0034fadbfd9,data\synthetic\ecommerce\synthetic_e0034fadbfd9.jpg,0.2207,19.86,False,ecommerce,synthetic,2026-05-14T05:49:41.863242,wear-out
synthetic_f18c7283f60c,data\synthetic\finance\synthetic_f18c7283f60c.jpg,0.0719,6.47,False,finance,synthetic,2026-05-14T05:43:23.008910,cut-out
synthetic_14c9601b2168,data\synthetic\finance\synthetic_14c9601b2168.jpg,0.075,6.75,False,finance,synthetic,2026-05-14T05:43:07.611878,cut-out
synthetic_f9ee25316e41,data\synthetic\gaming\synthetic_f9ee25316e41.jpg,0.148,13.32,False,gaming,synthetic,2026-05-14T05:53:44.992445,wear-out
synthetic_19001a0396d7,data\synthetic\gaming\synthetic_19001a0396d7.jpg,0.1359,12.23,False,gaming,synthetic,2026-05-14T06:01:45.757464,wear-out
synthetic_1420593d32ba,data\synthetic\gaming\synthetic_1420593d32ba.jpg,0.0853,7.68,False,gaming,synthetic,2026-05-14T05:14:43.784282,wear-out
synthetic_3b41188278ce,data\synthetic\finance\synthetic_3b41188278ce.jpg,0.1599,14.39,False,finance,synthetic,2026-05-14T06:02:38.302965,wear-out
synthetic_9ddfc0ab0fa3,data\synthetic\ecommerce\synthetic_9ddfc0ab0fa3.jpg,0.1366,12.29,False,ecommerce,synthetic,2026-05-14T06:01:33.681096,wear-out
synthetic_29b48e52be85,data\synthetic\gaming\synthetic_29b48e52be85.jpg,0.0377,3.39,False,gaming,synthetic,2026-05-14T05:44:34.882486,cut-out
synthetic_2a9e6dfe48d4,data\synthetic\finance\synthetic_2a9e6dfe48d4.jpg,0.0418,3.76,False,finance,synthetic,2026-05-14T05:49:13.307260,cut-out
synthetic_b2f13b2626eb,data\synthetic\finance\synthetic_b2f13b2626eb.jpg,0.1311,11.8,False,finance,synthetic,2026-05-14T05:54:51.609829,wear-out
synthetic_198730ee5fcd,data\synthetic\finance\synthetic_198730ee5fcd.jpg,0.1338,12.04,False,finance,synthetic,2026-05-14T05:50:56.107256,wear-out
synthetic_71e8fb4d7d65,data\synthetic\ecommerce\synthetic_71e8fb4d7d65.jpg,0.0896,8.06,False,ecommerce,synthetic,2026-05-14T05:45:37.050664,wear-out
synthetic_ec522ef329e4,data\synthetic\finance\synthetic_ec522ef329e4.jpg,0.1766,15.89,False,finance,synthetic,2026-05-14T06:01:46.451855,wear-out
synthetic_fa6a2dcd1693,data\synthetic\finance\synthetic_fa6a2dcd1693.jpg,0.1428,12.85,False,finance,synthetic,2026-05-14T05:45:19.695074,wear-out
synthetic_0e7b4c6dae05,data\synthetic\ecommerce\synthetic_0e7b4c6dae05.jpg,0.0879,7.91,False,ecommerce,synthetic,2026-05-14T05:56:38.782950,wear-out
synthetic_ffe52feb488e,data\synthetic\ecommerce\synthetic_ffe52feb488e.jpg,0.1259,11.33,False,ecommerce,synthetic,2026-05-14T06:01:13.774323,wear-out
synthetic_0eb155e66d59,data\synthetic\gaming\synthetic_0eb155e66d59.jpg,0.1477,13.29,False,gaming,synthetic,2026-05-14T05:52:23.964192,wear-out
synthetic_a2355f1f5b1d,data\synthetic\ecommerce\synthetic_a2355f1f5b1d.jpg,0.1543,13.89,False,ecommerce,synthetic,2026-05-14T05:14:57.576606,wear-out
synthetic_3dfe57e5eeb2,data\synthetic\finance\synthetic_3dfe57e5eeb2.jpg,0.0487,4.38,False,finance,synthetic,2026-05-14T05:54:26.864544,cut-out
synthetic_b319f2255f4f,data\synthetic\finance\synthetic_b319f2255f4f.jpg,0.1571,14.14,False,finance,synthetic,2026-05-14T06:02:00.023783,wear-out
synthetic_a9edde15b938,data\synthetic\ecommerce\synthetic_a9edde15b938.jpg,0.1309,11.78,False,ecommerce,synthetic,2026-05-14T05:52:08.915939,wear-out
synthetic_4682575bdda7,data\synthetic\ecommerce\synthetic_4682575bdda7.jpg,0.0799,7.19,False,ecommerce,synthetic,2026-05-14T05:52:23.566938,wear-out
synthetic_6ff7702e96e1,data\synthetic\ecommerce\synthetic_6ff7702e96e1.jpg,0.0789,7.1,False,ecommerce,synthetic,2026-05-14T05:47:58.270641,wear-out
synthetic_f522cf0eb3b5,data\synthetic\finance\synthetic_f522cf0eb3b5.jpg,0.0809,7.28,False,finance,synthetic,2026-05-14T06:00:10.708946,wear-out
synthetic_3dc070fd2010,data\synthetic\finance\synthetic_3dc070fd2010.jpg,0.099,8.91,False,finance,synthetic,2026-05-14T05:55:33.285984,wear-out
synthetic_ffe730d51195,data\synthetic\finance\synthetic_ffe730d51195.jpg,0.0928,8.35,False,finance,synthetic,2026-05-14T05:13:53.022610,wear-out
synthetic_7e02bc2f2ce2,data\synthetic\gaming\synthetic_7e02bc2f2ce2.jpg,0.1007,9.06,False,gaming,synthetic,2026-05-14T05:46:41.458398,wear-out
synthetic_0e95f2df9665,data\synthetic\ecommerce\synthetic_0e95f2df9665.jpg,0.0767,6.9,False,ecommerce,synthetic,2026-05-14T05:46:31.442253,cut-out
synthetic_2136d59b024c,data\synthetic\ecommerce\synthetic_2136d59b024c.jpg,0.1426,12.83,False,ecommerce,synthetic,2026-05-14T05:44:24.402585,wear-out
synthetic_9e1614a86170,data\synthetic\gaming\synthetic_9e1614a86170.jpg,0.1068,9.61,False,gaming,synthetic,2026-05-14T05:59:26.274626,wear-out
synthetic_7127bb9ccccf,data\synthetic\finance\synthetic_7127bb9ccccf.jpg,0.0971,8.74,False,finance,synthetic,2026-05-14T05:47:12.798764,wear-out
synthetic_f57c35f7e4b4,data\synthetic\finance\synthetic_f57c35f7e4b4.jpg,0.1117,10.05,False,finance,synthetic,2026-05-14T05:52:04.323953,wear-out
synthetic_3b75a32851db,data\synthetic\gaming\synthetic_3b75a32851db.jpg,0.0729,6.56,False,gaming,synthetic,2026-05-14T05:59:04.289514,cut-out
synthetic_e513cafa6d38,data\synthetic\ecommerce\synthetic_e513cafa6d38.jpg,0.167,15.03,False,ecommerce,synthetic,2026-05-14T05:44:46.146589,wear-out
synthetic_3cb2bb94c670,data\synthetic\gaming\synthetic_3cb2bb94c670.jpg,0.15,13.5,False,gaming,synthetic,2026-05-14T05:53:09.459623,wear-out
synthetic_d258d60e2495,data\synthetic\finance\synthetic_d258d60e2495.jpg,0.1327,11.94,False,finance,synthetic,2026-05-14T05:47:10.073636,wear-out
synthetic_ed6419de8372,data\synthetic\finance\synthetic_ed6419de8372.jpg,0.1589,14.3,False,finance,synthetic,2026-05-14T05:57:49.607822,wear-out
synthetic_43a740251fcc,data\synthetic\ecommerce\synthetic_43a740251fcc.jpg,0.0901,8.11,False,ecommerce,synthetic,2026-05-14T05:52:32.033186,wear-out
synthetic_8de9ffcf17f0,data\synthetic\gaming\synthetic_8de9ffcf17f0.jpg,0.1089,9.8,False,gaming,synthetic,2026-05-14T05:49:05.503546,wear-out
synthetic_80795fc67b06,data\synthetic\ecommerce\synthetic_80795fc67b06.jpg,0.1042,9.38,False,ecommerce,synthetic,2026-05-14T05:45:51.522809,wear-out
synthetic_32fe06585591,data\synthetic\ecommerce\synthetic_32fe06585591.jpg,0.1651,14.86,False,ecommerce,synthetic,2026-05-14T05:53:31.495400,wear-out
synthetic_9739fe58d51b,data\synthetic\ecommerce\synthetic_9739fe58d51b.jpg,0.167,15.03,False,ecommerce,synthetic,2026-05-14T05:59:07.771527,wear-out
synthetic_6b4f2691123a,data\synthetic\ecommerce\synthetic_6b4f2691123a.jpg,0.1466,13.19,False,ecommerce,synthetic,2026-05-14T06:03:01.998490,wear-out
synthetic_81f80101063d,data\synthetic\finance\synthetic_81f80101063d.jpg,0.1031,9.28,False,finance,synthetic,2026-05-14T05:43:37.288946,wear-out
synthetic_3d27a6e78406,data\synthetic\ecommerce\synthetic_3d27a6e78406.jpg,0.0694,6.25,False,ecommerce,synthetic,2026-05-14T05:12:00.733189,cut-out
synthetic_df6899d55d48,data\synthetic\gaming\synthetic_df6899d55d48.jpg,0.0998,8.98,False,gaming,synthetic,2026-05-14T05:45:32.589382,wear-out
synthetic_9f2fce0d3bc2,data\synthetic\gaming\synthetic_9f2fce0d3bc2.jpg,0.0992,8.93,False,gaming,synthetic,2026-05-14T05:55:28.652075,wear-out
synthetic_1cd87fbf4576,data\synthetic\gaming\synthetic_1cd87fbf4576.jpg,0.1862,16.76,False,gaming,synthetic,2026-05-14T06:00:01.055683,wear-out
synthetic_7e54684e9f67,data\synthetic\ecommerce\synthetic_7e54684e9f67.jpg,0.0819,7.37,False,ecommerce,synthetic,2026-05-14T05:58:22.360686,wear-out
synthetic_34b4f5b5927c,data\synthetic\finance\synthetic_34b4f5b5927c.jpg,0.1054,9.49,False,finance,synthetic,2026-05-14T06:01:13.469281,wear-out
synthetic_7fba031f22a8,data\synthetic\ecommerce\synthetic_7fba031f22a8.jpg,0.1313,11.82,False,ecommerce,synthetic,2026-05-14T05:56:34.278299,wear-out
synthetic_6326e51e6dc1,data\synthetic\finance\synthetic_6326e51e6dc1.jpg,0.1433,12.9,False,finance,synthetic,2026-05-14T05:45:50.346608,wear-out
synthetic_e178859d562b,data\synthetic\ecommerce\synthetic_e178859d562b.jpg,0.1124,10.12,False,ecommerce,synthetic,2026-05-14T05:52:03.468516,wear-out
synthetic_a69dfe2b26ba,data\synthetic\gaming\synthetic_a69dfe2b26ba.jpg,0.017,1.53,False,gaming,synthetic,2026-05-14T05:58:29.592123,cut-out
synthetic_d3bdbea1a362,data\synthetic\gaming\synthetic_d3bdbea1a362.jpg,0.1186,10.67,False,gaming,synthetic,2026-05-14T05:51:10.839554,wear-out
synthetic_0ddd328aa18f,data\synthetic\finance\synthetic_0ddd328aa18f.jpg,0.0921,8.29,False,finance,synthetic,2026-05-14T05:58:24.276409,wear-out
synthetic_4bf7c1836d40,data\synthetic\gaming\synthetic_4bf7c1836d40.jpg,0.1873,16.86,False,gaming,synthetic,2026-05-14T05:12:25.954039,wear-out
synthetic_a9a8e8ce2a83,data\synthetic\gaming\synthetic_a9a8e8ce2a83.jpg,0.1597,14.37,False,gaming,synthetic,2026-05-14T05:47:53.202395,wear-out
synthetic_197fdc867d2f,data\synthetic\finance\synthetic_197fdc867d2f.jpg,0.01,0.9,False,finance,synthetic,2026-05-14T05:51:25.359055,cut-out
synthetic_14f73d9e1e5d,data\synthetic\ecommerce\synthetic_14f73d9e1e5d.jpg,0.116,10.44,False,ecommerce,synthetic,2026-05-14T05:54:54.777167,wear-out
synthetic_79a44212f74c,data\synthetic\gaming\synthetic_79a44212f74c.jpg,0.1061,9.55,False,gaming,synthetic,2026-05-14T05:59:57.068107,wear-out
synthetic_9b723660ce59,data\synthetic\ecommerce\synthetic_9b723660ce59.jpg,0.1226,11.03,False,ecommerce,synthetic,2026-05-14T05:11:57.586390,wear-out
synthetic_6c3da1582875,data\synthetic\finance\synthetic_6c3da1582875.jpg,0.0782,7.04,False,finance,synthetic,2026-05-14T05:42:36.536860,wear-out
synthetic_5d58e3afabd6,data\synthetic\finance\synthetic_5d58e3afabd6.jpg,0.1094,9.85,False,finance,synthetic,2026-05-14T05:17:16.684039,wear-out
synthetic_ce05d3858408,data\synthetic\ecommerce\synthetic_ce05d3858408.jpg,0.127,11.43,False,ecommerce,synthetic,2026-05-14T05:48:04.146137,wear-out
synthetic_255f6b5f8abb,data\synthetic\gaming\synthetic_255f6b5f8abb.jpg,0.1073,9.66,False,gaming,synthetic,2026-05-14T05:16:07.278114,wear-out
synthetic_24467e19323e,data\synthetic\finance\synthetic_24467e19323e.jpg,0.0527,4.74,False,finance,synthetic,2026-05-14T05:52:05.049225,cut-out
synthetic_1ecc93729520,data\synthetic\ecommerce\synthetic_1ecc93729520.jpg,0.0604,5.44,False,ecommerce,synthetic,2026-05-14T05:51:07.648464,cut-out
synthetic_33bd100851fd,data\synthetic\gaming\synthetic_33bd100851fd.jpg,0.1297,11.67,False,gaming,synthetic,2026-05-14T05:57:00.144704,wear-out
synthetic_1a606b571d4f,data\synthetic\ecommerce\synthetic_1a606b571d4f.jpg,0.1122,10.1,False,ecommerce,synthetic,2026-05-14T06:00:13.128266,wear-out
synthetic_9a925eecee9f,data\synthetic\gaming\synthetic_9a925eecee9f.jpg,0.1059,9.53,False,gaming,synthetic,2026-05-14T05:58:10.762008,wear-out
synthetic_8d78a91cbde6,data\synthetic\gaming\synthetic_8d78a91cbde6.jpg,0.1166,10.49,False,gaming,synthetic,2026-05-14T05:43:17.908025,wear-out
synthetic_9f09a235c3f7,data\synthetic\finance\synthetic_9f09a235c3f7.jpg,0.1564,14.08,False,finance,synthetic,2026-05-14T05:47:07.354990,wear-out
synthetic_32790df71292,data\synthetic\finance\synthetic_32790df71292.jpg,0.1018,9.16,False,finance,synthetic,2026-05-14T05:56:56.726329,wear-out
synthetic_7ee9f60033c2,data\synthetic\gaming\synthetic_7ee9f60033c2.jpg,0.0133,1.2,False,gaming,synthetic,2026-05-14T05:53:21.063160,cut-out
synthetic_bb244ad0d0ed,data\synthetic\finance\synthetic_bb244ad0d0ed.jpg,0.1431,12.88,False,finance,synthetic,2026-05-14T05:45:47.796383,wear-out
synthetic_10f851083fe2,data\synthetic\ecommerce\synthetic_10f851083fe2.jpg,0.1771,15.94,False,ecommerce,synthetic,2026-05-14T05:16:53.528859,wear-out
synthetic_504cb1271f57,data\synthetic\finance\synthetic_504cb1271f57.jpg,0.0166,1.49,False,finance,synthetic,2026-05-14T05:55:26.799050,cut-out
synthetic_01fb0ee00b08,data\synthetic\finance\synthetic_01fb0ee00b08.jpg,0.1858,16.72,False,finance,synthetic,2026-05-14T05:53:52.364003,wear-out
synthetic_0245e153e8dc,data\synthetic\finance\synthetic_0245e153e8dc.jpg,0.0657,5.91,False,finance,synthetic,2026-05-14T05:52:44.071709,cut-out
synthetic_aacabc59651b,data\synthetic\finance\synthetic_aacabc59651b.jpg,0.1001,9.01,False,finance,synthetic,2026-05-14T05:54:56.064902,wear-out
synthetic_f141fe2b3255,data\synthetic\gaming\synthetic_f141fe2b3255.jpg,0.1326,11.93,False,gaming,synthetic,2026-05-14T05:59:46.634917,wear-out
synthetic_4c888f18a515,data\synthetic\finance\synthetic_4c888f18a515.jpg,0.0841,7.57,False,finance,synthetic,2026-05-14T05:51:44.531207,wear-out
synthetic_e6c3cee21b6c,data\synthetic\finance\synthetic_e6c3cee21b6c.jpg,0.1077,9.69,False,finance,synthetic,2026-05-14T05:58:35.611165,wear-out
synthetic_97527182ea7f,data\synthetic\ecommerce\synthetic_97527182ea7f.jpg,0.1197,10.77,False,ecommerce,synthetic,2026-05-14T05:44:33.412909,wear-out
synthetic_2b78c3011073,data\synthetic\gaming\synthetic_2b78c3011073.jpg,0.11,9.9,False,gaming,synthetic,2026-05-14T05:44:41.962715,wear-out
synthetic_55b030d780df,data\synthetic\gaming\synthetic_55b030d780df.jpg,0.2247,20.22,False,gaming,synthetic,2026-05-14T05:43:13.411742,wear-out
synthetic_3726318aeb1a,data\synthetic\finance\synthetic_3726318aeb1a.jpg,0.0893,8.04,False,finance,synthetic,2026-05-14T05:53:25.773630,wear-out
synthetic_455d6b11e249,data\synthetic\gaming\synthetic_455d6b11e249.jpg,0.203,18.27,False,gaming,synthetic,2026-05-14T05:43:24.934649,wear-out
synthetic_16af131078a7,data\synthetic\finance\synthetic_16af131078a7.jpg,0.096,8.64,False,finance,synthetic,2026-05-14T05:46:40.437805,wear-out
synthetic_9bb4a273e19e,data\synthetic\finance\synthetic_9bb4a273e19e.jpg,0.0827,7.44,False,finance,synthetic,2026-05-14T05:54:25.342799,wear-out
synthetic_33ab77ec9976,data\synthetic\gaming\synthetic_33ab77ec9976.jpg,0.0923,8.31,False,gaming,synthetic,2026-05-14T05:49:55.894358,wear-out
synthetic_565404d880fe,data\synthetic\ecommerce\synthetic_565404d880fe.jpg,0.1511,13.6,False,ecommerce,synthetic,2026-05-14T05:58:53.548411,wear-out
synthetic_4ae3358bfa58,data\synthetic\ecommerce\synthetic_4ae3358bfa58.jpg,0.1576,14.18,False,ecommerce,synthetic,2026-05-14T05:54:22.503709,wear-out
synthetic_a20063523bf8,data\synthetic\finance\synthetic_a20063523bf8.jpg,0.1458,13.12,False,finance,synthetic,2026-05-14T05:58:47.946034,wear-out
synthetic_4b128cf00b35,data\synthetic\finance\synthetic_4b128cf00b35.jpg,0.098,8.82,False,finance,synthetic,2026-05-14T05:51:28.130086,wear-out
synthetic_2fb1eb63b4cc,data\synthetic\ecommerce\synthetic_2fb1eb63b4cc.jpg,0.1096,9.86,False,ecommerce,synthetic,2026-05-14T05:13:21.574375,wear-out
synthetic_06bb570371be,data\synthetic\finance\synthetic_06bb570371be.jpg,0.1334,12.01,False,finance,synthetic,2026-05-14T05:53:05.424275,wear-out
synthetic_b993b95f3774,data\synthetic\ecommerce\synthetic_b993b95f3774.jpg,0.0562,5.06,False,ecommerce,synthetic,2026-05-14T06:00:40.827277,cut-out
synthetic_a2edf62d3c5e,data\synthetic\gaming\synthetic_a2edf62d3c5e.jpg,0.0623,5.61,False,gaming,synthetic,2026-05-14T05:13:38.338092,cut-out
synthetic_6b0326230763,data\synthetic\finance\synthetic_6b0326230763.jpg,0.0727,6.54,False,finance,synthetic,2026-05-14T05:45:14.174833,cut-out
synthetic_e2cc8416739c,data\synthetic\ecommerce\synthetic_e2cc8416739c.jpg,0.2224,20.02,False,ecommerce,synthetic,2026-05-14T05:56:51.299239,wear-out
synthetic_5cd0566d0107,data\synthetic\ecommerce\synthetic_5cd0566d0107.jpg,0.0236,2.12,False,ecommerce,synthetic,2026-05-14T06:01:23.215354,cut-out
synthetic_f66607a89abf,data\synthetic\finance\synthetic_f66607a89abf.jpg,0.1573,14.16,False,finance,synthetic,2026-05-14T05:16:28.896059,wear-out
synthetic_313de2d25254,data\synthetic\finance\synthetic_313de2d25254.jpg,0.0941,8.47,False,finance,synthetic,2026-05-14T05:48:55.544940,wear-out
synthetic_33c974e89315,data\synthetic\gaming\synthetic_33c974e89315.jpg,0.0301,2.71,False,gaming,synthetic,2026-05-14T06:00:12.468897,cut-out
synthetic_3bb74f55bb18,data\synthetic\ecommerce\synthetic_3bb74f55bb18.jpg,0.1983,17.85,False,ecommerce,synthetic,2026-05-14T05:15:36.525142,wear-out
synthetic_010dc8b8b633,data\synthetic\finance\synthetic_010dc8b8b633.jpg,0.1469,13.22,False,finance,synthetic,2026-05-14T05:48:38.091171,wear-out
synthetic_b6a08414deba,data\synthetic\ecommerce\synthetic_b6a08414deba.jpg,0.0582,5.24,False,ecommerce,synthetic,2026-05-14T05:44:36.150966,cut-out
synthetic_7d1df2c7f73c,data\synthetic\finance\synthetic_7d1df2c7f73c.jpg,0.161,14.49,False,finance,synthetic,2026-05-14T05:42:56.480455,wear-out
synthetic_18b75e7eebd9,data\synthetic\gaming\synthetic_18b75e7eebd9.jpg,0.0583,5.25,False,gaming,synthetic,2026-05-14T06:02:36.090405,cut-out
synthetic_8f541382282b,data\synthetic\finance\synthetic_8f541382282b.jpg,0.1089,9.8,False,finance,synthetic,2026-05-14T05:47:12.881888,wear-out
synthetic_48524201c0fd,data\synthetic\gaming\synthetic_48524201c0fd.jpg,0.1268,11.41,False,gaming,synthetic,2026-05-14T06:02:40.041480,wear-out
synthetic_91f98f35eadf,data\synthetic\ecommerce\synthetic_91f98f35eadf.jpg,0.2207,19.86,False,ecommerce,synthetic,2026-05-14T05:13:19.494916,wear-out
synthetic_8e3aee9d6dcb,data\synthetic\finance\synthetic_8e3aee9d6dcb.jpg,0.0944,8.5,False,finance,synthetic,2026-05-14T06:00:57.235507,wear-out
synthetic_1d31fa101119,data\synthetic\finance\synthetic_1d31fa101119.jpg,0.0339,3.05,False,finance,synthetic,2026-05-14T05:58:36.017441,cut-out
synthetic_2fc4ff4cc8e4,data\synthetic\finance\synthetic_2fc4ff4cc8e4.jpg,0.1732,15.59,False,finance,synthetic,2026-05-14T05:52:12.227394,wear-out
synthetic_821710c398ec,data\synthetic\finance\synthetic_821710c398ec.jpg,0.1299,11.69,False,finance,synthetic,2026-05-14T05:48:51.778956,wear-out
synthetic_73c13e60ddea,data\synthetic\gaming\synthetic_73c13e60ddea.jpg,0.1253,11.28,False,gaming,synthetic,2026-05-14T05:46:38.544182,wear-out
synthetic_e40e433c010f,data\synthetic\ecommerce\synthetic_e40e433c010f.jpg,0.0944,8.5,False,ecommerce,synthetic,2026-05-14T05:54:33.951369,wear-out
synthetic_78ee921d8b18,data\synthetic\gaming\synthetic_78ee921d8b18.jpg,0.0856,7.7,False,gaming,synthetic,2026-05-14T05:48:36.994103,wear-out
synthetic_77d2b402906e,data\synthetic\ecommerce\synthetic_77d2b402906e.jpg,0.0997,8.97,False,ecommerce,synthetic,2026-05-14T05:58:14.850232,wear-out
synthetic_48cb5655b061,data\synthetic\ecommerce\synthetic_48cb5655b061.jpg,0.0992,8.93,False,ecommerce,synthetic,2026-05-14T05:13:16.217059,wear-out
synthetic_2ae60293b2b2,data\synthetic\ecommerce\synthetic_2ae60293b2b2.jpg,0.1271,11.44,False,ecommerce,synthetic,2026-05-14T05:43:57.642204,wear-out
synthetic_63f800cf99a7,data\synthetic\gaming\synthetic_63f800cf99a7.jpg,0.0769,6.92,False,gaming,synthetic,2026-05-14T05:14:50.199113,cut-out
synthetic_838169740181,data\synthetic\ecommerce\synthetic_838169740181.jpg,0.1592,14.33,False,ecommerce,synthetic,2026-05-14T05:53:28.379446,wear-out
synthetic_8a772838bd4a,data\synthetic\finance\synthetic_8a772838bd4a.jpg,0.0663,5.97,False,finance,synthetic,2026-05-14T05:15:24.540189,cut-out
synthetic_fdce01376243,data\synthetic\ecommerce\synthetic_fdce01376243.jpg,0.1062,9.56,False,ecommerce,synthetic,2026-05-14T05:55:21.965531,wear-out
synthetic_46736c8f6f10,data\synthetic\ecommerce\synthetic_46736c8f6f10.jpg,0.1099,9.89,False,ecommerce,synthetic,2026-05-14T05:14:43.292428,wear-out
synthetic_b5094583f672,data\synthetic\finance\synthetic_b5094583f672.jpg,0.0368,3.31,False,finance,synthetic,2026-05-14T06:00:37.397998,cut-out
synthetic_13f84c6b6a36,data\synthetic\finance\synthetic_13f84c6b6a36.jpg,0.1652,14.87,False,finance,synthetic,2026-05-14T05:56:28.682054,wear-out
synthetic_c3324a039ca8,data\synthetic\finance\synthetic_c3324a039ca8.jpg,0.2142,19.28,False,finance,synthetic,2026-05-14T05:17:18.650025,wear-out
synthetic_b6b188e99d01,data\synthetic\gaming\synthetic_b6b188e99d01.jpg,0.0111,1.0,False,gaming,synthetic,2026-05-14T05:50:09.171643,cut-out
synthetic_dd4ecf513556,data\synthetic\finance\synthetic_dd4ecf513556.jpg,0.08,7.2,False,finance,synthetic,2026-05-14T05:54:33.439845,wear-out
synthetic_ae8d1411be53,data\synthetic\finance\synthetic_ae8d1411be53.jpg,0.0836,7.52,False,finance,synthetic,2026-05-14T06:01:15.270486,wear-out
synthetic_8e8e44fc74b8,data\synthetic\ecommerce\synthetic_8e8e44fc74b8.jpg,0.1253,11.28,False,ecommerce,synthetic,2026-05-14T05:12:04.698585,wear-out
synthetic_5015e1b1eb18,data\synthetic\finance\synthetic_5015e1b1eb18.jpg,0.1551,13.96,False,finance,synthetic,2026-05-14T05:50:14.584450,wear-out
synthetic_fa34c769dd32,data\synthetic\gaming\synthetic_fa34c769dd32.jpg,0.1286,11.57,False,gaming,synthetic,2026-05-14T05:45:00.263220,wear-out
synthetic_c6bc4689acef,data\synthetic\finance\synthetic_c6bc4689acef.jpg,0.1229,11.06,False,finance,synthetic,2026-05-14T05:46:56.704819,wear-out
synthetic_f0d155a73c33,data\synthetic\ecommerce\synthetic_f0d155a73c33.jpg,0.0457,4.11,False,ecommerce,synthetic,2026-05-14T05:45:56.216904,cut-out
synthetic_4f34d7636f6a,data\synthetic\finance\synthetic_4f34d7636f6a.jpg,0.1048,9.43,False,finance,synthetic,2026-05-14T05:55:35.436960,wear-out
synthetic_5c90504f7866,data\synthetic\gaming\synthetic_5c90504f7866.jpg,0.1458,13.12,False,gaming,synthetic,2026-05-14T05:43:50.657192,wear-out
synthetic_c8fccad965eb,data\synthetic\gaming\synthetic_c8fccad965eb.jpg,0.1087,9.78,False,gaming,synthetic,2026-05-14T05:58:57.252653,wear-out
synthetic_910c3fbb16bf,data\synthetic\ecommerce\synthetic_910c3fbb16bf.jpg,0.2166,19.49,False,ecommerce,synthetic,2026-05-14T05:51:42.947294,wear-out
synthetic_a99c06b64077,data\synthetic\gaming\synthetic_a99c06b64077.jpg,0.0686,6.17,False,gaming,synthetic,2026-05-14T06:01:01.819487,cut-out
synthetic_2a616b636a37,data\synthetic\ecommerce\synthetic_2a616b636a37.jpg,0.1449,13.04,False,ecommerce,synthetic,2026-05-14T05:47:46.360599,wear-out
synthetic_6f4ff2271997,data\synthetic\ecommerce\synthetic_6f4ff2271997.jpg,0.1447,13.02,False,ecommerce,synthetic,2026-05-14T05:47:09.228095,wear-out
synthetic_5ef52c40f632,data\synthetic\ecommerce\synthetic_5ef52c40f632.jpg,0.1591,14.32,False,ecommerce,synthetic,2026-05-14T05:54:34.517472,wear-out
synthetic_ba946ced40c1,data\synthetic\gaming\synthetic_ba946ced40c1.jpg,0.153,13.77,False,gaming,synthetic,2026-05-14T05:58:36.401987,wear-out
synthetic_a8790577ff97,data\synthetic\ecommerce\synthetic_a8790577ff97.jpg,0.0899,8.09,False,ecommerce,synthetic,2026-05-14T05:59:04.134415,wear-out
synthetic_b60cdc067e8a,data\synthetic\gaming\synthetic_b60cdc067e8a.jpg,0.1911,17.2,False,gaming,synthetic,2026-05-14T05:47:30.210982,wear-out
synthetic_dc73533b6c04,data\synthetic\finance\synthetic_dc73533b6c04.jpg,0.0988,8.89,False,finance,synthetic,2026-05-14T05:46:16.016491,wear-out
synthetic_9c5035937968,data\synthetic\finance\synthetic_9c5035937968.jpg,0.2363,21.27,False,finance,synthetic,2026-05-14T05:49:41.122696,wear-out
synthetic_5c2f1b1a664e,data\synthetic\gaming\synthetic_5c2f1b1a664e.jpg,0.0834,7.51,False,gaming,synthetic,2026-05-14T05:54:14.520272,wear-out
synthetic_72ec4df36da7,data\synthetic\gaming\synthetic_72ec4df36da7.jpg,0.1408,12.67,False,gaming,synthetic,2026-05-14T06:01:38.948497,wear-out
synthetic_f7358a21ae73,data\synthetic\ecommerce\synthetic_f7358a21ae73.jpg,0.0678,6.1,False,ecommerce,synthetic,2026-05-14T05:43:35.098496,cut-out
synthetic_5bce556c436c,data\synthetic\gaming\synthetic_5bce556c436c.jpg,0.0913,8.22,False,gaming,synthetic,2026-05-14T05:16:18.912667,wear-out
synthetic_49ed6025dcee,data\synthetic\gaming\synthetic_49ed6025dcee.jpg,0.1612,14.51,False,gaming,synthetic,2026-05-14T05:15:11.924323,wear-out
synthetic_42563ed6db7d,data\synthetic\gaming\synthetic_42563ed6db7d.jpg,0.1692,15.23,False,gaming,synthetic,2026-05-14T05:59:16.958627,wear-out
synthetic_a73e7e5a8556,data\synthetic\ecommerce\synthetic_a73e7e5a8556.jpg,0.1823,16.41,False,ecommerce,synthetic,2026-05-14T05:52:02.799021,wear-out
synthetic_7b18a5a920a5,data\synthetic\finance\synthetic_7b18a5a920a5.jpg,0.132,11.88,False,finance,synthetic,2026-05-14T05:48:41.516167,wear-out
synthetic_07d2089ddca1,data\synthetic\gaming\synthetic_07d2089ddca1.jpg,0.1193,10.74,False,gaming,synthetic,2026-05-14T05:13:16.009496,wear-out
synthetic_002f93fc6cbd,data\synthetic\finance\synthetic_002f93fc6cbd.jpg,0.1002,9.02,False,finance,synthetic,2026-05-14T05:52:34.358000,wear-out
synthetic_7bd507475e4f,data\synthetic\gaming\synthetic_7bd507475e4f.jpg,0.1171,10.54,False,gaming,synthetic,2026-05-14T05:49:56.562428,wear-out
synthetic_73be8bf622f2,data\synthetic\gaming\synthetic_73be8bf622f2.jpg,0.1188,10.69,False,gaming,synthetic,2026-05-14T05:56:40.059802,wear-out
synthetic_c211329174b6,data\synthetic\ecommerce\synthetic_c211329174b6.jpg,0.0354,3.19,False,ecommerce,synthetic,2026-05-14T05:53:48.423438,cut-out
synthetic_1cdcc3872f5a,data\synthetic\ecommerce\synthetic_1cdcc3872f5a.jpg,0.1272,11.45,False,ecommerce,synthetic,2026-05-14T05:52:44.362545,wear-out
synthetic_2394de3401ee,data\synthetic\gaming\synthetic_2394de3401ee.jpg,0.0966,8.69,False,gaming,synthetic,2026-05-14T05:53:27.783617,wear-out
synthetic_2a0b6e5efc38,data\synthetic\gaming\synthetic_2a0b6e5efc38.jpg,0.1213,10.92,False,gaming,synthetic,2026-05-14T05:58:57.093591,wear-out
synthetic_bbea8aa961af,data\synthetic\ecommerce\synthetic_bbea8aa961af.jpg,0.0364,3.28,False,ecommerce,synthetic,2026-05-14T05:49:15.568128,cut-out
synthetic_b9a7806029a4,data\synthetic\gaming\synthetic_b9a7806029a4.jpg,0.0871,7.84,False,gaming,synthetic,2026-05-14T05:44:15.367264,wear-out
synthetic_e9bf641aa658,data\synthetic\finance\synthetic_e9bf641aa658.jpg,0.0984,8.86,False,finance,synthetic,2026-05-14T05:16:23.019680,wear-out
synthetic_617c074402ba,data\synthetic\finance\synthetic_617c074402ba.jpg,0.0883,7.95,False,finance,synthetic,2026-05-14T05:45:36.864680,wear-out
synthetic_a1bf86071b6b,data\synthetic\gaming\synthetic_a1bf86071b6b.jpg,0.1814,16.33,False,gaming,synthetic,2026-05-14T05:13:57.192100,wear-out
synthetic_90ef580dd3fe,data\synthetic\finance\synthetic_90ef580dd3fe.jpg,0.0931,8.38,False,finance,synthetic,2026-05-14T05:48:20.469307,wear-out
synthetic_9aced5e42168,data\synthetic\gaming\synthetic_9aced5e42168.jpg,0.2801,25.21,False,gaming,synthetic,2026-05-14T05:15:02.091003,wear-out
synthetic_18ce22f89c47,data\synthetic\finance\synthetic_18ce22f89c47.jpg,0.1208,10.87,False,finance,synthetic,2026-05-14T05:51:39.403168,wear-out
synthetic_b39a64c6a47e,data\synthetic\finance\synthetic_b39a64c6a47e.jpg,0.0654,5.89,False,finance,synthetic,2026-05-14T05:55:10.735503,cut-out
synthetic_9299d28beda5,data\synthetic\ecommerce\synthetic_9299d28beda5.jpg,0.039,3.51,False,ecommerce,synthetic,2026-05-14T05:59:10.724279,cut-out
synthetic_98f456563c75,data\synthetic\gaming\synthetic_98f456563c75.jpg,0.0208,1.87,False,gaming,synthetic,2026-05-14T05:16:03.955183,cut-out
synthetic_a58c87740649,data\synthetic\finance\synthetic_a58c87740649.jpg,0.16,14.4,False,finance,synthetic,2026-05-14T05:56:04.344644,wear-out
synthetic_53f6fa1b776a,data\synthetic\finance\synthetic_53f6fa1b776a.jpg,0.0979,8.81,False,finance,synthetic,2026-05-14T05:46:01.809037,wear-out
synthetic_7da770b80edb,data\synthetic\ecommerce\synthetic_7da770b80edb.jpg,0.1562,14.06,False,ecommerce,synthetic,2026-05-14T05:46:44.384528,wear-out
synthetic_3e5cbac99b6c,data\synthetic\ecommerce\synthetic_3e5cbac99b6c.jpg,0.1237,11.13,False,ecommerce,synthetic,2026-05-14T05:53:12.341550,wear-out
synthetic_057faf1b59e8,data\synthetic\finance\synthetic_057faf1b59e8.jpg,0.0912,8.21,False,finance,synthetic,2026-05-14T06:01:20.610037,wear-out
synthetic_450158924eae,data\synthetic\finance\synthetic_450158924eae.jpg,0.1667,15.0,False,finance,synthetic,2026-05-14T05:59:13.651617,wear-out
synthetic_f5fd456d8d16,data\synthetic\gaming\synthetic_f5fd456d8d16.jpg,0.1391,12.52,False,gaming,synthetic,2026-05-14T05:49:56.528420,wear-out
synthetic_0f0fae41e50a,data\synthetic\gaming\synthetic_0f0fae41e50a.jpg,0.0192,1.73,False,gaming,synthetic,2026-05-14T06:00:04.025044,cut-out
synthetic_60df8fc1399f,data\synthetic\gaming\synthetic_60df8fc1399f.jpg,0.1567,14.1,False,gaming,synthetic,2026-05-14T06:02:40.887514,wear-out
synthetic_d852f103976e,data\synthetic\ecommerce\synthetic_d852f103976e.jpg,0.0791,7.12,False,ecommerce,synthetic,2026-05-14T05:47:11.469351,wear-out
synthetic_96cfef109e76,data\synthetic\ecommerce\synthetic_96cfef109e76.jpg,0.0964,8.68,False,ecommerce,synthetic,2026-05-14T05:50:03.840432,wear-out
synthetic_2c769128f1d3,data\synthetic\ecommerce\synthetic_2c769128f1d3.jpg,0.1576,14.18,False,ecommerce,synthetic,2026-05-14T05:57:46.431713,wear-out
synthetic_a5ada0bac63e,data\synthetic\gaming\synthetic_a5ada0bac63e.jpg,0.0821,7.39,False,gaming,synthetic,2026-05-14T05:15:45.278182,wear-out
synthetic_5b33ffb55840,data\synthetic\ecommerce\synthetic_5b33ffb55840.jpg,0.1176,10.58,False,ecommerce,synthetic,2026-05-14T05:44:49.241098,wear-out
synthetic_331f0c1e41e8,data\synthetic\finance\synthetic_331f0c1e41e8.jpg,0.1007,9.06,False,finance,synthetic,2026-05-14T05:54:09.546683,wear-out
synthetic_e9154a29f45c,data\synthetic\ecommerce\synthetic_e9154a29f45c.jpg,0.119,10.71,False,ecommerce,synthetic,2026-05-14T05:47:33.465804,wear-out
synthetic_da6f8cdfc0d0,data\synthetic\finance\synthetic_da6f8cdfc0d0.jpg,0.0846,7.61,False,finance,synthetic,2026-05-14T05:54:01.976511,wear-out
synthetic_6713fcee9d45,data\synthetic\ecommerce\synthetic_6713fcee9d45.jpg,0.0974,8.77,False,ecommerce,synthetic,2026-05-14T05:45:14.712268,wear-out
synthetic_989d2dbdc09a,data\synthetic\ecommerce\synthetic_989d2dbdc09a.jpg,0.1458,13.12,False,ecommerce,synthetic,2026-05-14T05:53:20.155244,wear-out
synthetic_6f8fef32cdbb,data\synthetic\gaming\synthetic_6f8fef32cdbb.jpg,0.102,9.18,False,gaming,synthetic,2026-05-14T05:59:37.362858,wear-out
synthetic_e14ab856076e,data\synthetic\ecommerce\synthetic_e14ab856076e.jpg,0.1293,11.64,False,ecommerce,synthetic,2026-05-14T05:46:03.821908,wear-out
synthetic_593628fcc422,data\synthetic\finance\synthetic_593628fcc422.jpg,0.1392,12.53,False,finance,synthetic,2026-05-14T05:48:29.642337,wear-out
synthetic_99f2d80aa166,data\synthetic\ecommerce\synthetic_99f2d80aa166.jpg,0.1803,16.23,False,ecommerce,synthetic,2026-05-14T05:54:15.380899,wear-out
synthetic_a3b329b9048f,data\synthetic\finance\synthetic_a3b329b9048f.jpg,0.107,9.63,False,finance,synthetic,2026-05-14T05:54:34.659836,wear-out
synthetic_e953e75adb64,data\synthetic\gaming\synthetic_e953e75adb64.jpg,0.106,9.54,False,gaming,synthetic,2026-05-14T05:44:23.598705,wear-out
synthetic_1d3f5a3489c6,data\synthetic\ecommerce\synthetic_1d3f5a3489c6.jpg,0.1736,15.62,False,ecommerce,synthetic,2026-05-14T05:58:31.343292,wear-out
synthetic_025fa830447f,data\synthetic\gaming\synthetic_025fa830447f.jpg,0.0998,8.98,False,gaming,synthetic,2026-05-14T05:47:35.748591,wear-out
synthetic_8f054af437b9,data\synthetic\gaming\synthetic_8f054af437b9.jpg,0.0637,5.73,False,gaming,synthetic,2026-05-14T06:01:53.989153,cut-out
synthetic_b056a8b4f892,data\synthetic\finance\synthetic_b056a8b4f892.jpg,0.0809,7.28,False,finance,synthetic,2026-05-14T05:59:13.719239,wear-out
synthetic_0a58aa16fe41,data\synthetic\finance\synthetic_0a58aa16fe41.jpg,0.0962,8.66,False,finance,synthetic,2026-05-14T06:02:17.896373,wear-out
synthetic_1945e0524e29,data\synthetic\ecommerce\synthetic_1945e0524e29.jpg,0.2026,18.23,False,ecommerce,synthetic,2026-05-14T05:53:49.498343,wear-out
synthetic_88afe1778077,data\synthetic\gaming\synthetic_88afe1778077.jpg,0.1033,9.3,False,gaming,synthetic,2026-05-14T05:49:27.413577,wear-out
synthetic_de45bb313f32,data\synthetic\finance\synthetic_de45bb313f32.jpg,0.1242,11.18,False,finance,synthetic,2026-05-14T05:55:35.330359,wear-out
synthetic_09cc9097dc33,data\synthetic\ecommerce\synthetic_09cc9097dc33.jpg,0.1051,9.46,False,ecommerce,synthetic,2026-05-14T05:12:46.887252,wear-out
synthetic_a9fd00253ceb,data\synthetic\gaming\synthetic_a9fd00253ceb.jpg,0.0976,8.78,False,gaming,synthetic,2026-05-14T05:16:29.802250,wear-out
synthetic_3a7c6ad0a8bc,data\synthetic\finance\synthetic_3a7c6ad0a8bc.jpg,0.159,14.31,False,finance,synthetic,2026-05-14T05:53:42.854371,wear-out
synthetic_e336cbac8701,data\synthetic\ecommerce\synthetic_e336cbac8701.jpg,0.1229,11.06,False,ecommerce,synthetic,2026-05-14T05:52:27.953539,wear-out
synthetic_8dab931e1662,data\synthetic\gaming\synthetic_8dab931e1662.jpg,0.114,10.26,False,gaming,synthetic,2026-05-14T05:45:25.997155,wear-out
synthetic_24c83492f861,data\synthetic\ecommerce\synthetic_24c83492f861.jpg,0.0741,6.67,False,ecommerce,synthetic,2026-05-14T05:44:49.069936,cut-out
synthetic_63b867266da1,data\synthetic\finance\synthetic_63b867266da1.jpg,0.1471,13.24,False,finance,synthetic,2026-05-14T06:02:08.321983,wear-out
synthetic_60c0d2582c83,data\synthetic\ecommerce\synthetic_60c0d2582c83.jpg,0.1308,11.77,False,ecommerce,synthetic,2026-05-14T05:53:38.655800,wear-out
synthetic_8c570160de8f,data\synthetic\finance\synthetic_8c570160de8f.jpg,0.139,12.51,False,finance,synthetic,2026-05-14T05:47:14.671825,wear-out
synthetic_c7b48f0cda98,data\synthetic\finance\synthetic_c7b48f0cda98.jpg,0.0398,3.58,False,finance,synthetic,2026-05-14T05:55:59.685824,cut-out
synthetic_e0b31c5b0a3b,data\synthetic\finance\synthetic_e0b31c5b0a3b.jpg,0.0659,5.93,False,finance,synthetic,2026-05-14T05:50:04.165165,cut-out
synthetic_4ba3ef73fcf3,data\synthetic\finance\synthetic_4ba3ef73fcf3.jpg,0.2339,21.05,False,finance,synthetic,2026-05-14T05:51:13.540736,wear-out
synthetic_f7773c2fbba6,data\synthetic\finance\synthetic_f7773c2fbba6.jpg,0.1487,13.38,False,finance,synthetic,2026-05-14T06:02:44.270930,wear-out
synthetic_1291c1a3aa5d,data\synthetic\ecommerce\synthetic_1291c1a3aa5d.jpg,0.1459,13.13,False,ecommerce,synthetic,2026-05-14T05:48:51.992536,wear-out
synthetic_911428918258,data\synthetic\ecommerce\synthetic_911428918258.jpg,0.2068,18.61,False,ecommerce,synthetic,2026-05-14T05:56:32.427563,wear-out
synthetic_075481914e7c,data\synthetic\finance\synthetic_075481914e7c.jpg,0.1231,11.08,False,finance,synthetic,2026-05-14T05:46:45.155769,wear-out
synthetic_8faa38b635bc,data\synthetic\gaming\synthetic_8faa38b635bc.jpg,0.0684,6.16,False,gaming,synthetic,2026-05-14T05:52:42.768496,cut-out
synthetic_e646aa591279,data\synthetic\ecommerce\synthetic_e646aa591279.jpg,0.1623,14.61,False,ecommerce,synthetic,2026-05-14T05:15:39.174625,wear-out
synthetic_2f32dd5a8f72,data\synthetic\finance\synthetic_2f32dd5a8f72.jpg,0.1076,9.68,False,finance,synthetic,2026-05-14T00:34:24.122969,wear-out
synthetic_536d5865567f,data\synthetic\finance\synthetic_536d5865567f.jpg,0.1118,10.06,False,finance,synthetic,2026-05-14T05:48:49.304636,wear-out
synthetic_acfccdc8989c,data\synthetic\ecommerce\synthetic_acfccdc8989c.jpg,0.1449,13.04,False,ecommerce,synthetic,2026-05-14T05:53:42.046306,wear-out
synthetic_4532b2dbbadb,data\synthetic\finance\synthetic_4532b2dbbadb.jpg,0.0858,7.72,False,finance,synthetic,2026-05-14T05:48:27.414002,wear-out
synthetic_7f6326c98021,data\synthetic\gaming\synthetic_7f6326c98021.jpg,0.0251,2.26,False,gaming,synthetic,2026-05-14T05:43:46.989010,cut-out
synthetic_f83a185f621f,data\synthetic\gaming\synthetic_f83a185f621f.jpg,0.2108,18.97,False,gaming,synthetic,2026-05-14T05:15:05.800643,wear-out
synthetic_f859f67dc040,data\synthetic\finance\synthetic_f859f67dc040.jpg,0.124,11.16,False,finance,synthetic,2026-05-14T05:45:54.908823,wear-out
synthetic_d5ebe9c4ac9c,data\synthetic\finance\synthetic_d5ebe9c4ac9c.jpg,0.1299,11.69,False,finance,synthetic,2026-05-14T05:52:44.593001,wear-out
synthetic_c1fff9806a96,data\synthetic\gaming\synthetic_c1fff9806a96.jpg,0.0774,6.97,False,gaming,synthetic,2026-05-14T05:43:37.754126,cut-out
synthetic_704ef8e9dbc5,data\synthetic\gaming\synthetic_704ef8e9dbc5.jpg,0.1148,10.33,False,gaming,synthetic,2026-05-14T05:48:31.608932,wear-out
synthetic_eda7b1547b5e,data\synthetic\finance\synthetic_eda7b1547b5e.jpg,0.11,9.9,False,finance,synthetic,2026-05-14T06:02:11.266117,wear-out
synthetic_7036f7ce0999,data\synthetic\finance\synthetic_7036f7ce0999.jpg,0.105,9.45,False,finance,synthetic,2026-05-14T05:43:47.780400,wear-out
synthetic_102f6ea7d07a,data\synthetic\gaming\synthetic_102f6ea7d07a.jpg,0.156,14.04,False,gaming,synthetic,2026-05-14T05:46:25.197246,wear-out
synthetic_213324409c56,data\synthetic\finance\synthetic_213324409c56.jpg,0.1423,12.81,False,finance,synthetic,2026-05-14T06:01:47.810915,wear-out
synthetic_ee7fea0c61fb,data\synthetic\gaming\synthetic_ee7fea0c61fb.jpg,0.1057,9.51,False,gaming,synthetic,2026-05-14T05:57:34.465222,wear-out
synthetic_473abd2113ed,data\synthetic\finance\synthetic_473abd2113ed.jpg,0.1094,9.85,False,finance,synthetic,2026-05-14T05:13:39.078574,wear-out
synthetic_6938e69448c8,data\synthetic\gaming\synthetic_6938e69448c8.jpg,0.086,7.74,False,gaming,synthetic,2026-05-14T05:48:32.739885,wear-out
synthetic_555f70e36208,data\synthetic\gaming\synthetic_555f70e36208.jpg,0.1421,12.79,False,gaming,synthetic,2026-05-14T05:57:25.951970,wear-out
synthetic_c915065ea2d6,data\synthetic\finance\synthetic_c915065ea2d6.jpg,0.1411,12.7,False,finance,synthetic,2026-05-14T05:56:51.043431,wear-out
synthetic_3911b100eb29,data\synthetic\ecommerce\synthetic_3911b100eb29.jpg,0.1753,15.78,False,ecommerce,synthetic,2026-05-14T05:53:41.159451,wear-out
synthetic_260c94450457,data\synthetic\finance\synthetic_260c94450457.jpg,0.1863,16.77,False,finance,synthetic,2026-05-14T05:46:40.258780,wear-out
synthetic_6865b943b693,data\synthetic\ecommerce\synthetic_6865b943b693.jpg,0.1208,10.87,False,ecommerce,synthetic,2026-05-14T05:44:31.876798,wear-out
synthetic_c944f6f2fa42,data\synthetic\gaming\synthetic_c944f6f2fa42.jpg,0.1582,14.24,False,gaming,synthetic,2026-05-14T05:45:23.508588,wear-out
synthetic_389ab439b8c1,data\synthetic\ecommerce\synthetic_389ab439b8c1.jpg,0.1411,12.7,False,ecommerce,synthetic,2026-05-14T05:47:24.303252,wear-out
synthetic_dd58ab605768,data\synthetic\gaming\synthetic_dd58ab605768.jpg,0.122,10.98,False,gaming,synthetic,2026-05-14T06:01:45.785505,wear-out
synthetic_e6df63776c76,data\synthetic\finance\synthetic_e6df63776c76.jpg,0.0159,1.43,False,finance,synthetic,2026-05-14T05:56:07.864385,cut-out
synthetic_d36220062c23,data\synthetic\finance\synthetic_d36220062c23.jpg,0.0518,4.66,False,finance,synthetic,2026-05-14T05:52:30.248585,cut-out
synthetic_5b64c6a85eec,data\synthetic\gaming\synthetic_5b64c6a85eec.jpg,0.081,7.29,False,gaming,synthetic,2026-05-14T05:45:00.339966,wear-out
synthetic_6ea9d64191c2,data\synthetic\gaming\synthetic_6ea9d64191c2.jpg,0.1356,12.2,False,gaming,synthetic,2026-05-14T05:16:01.986627,wear-out
synthetic_d482ed971dbc,data\synthetic\finance\synthetic_d482ed971dbc.jpg,0.0953,8.58,False,finance,synthetic,2026-05-14T06:00:07.548153,wear-out
synthetic_e7f2381c6ef4,data\synthetic\ecommerce\synthetic_e7f2381c6ef4.jpg,0.1433,12.9,False,ecommerce,synthetic,2026-05-14T05:56:41.961081,wear-out
synthetic_8d467293bc12,data\synthetic\gaming\synthetic_8d467293bc12.jpg,0.1652,14.87,False,gaming,synthetic,2026-05-14T05:17:24.146132,wear-out
synthetic_f64d5be7cfd2,data\synthetic\finance\synthetic_f64d5be7cfd2.jpg,0.0816,7.34,False,finance,synthetic,2026-05-14T05:15:20.695767,wear-out
synthetic_cb6b8938aa39,data\synthetic\gaming\synthetic_cb6b8938aa39.jpg,0.1517,13.65,False,gaming,synthetic,2026-05-14T05:48:11.857765,wear-out
synthetic_1f5d49922039,data\synthetic\gaming\synthetic_1f5d49922039.jpg,0.0981,8.83,False,gaming,synthetic,2026-05-14T05:58:48.684026,wear-out
synthetic_b6ae0e2bc8c1,data\synthetic\ecommerce\synthetic_b6ae0e2bc8c1.jpg,0.1088,9.79,False,ecommerce,synthetic,2026-05-14T05:55:30.645063,wear-out
synthetic_5e0ff6a47fc5,data\synthetic\finance\synthetic_5e0ff6a47fc5.jpg,0.0829,7.46,False,finance,synthetic,2026-05-14T05:49:11.328094,wear-out
synthetic_97dcb19083d7,data\synthetic\finance\synthetic_97dcb19083d7.jpg,0.0894,8.05,False,finance,synthetic,2026-05-14T05:57:47.790461,wear-out
synthetic_6d2eb16720b8,data\synthetic\finance\synthetic_6d2eb16720b8.jpg,0.1351,12.16,False,finance,synthetic,2026-05-14T05:50:07.693977,wear-out
synthetic_b5e388c804b5,data\synthetic\finance\synthetic_b5e388c804b5.jpg,0.0319,2.87,False,finance,synthetic,2026-05-14T05:49:04.463711,cut-out
synthetic_5a2d047dc7c0,data\synthetic\gaming\synthetic_5a2d047dc7c0.jpg,0.0756,6.8,False,gaming,synthetic,2026-05-14T06:02:24.027214,cut-out
synthetic_83f7470ceeb0,data\synthetic\finance\synthetic_83f7470ceeb0.jpg,0.0843,7.59,False,finance,synthetic,2026-05-14T05:58:39.515526,wear-out
synthetic_74588a7db53b,data\synthetic\gaming\synthetic_74588a7db53b.jpg,0.1373,12.36,False,gaming,synthetic,2026-05-14T05:54:19.401862,wear-out
synthetic_9171ff965eb2,data\synthetic\ecommerce\synthetic_9171ff965eb2.jpg,0.1834,16.51,False,ecommerce,synthetic,2026-05-14T05:47:38.549247,wear-out
synthetic_674ec695b5f7,data\synthetic\ecommerce\synthetic_674ec695b5f7.jpg,0.2199,19.79,False,ecommerce,synthetic,2026-05-14T05:55:15.752179,wear-out
synthetic_98143d8fb79e,data\synthetic\gaming\synthetic_98143d8fb79e.jpg,0.1236,11.12,False,gaming,synthetic,2026-05-14T05:49:58.715711,wear-out
synthetic_33c3e15ff9e9,data\synthetic\gaming\synthetic_33c3e15ff9e9.jpg,0.1114,10.03,False,gaming,synthetic,2026-05-14T05:42:43.855503,wear-out
synthetic_da28a666877d,data\synthetic\gaming\synthetic_da28a666877d.jpg,0.078,7.02,False,gaming,synthetic,2026-05-14T05:47:39.567529,wear-out
synthetic_bb3551132485,data\synthetic\ecommerce\synthetic_bb3551132485.jpg,0.1544,13.9,False,ecommerce,synthetic,2026-05-14T05:54:00.758124,wear-out
synthetic_4f4d89075890,data\synthetic\finance\synthetic_4f4d89075890.jpg,0.1097,9.87,False,finance,synthetic,2026-05-14T05:44:07.846772,wear-out
synthetic_942098332a4d,data\synthetic\gaming\synthetic_942098332a4d.jpg,0.1133,10.2,False,gaming,synthetic,2026-05-14T05:45:37.751693,wear-out
synthetic_0f896d87fa61,data\synthetic\finance\synthetic_0f896d87fa61.jpg,0.1817,16.35,False,finance,synthetic,2026-05-14T05:17:30.436622,wear-out
synthetic_4fd6c9a07178,data\synthetic\finance\synthetic_4fd6c9a07178.jpg,0.1142,10.28,False,finance,synthetic,2026-05-14T05:59:21.166731,wear-out
synthetic_11d438222df4,data\synthetic\gaming\synthetic_11d438222df4.jpg,0.0222,2.0,False,gaming,synthetic,2026-05-14T05:12:14.553342,cut-out
synthetic_0afaa953b18e,data\synthetic\gaming\synthetic_0afaa953b18e.jpg,0.0954,8.59,False,gaming,synthetic,2026-05-14T05:55:24.565749,wear-out
synthetic_0022b9930872,data\synthetic\ecommerce\synthetic_0022b9930872.jpg,0.0769,6.92,False,ecommerce,synthetic,2026-05-14T05:12:22.768162,cut-out
synthetic_de249c62799d,data\synthetic\gaming\synthetic_de249c62799d.jpg,0.1729,15.56,False,gaming,synthetic,2026-05-14T05:57:26.436408,wear-out
synthetic_9bea74f03a3e,data\synthetic\ecommerce\synthetic_9bea74f03a3e.jpg,0.079,7.11,False,ecommerce,synthetic,2026-05-14T06:01:35.336978,wear-out
synthetic_01f4e66d6555,data\synthetic\ecommerce\synthetic_01f4e66d6555.jpg,0.0937,8.43,False,ecommerce,synthetic,2026-05-14T05:46:27.389791,wear-out
synthetic_21b5500c0c88,data\synthetic\ecommerce\synthetic_21b5500c0c88.jpg,0.0914,8.23,False,ecommerce,synthetic,2026-05-14T05:45:03.049930,wear-out
synthetic_d937e76bfd73,data\synthetic\finance\synthetic_d937e76bfd73.jpg,0.0092,0.83,False,finance,synthetic,2026-05-14T05:48:14.166611,cut-out
synthetic_f7cef2601d65,data\synthetic\finance\synthetic_f7cef2601d65.jpg,0.2028,18.25,False,finance,synthetic,2026-05-14T05:57:31.410177,wear-out
synthetic_22131373c736,data\synthetic\finance\synthetic_22131373c736.jpg,0.1242,11.18,False,finance,synthetic,2026-05-14T05:48:01.108985,wear-out
synthetic_b8948012169a,data\synthetic\ecommerce\synthetic_b8948012169a.jpg,0.1408,12.67,False,ecommerce,synthetic,2026-05-14T05:52:15.605612,wear-out
synthetic_4bc7a5fe28d9,data\synthetic\gaming\synthetic_4bc7a5fe28d9.jpg,0.124,11.16,False,gaming,synthetic,2026-05-14T05:13:10.476958,wear-out
synthetic_736003f2bb10,data\synthetic\finance\synthetic_736003f2bb10.jpg,0.1654,14.89,False,finance,synthetic,2026-05-14T05:54:37.578374,wear-out
synthetic_6912dbaf396b,data\synthetic\finance\synthetic_6912dbaf396b.jpg,0.2158,19.42,False,finance,synthetic,2026-05-14T05:55:25.774590,wear-out
synthetic_48d8cc15b522,data\synthetic\ecommerce\synthetic_48d8cc15b522.jpg,0.1326,11.93,False,ecommerce,synthetic,2026-05-14T05:51:00.651041,wear-out
synthetic_88408361dc41,data\synthetic\finance\synthetic_88408361dc41.jpg,0.1591,14.32,False,finance,synthetic,2026-05-14T05:55:03.383788,wear-out
synthetic_5adc413d6deb,data\synthetic\gaming\synthetic_5adc413d6deb.jpg,0.15,13.5,False,gaming,synthetic,2026-05-14T05:43:13.720251,wear-out
synthetic_fa1f2e4a160a,data\synthetic\gaming\synthetic_fa1f2e4a160a.jpg,0.0698,6.28,False,gaming,synthetic,2026-05-14T05:59:04.063129,cut-out
synthetic_be2e86b0211c,data\synthetic\gaming\synthetic_be2e86b0211c.jpg,0.1441,12.97,False,gaming,synthetic,2026-05-14T05:15:39.238064,wear-out
synthetic_21b1966e4c9e,data\synthetic\finance\synthetic_21b1966e4c9e.jpg,0.1337,12.03,False,finance,synthetic,2026-05-14T05:45:37.089657,wear-out
synthetic_cb5e3982bf37,data\synthetic\ecommerce\synthetic_cb5e3982bf37.jpg,0.0654,5.89,False,ecommerce,synthetic,2026-05-14T05:58:08.975038,cut-out
synthetic_4ab27d8cb2cc,data\synthetic\ecommerce\synthetic_4ab27d8cb2cc.jpg,0.3092,27.83,False,ecommerce,synthetic,2026-05-14T05:52:19.555758,wear-out
synthetic_99ab5016cf58,data\synthetic\ecommerce\synthetic_99ab5016cf58.jpg,0.1308,11.77,False,ecommerce,synthetic,2026-05-14T05:45:37.920661,wear-out
synthetic_8ccc69c1fdef,data\synthetic\finance\synthetic_8ccc69c1fdef.jpg,0.1166,10.49,False,finance,synthetic,2026-05-14T05:47:42.544573,wear-out
synthetic_c28199a423f0,data\synthetic\ecommerce\synthetic_c28199a423f0.jpg,0.0402,3.62,False,ecommerce,synthetic,2026-05-14T06:02:37.975542,cut-out
synthetic_3c10815bd151,data\synthetic\finance\synthetic_3c10815bd151.jpg,0.1146,10.31,False,finance,synthetic,2026-05-14T05:44:49.562397,wear-out
synthetic_5cf6d385941e,data\synthetic\gaming\synthetic_5cf6d385941e.jpg,0.1381,12.43,False,gaming,synthetic,2026-05-14T06:01:28.101865,wear-out
synthetic_9cb752e8ffdd,data\synthetic\gaming\synthetic_9cb752e8ffdd.jpg,0.1326,11.93,False,gaming,synthetic,2026-05-14T05:52:42.584790,wear-out
synthetic_45e0483b33a2,data\synthetic\gaming\synthetic_45e0483b33a2.jpg,0.0932,8.39,False,gaming,synthetic,2026-05-14T05:50:12.761294,wear-out
synthetic_da6f525a7e6c,data\synthetic\ecommerce\synthetic_da6f525a7e6c.jpg,0.0362,3.26,False,ecommerce,synthetic,2026-05-14T05:49:31.391382,cut-out
synthetic_6925127b0577,data\synthetic\ecommerce\synthetic_6925127b0577.jpg,0.1754,15.79,False,ecommerce,synthetic,2026-05-14T05:52:03.641075,wear-out
synthetic_e0c695331ddf,data\synthetic\gaming\synthetic_e0c695331ddf.jpg,0.1287,11.58,False,gaming,synthetic,2026-05-14T06:02:56.345382,wear-out
synthetic_7a0073988b15,data\synthetic\gaming\synthetic_7a0073988b15.jpg,0.0313,2.82,False,gaming,synthetic,2026-05-14T05:48:21.869189,cut-out
synthetic_2de976b1f3dd,data\synthetic\finance\synthetic_2de976b1f3dd.jpg,0.073,6.57,False,finance,synthetic,2026-05-14T05:59:25.964144,cut-out
synthetic_7dc2706e4d9c,data\synthetic\ecommerce\synthetic_7dc2706e4d9c.jpg,0.0612,5.51,False,ecommerce,synthetic,2026-05-14T05:55:41.507929,cut-out
synthetic_559f4a450074,data\synthetic\finance\synthetic_559f4a450074.jpg,0.0658,5.92,False,finance,synthetic,2026-05-14T05:52:13.672159,cut-out
synthetic_d5131c87232d,data\synthetic\ecommerce\synthetic_d5131c87232d.jpg,0.1232,11.09,False,ecommerce,synthetic,2026-05-14T05:45:30.100625,wear-out
synthetic_0dce1b988ddd,data\synthetic\gaming\synthetic_0dce1b988ddd.jpg,0.1106,9.95,False,gaming,synthetic,2026-05-14T05:46:30.314797,wear-out
synthetic_72520b129ac6,data\synthetic\ecommerce\synthetic_72520b129ac6.jpg,0.1812,16.31,False,ecommerce,synthetic,2026-05-14T05:54:07.540939,wear-out
synthetic_049adc21bcad,data\synthetic\finance\synthetic_049adc21bcad.jpg,0.186,16.74,False,finance,synthetic,2026-05-14T05:12:38.656609,wear-out
synthetic_20add1c14978,data\synthetic\finance\synthetic_20add1c14978.jpg,0.1412,12.71,False,finance,synthetic,2026-05-14T05:16:43.504037,wear-out
synthetic_3a3937b4c199,data\synthetic\gaming\synthetic_3a3937b4c199.jpg,0.196,17.64,False,gaming,synthetic,2026-05-14T06:00:35.731167,wear-out
synthetic_d361651624a0,data\synthetic\gaming\synthetic_d361651624a0.jpg,0.1234,11.11,False,gaming,synthetic,2026-05-14T04:56:36.461154,wear-out
synthetic_c7701c26a391,data\synthetic\finance\synthetic_c7701c26a391.jpg,0.2686,24.17,False,finance,synthetic,2026-05-14T05:56:46.143856,wear-out
synthetic_b1d91c6280a7,data\synthetic\gaming\synthetic_b1d91c6280a7.jpg,0.2078,18.7,False,gaming,synthetic,2026-05-14T05:57:54.491730,wear-out
synthetic_815ad7922851,data\synthetic\finance\synthetic_815ad7922851.jpg,0.0621,5.59,False,finance,synthetic,2026-05-14T05:16:43.817409,cut-out
synthetic_ef0e9cfc4d07,data\synthetic\gaming\synthetic_ef0e9cfc4d07.jpg,0.0789,7.1,False,gaming,synthetic,2026-05-14T05:14:22.820316,wear-out
synthetic_ccb4d60ad595,data\synthetic\gaming\synthetic_ccb4d60ad595.jpg,0.0618,5.56,False,gaming,synthetic,2026-05-14T05:59:35.775367,cut-out
synthetic_dd333276d2ce,data\synthetic\gaming\synthetic_dd333276d2ce.jpg,0.044,3.96,False,gaming,synthetic,2026-05-14T05:48:38.604853,cut-out
synthetic_3c733390e718,data\synthetic\finance\synthetic_3c733390e718.jpg,0.117,10.53,False,finance,synthetic,2026-05-14T06:02:26.140613,wear-out
synthetic_5db35ea076e1,data\synthetic\gaming\synthetic_5db35ea076e1.jpg,0.0111,1.0,False,gaming,synthetic,2026-05-14T05:58:18.170136,cut-out
synthetic_0d57397b5bed,data\synthetic\gaming\synthetic_0d57397b5bed.jpg,0.0967,8.7,False,gaming,synthetic,2026-05-14T05:44:54.183240,wear-out
synthetic_69ba72e5be33,data\synthetic\finance\synthetic_69ba72e5be33.jpg,0.144,12.96,False,finance,synthetic,2026-05-14T05:16:03.068941,wear-out
synthetic_dcebfd5fddb3,data\synthetic\gaming\synthetic_dcebfd5fddb3.jpg,0.1209,10.88,False,gaming,synthetic,2026-05-14T05:57:49.915666,wear-out
synthetic_c779183e7488,data\synthetic\finance\synthetic_c779183e7488.jpg,0.1198,10.78,False,finance,synthetic,2026-05-14T06:02:17.964008,wear-out
synthetic_a46a4a894363,data\synthetic\ecommerce\synthetic_a46a4a894363.jpg,0.1687,15.18,False,ecommerce,synthetic,2026-05-14T05:51:21.578238,wear-out
synthetic_74b7a2f5d5c9,data\synthetic\finance\synthetic_74b7a2f5d5c9.jpg,0.1154,10.39,False,finance,synthetic,2026-05-14T05:15:14.886998,wear-out
synthetic_a4399bbd9f76,data\synthetic\finance\synthetic_a4399bbd9f76.jpg,0.111,9.99,False,finance,synthetic,2026-05-14T05:49:13.507607,wear-out
synthetic_cbc8775407b9,data\synthetic\finance\synthetic_cbc8775407b9.jpg,0.1031,9.28,False,finance,synthetic,2026-05-14T05:16:17.163665,wear-out
synthetic_4e5b9d177696,data\synthetic\gaming\synthetic_4e5b9d177696.jpg,0.0158,1.42,False,gaming,synthetic,2026-05-14T05:54:35.997144,cut-out
synthetic_3f60f8cf125a,data\synthetic\ecommerce\synthetic_3f60f8cf125a.jpg,0.2043,18.39,False,ecommerce,synthetic,2026-05-14T05:16:49.551275,wear-out
synthetic_9308c5d964d0,data\synthetic\ecommerce\synthetic_9308c5d964d0.jpg,0.094,8.46,False,ecommerce,synthetic,2026-05-14T05:57:46.924065,wear-out
synthetic_c65238638b32,data\synthetic\ecommerce\synthetic_c65238638b32.jpg,0.1989,17.9,False,ecommerce,synthetic,2026-05-14T05:48:07.753557,wear-out
synthetic_79820983d5db,data\synthetic\gaming\synthetic_79820983d5db.jpg,0.0533,4.8,False,gaming,synthetic,2026-05-14T05:12:21.720414,cut-out
synthetic_6d01ee6a1413,data\synthetic\ecommerce\synthetic_6d01ee6a1413.jpg,0.0846,7.61,False,ecommerce,synthetic,2026-05-14T05:53:22.007368,wear-out
synthetic_c904219ea9ae,data\synthetic\finance\synthetic_c904219ea9ae.jpg,0.1353,12.18,False,finance,synthetic,2026-05-14T05:13:11.599751,wear-out
synthetic_b3bfdd5032ae,data\synthetic\ecommerce\synthetic_b3bfdd5032ae.jpg,0.1241,11.17,False,ecommerce,synthetic,2026-05-14T05:43:53.564691,wear-out
synthetic_6ecd900a9e6c,data\synthetic\finance\synthetic_6ecd900a9e6c.jpg,0.1527,13.74,False,finance,synthetic,2026-05-14T05:50:22.134607,wear-out
synthetic_7f7a44a492cf,data\synthetic\finance\synthetic_7f7a44a492cf.jpg,0.0676,6.08,False,finance,synthetic,2026-05-14T05:59:54.988408,cut-out
synthetic_0e5a3867ef06,data\synthetic\gaming\synthetic_0e5a3867ef06.jpg,0.2027,18.24,False,gaming,synthetic,2026-05-14T05:47:33.305160,wear-out
synthetic_442c2596934c,data\synthetic\finance\synthetic_442c2596934c.jpg,0.0746,6.71,False,finance,synthetic,2026-05-14T05:58:47.600799,cut-out
synthetic_ce9fb2ab3710,data\synthetic\ecommerce\synthetic_ce9fb2ab3710.jpg,0.2477,22.29,False,ecommerce,synthetic,2026-05-14T05:17:24.853391,wear-out
synthetic_2c4912b37823,data\synthetic\finance\synthetic_2c4912b37823.jpg,0.0943,8.49,False,finance,synthetic,2026-05-14T05:53:57.934421,wear-out
synthetic_2d93346d175e,data\synthetic\ecommerce\synthetic_2d93346d175e.jpg,0.0111,1.0,False,ecommerce,synthetic,2026-05-14T05:44:26.287370,cut-out
synthetic_3e1c1f694c1f,data\synthetic\gaming\synthetic_3e1c1f694c1f.jpg,0.1001,9.01,False,gaming,synthetic,2026-05-14T05:48:14.807047,wear-out
synthetic_ac868af5fbad,data\synthetic\gaming\synthetic_ac868af5fbad.jpg,0.1143,10.29,False,gaming,synthetic,2026-05-14T05:48:44.139330,wear-out
synthetic_2816156a639e,data\synthetic\finance\synthetic_2816156a639e.jpg,0.0731,6.58,False,finance,synthetic,2026-05-14T06:00:01.767933,cut-out
synthetic_e5fee0350213,data\synthetic\finance\synthetic_e5fee0350213.jpg,0.0261,2.35,False,finance,synthetic,2026-05-14T05:45:05.921779,cut-out
synthetic_b1396bec355a,data\synthetic\gaming\synthetic_b1396bec355a.jpg,0.1294,11.65,False,gaming,synthetic,2026-05-14T05:15:16.372845,wear-out
synthetic_b48236e98468,data\synthetic\finance\synthetic_b48236e98468.jpg,0.082,7.38,False,finance,synthetic,2026-05-14T05:53:51.691666,wear-out
synthetic_424784b0d0ee,data\synthetic\gaming\synthetic_424784b0d0ee.jpg,0.0847,7.62,False,gaming,synthetic,2026-05-14T05:48:07.003579,wear-out
synthetic_3289d542ba93,data\synthetic\ecommerce\synthetic_3289d542ba93.jpg,0.1646,14.81,False,ecommerce,synthetic,2026-05-14T06:02:22.475408,wear-out
synthetic_62a23cfa5de9,data\synthetic\gaming\synthetic_62a23cfa5de9.jpg,0.0236,2.12,False,gaming,synthetic,2026-05-14T05:15:56.344575,cut-out
synthetic_613db88a3487,data\synthetic\ecommerce\synthetic_613db88a3487.jpg,0.0871,7.84,False,ecommerce,synthetic,2026-05-14T05:43:31.114533,wear-out
synthetic_6d09d620bb6b,data\synthetic\gaming\synthetic_6d09d620bb6b.jpg,0.1403,12.63,False,gaming,synthetic,2026-05-14T05:59:48.356489,wear-out
synthetic_073c3b476733,data\synthetic\ecommerce\synthetic_073c3b476733.jpg,0.1239,11.15,False,ecommerce,synthetic,2026-05-14T05:59:28.685697,wear-out
synthetic_2fd35348041b,data\synthetic\gaming\synthetic_2fd35348041b.jpg,0.0594,5.35,False,gaming,synthetic,2026-05-14T05:52:16.113610,cut-out
synthetic_8a2c45916c98,data\synthetic\gaming\synthetic_8a2c45916c98.jpg,0.0936,8.42,False,gaming,synthetic,2026-05-14T05:51:34.938089,wear-out
synthetic_c13f0f4929d0,data\synthetic\gaming\synthetic_c13f0f4929d0.jpg,0.1768,15.91,False,gaming,synthetic,2026-05-14T05:43:37.522546,wear-out
synthetic_323055798de7,data\synthetic\ecommerce\synthetic_323055798de7.jpg,0.0666,5.99,False,ecommerce,synthetic,2026-05-14T05:49:39.564716,cut-out
synthetic_35b502d76461,data\synthetic\finance\synthetic_35b502d76461.jpg,0.1733,15.6,False,finance,synthetic,2026-05-14T05:49:58.825386,wear-out
synthetic_836d9f57968b,data\synthetic\ecommerce\synthetic_836d9f57968b.jpg,0.0866,7.79,False,ecommerce,synthetic,2026-05-14T05:16:34.579956,wear-out
synthetic_ea9b2d4e3cdb,data\synthetic\finance\synthetic_ea9b2d4e3cdb.jpg,0.1254,11.29,False,finance,synthetic,2026-05-14T05:12:43.305079,wear-out
synthetic_ba5f4edf689e,data\synthetic\ecommerce\synthetic_ba5f4edf689e.jpg,0.0877,7.89,False,ecommerce,synthetic,2026-05-14T06:01:21.684612,wear-out
synthetic_ac59292b576d,data\synthetic\gaming\synthetic_ac59292b576d.jpg,0.0888,7.99,False,gaming,synthetic,2026-05-14T05:12:50.795952,wear-out
synthetic_9eeb16656a67,data\synthetic\finance\synthetic_9eeb16656a67.jpg,0.1327,11.94,False,finance,synthetic,2026-05-14T05:44:29.305146,wear-out
synthetic_b47b0d710243,data\synthetic\gaming\synthetic_b47b0d710243.jpg,0.1226,11.03,False,gaming,synthetic,2026-05-14T05:52:56.225271,wear-out
synthetic_c0b57a2ba5c4,data\synthetic\ecommerce\synthetic_c0b57a2ba5c4.jpg,0.0629,5.66,False,ecommerce,synthetic,2026-05-14T06:01:24.187287,cut-out
synthetic_75efb402920a,data\synthetic\gaming\synthetic_75efb402920a.jpg,0.1363,12.27,False,gaming,synthetic,2026-05-14T05:50:14.424566,wear-out
synthetic_817526e54ad0,data\synthetic\gaming\synthetic_817526e54ad0.jpg,0.1758,15.82,False,gaming,synthetic,2026-05-14T05:44:48.630346,wear-out
synthetic_66ac9912803a,data\synthetic\gaming\synthetic_66ac9912803a.jpg,0.1438,12.94,False,gaming,synthetic,2026-05-14T05:49:21.818575,wear-out
synthetic_b6e55f082ba5,data\synthetic\gaming\synthetic_b6e55f082ba5.jpg,0.134,12.06,False,gaming,synthetic,2026-05-14T05:45:22.434048,wear-out
synthetic_fa9e710c320a,data\synthetic\gaming\synthetic_fa9e710c320a.jpg,0.0978,8.8,False,gaming,synthetic,2026-05-14T05:56:50.543846,wear-out
synthetic_80ea86ae9ebc,data\synthetic\finance\synthetic_80ea86ae9ebc.jpg,0.1342,12.08,False,finance,synthetic,2026-05-14T05:54:10.939108,wear-out
synthetic_11d21d3b354d,data\synthetic\gaming\synthetic_11d21d3b354d.jpg,0.0842,7.58,False,gaming,synthetic,2026-05-14T05:43:39.119866,wear-out
synthetic_4dcdbb5cd8d5,data\synthetic\ecommerce\synthetic_4dcdbb5cd8d5.jpg,0.0428,3.85,False,ecommerce,synthetic,2026-05-14T05:46:39.460065,cut-out
synthetic_f5008f3797e2,data\synthetic\ecommerce\synthetic_f5008f3797e2.jpg,0.163,14.67,False,ecommerce,synthetic,2026-05-14T05:43:38.212569,wear-out
synthetic_fd0020d94d20,data\synthetic\gaming\synthetic_fd0020d94d20.jpg,0.0627,5.64,False,gaming,synthetic,2026-05-14T05:44:20.109283,cut-out
synthetic_dea5c6dd034f,data\synthetic\finance\synthetic_dea5c6dd034f.jpg,0.1007,9.06,False,finance,synthetic,2026-05-14T05:56:05.048820,wear-out
synthetic_8204c290d685,data\synthetic\finance\synthetic_8204c290d685.jpg,0.0722,6.5,False,finance,synthetic,2026-05-14T05:51:04.406875,cut-out
synthetic_a297ad1292d2,data\synthetic\gaming\synthetic_a297ad1292d2.jpg,0.0884,7.96,False,gaming,synthetic,2026-05-14T05:54:14.775574,wear-out
synthetic_775fbdf9ade3,data\synthetic\gaming\synthetic_775fbdf9ade3.jpg,0.1594,14.35,False,gaming,synthetic,2026-05-14T05:12:34.217533,wear-out
synthetic_0799634d463c,data\synthetic\gaming\synthetic_0799634d463c.jpg,0.0111,1.0,False,gaming,synthetic,2026-05-14T05:16:13.766350,cut-out
synthetic_d79d99f002ef,data\synthetic\ecommerce\synthetic_d79d99f002ef.jpg,0.1686,15.17,False,ecommerce,synthetic,2026-05-14T05:59:37.234060,wear-out
synthetic_b76a72603f0f,data\synthetic\ecommerce\synthetic_b76a72603f0f.jpg,0.0579,5.21,False,ecommerce,synthetic,2026-05-14T05:16:25.083580,cut-out
synthetic_777b6ff7d6b6,data\synthetic\gaming\synthetic_777b6ff7d6b6.jpg,0.1184,10.66,False,gaming,synthetic,2026-05-14T05:57:11.658285,wear-out
synthetic_879f06d8f89d,data\synthetic\gaming\synthetic_879f06d8f89d.jpg,0.1386,12.47,False,gaming,synthetic,2026-05-14T05:43:08.736061,wear-out
synthetic_f69735f238bc,data\synthetic\finance\synthetic_f69735f238bc.jpg,0.1068,9.61,False,finance,synthetic,2026-05-14T05:52:52.317195,wear-out
synthetic_f74f400721d2,data\synthetic\ecommerce\synthetic_f74f400721d2.jpg,0.1549,13.94,False,ecommerce,synthetic,2026-05-14T05:12:36.139420,wear-out
synthetic_7c2b35daf01e,data\synthetic\ecommerce\synthetic_7c2b35daf01e.jpg,0.0864,7.78,False,ecommerce,synthetic,2026-05-14T05:14:47.349680,wear-out
synthetic_f5b2258857c3,data\synthetic\gaming\synthetic_f5b2258857c3.jpg,0.0777,6.99,False,gaming,synthetic,2026-05-14T06:00:05.627484,cut-out
synthetic_14a0f7755b8c,data\synthetic\ecommerce\synthetic_14a0f7755b8c.jpg,0.162,14.58,False,ecommerce,synthetic,2026-05-14T05:15:55.996973,wear-out
synthetic_663a3d81d868,data\synthetic\ecommerce\synthetic_663a3d81d868.jpg,0.1323,11.91,False,ecommerce,synthetic,2026-05-14T06:00:55.395601,wear-out
synthetic_b305623623c2,data\synthetic\finance\synthetic_b305623623c2.jpg,0.0511,4.6,False,finance,synthetic,2026-05-14T05:11:54.256490,cut-out
synthetic_735342dfad07,data\synthetic\gaming\synthetic_735342dfad07.jpg,0.0766,6.89,False,gaming,synthetic,2026-05-14T05:54:38.022639,cut-out
synthetic_075b3ee98445,data\synthetic\ecommerce\synthetic_075b3ee98445.jpg,0.0424,3.82,False,ecommerce,synthetic,2026-05-14T05:52:44.506883,cut-out
synthetic_571b38af7ba9,data\synthetic\finance\synthetic_571b38af7ba9.jpg,0.0908,8.17,False,finance,synthetic,2026-05-14T05:43:35.032460,wear-out
synthetic_9ebd5615e368,data\synthetic\ecommerce\synthetic_9ebd5615e368.jpg,0.1082,9.74,False,ecommerce,synthetic,2026-05-14T05:53:33.468841,wear-out
synthetic_b54a17ee85f3,data\synthetic\finance\synthetic_b54a17ee85f3.jpg,0.1982,17.84,False,finance,synthetic,2026-05-14T05:48:54.745409,wear-out
synthetic_6ae31622d528,data\synthetic\ecommerce\synthetic_6ae31622d528.jpg,0.1606,14.45,False,ecommerce,synthetic,2026-05-14T05:56:28.412560,wear-out
synthetic_9a65ab3a6e3e,data\synthetic\ecommerce\synthetic_9a65ab3a6e3e.jpg,0.1534,13.81,False,ecommerce,synthetic,2026-05-14T05:53:12.028145,wear-out
synthetic_b783737da534,data\synthetic\gaming\synthetic_b783737da534.jpg,0.1098,9.88,False,gaming,synthetic,2026-05-14T05:15:56.095305,wear-out
synthetic_0ab270202078,data\synthetic\ecommerce\synthetic_0ab270202078.jpg,0.1023,9.21,False,ecommerce,synthetic,2026-05-14T05:59:52.056588,wear-out
synthetic_0c6e3113bd9a,data\synthetic\finance\synthetic_0c6e3113bd9a.jpg,0.0658,5.92,False,finance,synthetic,2026-05-14T05:48:39.293172,cut-out
synthetic_0a121e9b7014,data\synthetic\gaming\synthetic_0a121e9b7014.jpg,0.0393,3.54,False,gaming,synthetic,2026-05-14T05:15:04.715885,cut-out
synthetic_8ac8f1c8a163,data\synthetic\finance\synthetic_8ac8f1c8a163.jpg,0.1234,11.11,False,finance,synthetic,2026-05-14T05:57:22.148907,wear-out
synthetic_01d91570fdd4,data\synthetic\finance\synthetic_01d91570fdd4.jpg,0.097,8.73,False,finance,synthetic,2026-05-14T05:13:52.633894,wear-out
synthetic_9e358f149873,data\synthetic\gaming\synthetic_9e358f149873.jpg,0.0776,6.98,False,gaming,synthetic,2026-05-14T05:57:49.765585,cut-out
synthetic_02d4fe6a5c25,data\synthetic\ecommerce\synthetic_02d4fe6a5c25.jpg,0.1531,13.78,False,ecommerce,synthetic,2026-05-14T05:17:07.273642,wear-out
synthetic_02f79d983ceb,data\synthetic\finance\synthetic_02f79d983ceb.jpg,0.1887,16.98,False,finance,synthetic,2026-05-14T05:47:26.814462,wear-out
synthetic_7f9a3946785f,data\synthetic\ecommerce\synthetic_7f9a3946785f.jpg,0.083,7.47,False,ecommerce,synthetic,2026-05-14T05:56:18.417089,wear-out
synthetic_cd688f23e275,data\synthetic\gaming\synthetic_cd688f23e275.jpg,0.1369,12.32,False,gaming,synthetic,2026-05-14T05:55:25.871673,wear-out
synthetic_5421d3879807,data\synthetic\ecommerce\synthetic_5421d3879807.jpg,0.0683,6.15,False,ecommerce,synthetic,2026-05-14T05:59:34.205469,cut-out
synthetic_5b4e6f005854,data\synthetic\finance\synthetic_5b4e6f005854.jpg,0.0666,5.99,False,finance,synthetic,2026-05-14T05:17:21.844398,cut-out
synthetic_1a9c5fac47e2,data\synthetic\finance\synthetic_1a9c5fac47e2.jpg,0.053,4.77,False,finance,synthetic,2026-05-14T05:50:25.684229,cut-out
synthetic_eb4e266bec11,data\synthetic\ecommerce\synthetic_eb4e266bec11.jpg,0.201,18.09,False,ecommerce,synthetic,2026-05-14T05:49:35.112086,wear-out
synthetic_be185c8f6210,data\synthetic\finance\synthetic_be185c8f6210.jpg,0.1582,14.24,False,finance,synthetic,2026-05-14T06:00:41.327985,wear-out
synthetic_015f02f05683,data\synthetic\ecommerce\synthetic_015f02f05683.jpg,0.0627,5.64,False,ecommerce,synthetic,2026-05-14T05:51:46.118681,cut-out
synthetic_644e0b2d07f8,data\synthetic\finance\synthetic_644e0b2d07f8.jpg,0.0872,7.85,False,finance,synthetic,2026-05-14T05:15:58.728594,wear-out
synthetic_7c12a07a8bcd,data\synthetic\gaming\synthetic_7c12a07a8bcd.jpg,0.1551,13.96,False,gaming,synthetic,2026-05-14T05:15:21.564584,wear-out
synthetic_e0e42a7e7c39,data\synthetic\ecommerce\synthetic_e0e42a7e7c39.jpg,0.1482,13.34,False,ecommerce,synthetic,2026-05-14T05:47:38.618399,wear-out
synthetic_84313b4b9cf9,data\synthetic\ecommerce\synthetic_84313b4b9cf9.jpg,0.0133,1.2,False,ecommerce,synthetic,2026-05-14T05:54:05.080588,cut-out
synthetic_4154c1985855,data\synthetic\finance\synthetic_4154c1985855.jpg,0.0963,8.67,False,finance,synthetic,2026-05-14T06:02:12.228924,wear-out
synthetic_e9e19e5de767,data\synthetic\finance\synthetic_e9e19e5de767.jpg,0.1144,10.3,False,finance,synthetic,2026-05-14T05:46:14.372965,wear-out
synthetic_36083c91eb87,data\synthetic\ecommerce\synthetic_36083c91eb87.jpg,0.0444,4.0,False,ecommerce,synthetic,2026-05-14T05:50:59.502889,cut-out
synthetic_35ca17fd0c3f,data\synthetic\finance\synthetic_35ca17fd0c3f.jpg,0.1038,9.34,False,finance,synthetic,2026-05-14T05:45:35.861971,wear-out
synthetic_d4d8c63aadb9,data\synthetic\gaming\synthetic_d4d8c63aadb9.jpg,0.0949,8.54,False,gaming,synthetic,2026-05-14T05:49:44.247275,wear-out
synthetic_e480f666ab3e,data\synthetic\gaming\synthetic_e480f666ab3e.jpg,0.1172,10.55,False,gaming,synthetic,2026-05-14T05:49:43.861994,wear-out
synthetic_35ee718eaecb,data\synthetic\gaming\synthetic_35ee718eaecb.jpg,0.2087,18.78,False,gaming,synthetic,2026-05-14T05:13:30.702161,wear-out
synthetic_6771a090fdec,data\synthetic\ecommerce\synthetic_6771a090fdec.jpg,0.1493,13.44,False,ecommerce,synthetic,2026-05-14T05:47:00.480536,wear-out
synthetic_503c606658f7,data\synthetic\gaming\synthetic_503c606658f7.jpg,0.1239,11.15,False,gaming,synthetic,2026-05-14T05:58:10.378907,wear-out
synthetic_4b81c7845c0a,data\synthetic\finance\synthetic_4b81c7845c0a.jpg,0.0874,7.87,False,finance,synthetic,2026-05-14T05:16:11.926940,wear-out
synthetic_71df97e013ad,data\synthetic\finance\synthetic_71df97e013ad.jpg,0.131,11.79,False,finance,synthetic,2026-05-14T05:51:57.142281,wear-out
synthetic_3fd2c293ecfe,data\synthetic\finance\synthetic_3fd2c293ecfe.jpg,0.1822,16.4,False,finance,synthetic,2026-05-14T05:15:03.499845,wear-out
synthetic_87445a116610,data\synthetic\ecommerce\synthetic_87445a116610.jpg,0.1589,14.3,False,ecommerce,synthetic,2026-05-14T05:58:17.564482,wear-out
synthetic_4fc48597cfff,data\synthetic\ecommerce\synthetic_4fc48597cfff.jpg,0.0651,5.86,False,ecommerce,synthetic,2026-05-14T06:01:36.891934,cut-out
synthetic_1476a6c22f52,data\synthetic\finance\synthetic_1476a6c22f52.jpg,0.1333,12.0,False,finance,synthetic,2026-05-14T05:44:49.767631,wear-out
synthetic_f0473bc96171,data\synthetic\finance\synthetic_f0473bc96171.jpg,0.0798,7.18,False,finance,synthetic,2026-05-14T05:14:33.867743,wear-out
synthetic_69f38b236ad9,data\synthetic\gaming\synthetic_69f38b236ad9.jpg,0.2097,18.87,False,gaming,synthetic,2026-05-14T05:17:18.578803,wear-out
synthetic_eda1394d0787,data\synthetic\ecommerce\synthetic_eda1394d0787.jpg,0.0783,7.05,False,ecommerce,synthetic,2026-05-14T05:56:53.421832,wear-out
synthetic_82b519691f56,data\synthetic\gaming\synthetic_82b519691f56.jpg,0.1391,12.52,False,gaming,synthetic,2026-05-14T05:53:16.242257,wear-out
synthetic_66ccc1721bd6,data\synthetic\ecommerce\synthetic_66ccc1721bd6.jpg,0.0836,7.52,False,ecommerce,synthetic,2026-05-14T05:12:50.127265,wear-out
synthetic_7e56ad18d933,data\synthetic\finance\synthetic_7e56ad18d933.jpg,0.0789,7.1,False,finance,synthetic,2026-05-14T05:45:32.814934,wear-out
synthetic_ffb981070228,data\synthetic\ecommerce\synthetic_ffb981070228.jpg,0.1263,11.37,False,ecommerce,synthetic,2026-05-14T06:00:36.739606,wear-out
synthetic_0da13ca72177,data\synthetic\gaming\synthetic_0da13ca72177.jpg,0.1724,15.52,False,gaming,synthetic,2026-05-14T05:56:32.465474,wear-out
synthetic_2c458a6154cf,data\synthetic\ecommerce\synthetic_2c458a6154cf.jpg,0.1271,11.44,False,ecommerce,synthetic,2026-05-14T05:49:43.733201,wear-out
synthetic_2bb355d99432,data\synthetic\ecommerce\synthetic_2bb355d99432.jpg,0.0936,8.42,False,ecommerce,synthetic,2026-05-14T06:01:44.980897,wear-out
synthetic_c4db850dd8c2,data\synthetic\gaming\synthetic_c4db850dd8c2.jpg,0.0661,5.95,False,gaming,synthetic,2026-05-14T06:01:21.036698,cut-out
synthetic_7ee7508858f4,data\synthetic\ecommerce\synthetic_7ee7508858f4.jpg,0.0301,2.71,False,ecommerce,synthetic,2026-05-14T05:43:28.429224,cut-out
synthetic_949aead40923,data\synthetic\gaming\synthetic_949aead40923.jpg,0.0791,7.12,False,gaming,synthetic,2026-05-14T05:46:58.089601,wear-out
synthetic_d117028285f3,data\synthetic\finance\synthetic_d117028285f3.jpg,0.1604,14.44,False,finance,synthetic,2026-05-14T05:52:44.462305,wear-out
synthetic_d75c67bb749b,data\synthetic\gaming\synthetic_d75c67bb749b.jpg,0.2044,18.4,False,gaming,synthetic,2026-05-14T05:54:30.264976,wear-out
synthetic_04ea7238fe82,data\synthetic\ecommerce\synthetic_04ea7238fe82.jpg,0.1581,14.23,False,ecommerce,synthetic,2026-05-14T06:01:41.973158,wear-out
synthetic_7be7e3edae09,data\synthetic\gaming\synthetic_7be7e3edae09.jpg,0.04,3.6,False,gaming,synthetic,2026-05-14T05:45:52.628782,cut-out
synthetic_7a22c50eacb9,data\synthetic\gaming\synthetic_7a22c50eacb9.jpg,0.1368,12.31,False,gaming,synthetic,2026-05-14T05:12:48.681081,wear-out
synthetic_e3faa1ba1c60,data\synthetic\ecommerce\synthetic_e3faa1ba1c60.jpg,0.0918,8.26,False,ecommerce,synthetic,2026-05-14T05:47:00.324395,wear-out
synthetic_313eba4146dd,data\synthetic\gaming\synthetic_313eba4146dd.jpg,0.1999,17.99,False,gaming,synthetic,2026-05-14T05:17:15.252850,wear-out
synthetic_075aa736696c,data\synthetic\gaming\synthetic_075aa736696c.jpg,0.0994,8.95,False,gaming,synthetic,2026-05-14T05:14:15.353948,wear-out
synthetic_56a858070294,data\synthetic\ecommerce\synthetic_56a858070294.jpg,0.1038,9.34,False,ecommerce,synthetic,2026-05-14T05:56:48.050442,wear-out
synthetic_bc07e2d3b737,data\synthetic\finance\synthetic_bc07e2d3b737.jpg,0.0861,7.75,False,finance,synthetic,2026-05-14T06:00:22.144609,wear-out
synthetic_5f45262baf6e,data\synthetic\gaming\synthetic_5f45262baf6e.jpg,0.0737,6.63,False,gaming,synthetic,2026-05-14T05:52:23.895162,cut-out
synthetic_194dcc0aa010,data\synthetic\finance\synthetic_194dcc0aa010.jpg,0.1652,14.87,False,finance,synthetic,2026-05-14T05:44:43.771485,wear-out
synthetic_88a213c2d19f,data\synthetic\finance\synthetic_88a213c2d19f.jpg,0.0928,8.35,False,finance,synthetic,2026-05-14T05:59:49.731820,wear-out
synthetic_72e09adb6241,data\synthetic\ecommerce\synthetic_72e09adb6241.jpg,0.1011,9.1,False,ecommerce,synthetic,2026-05-14T06:02:55.139291,wear-out
synthetic_3d012c608ba7,data\synthetic\finance\synthetic_3d012c608ba7.jpg,0.1462,13.16,False,finance,synthetic,2026-05-14T05:16:20.009593,wear-out
synthetic_1ce315586081,data\synthetic\ecommerce\synthetic_1ce315586081.jpg,0.1191,10.72,False,ecommerce,synthetic,2026-05-14T05:53:03.770919,wear-out
synthetic_1cb0caf3c9e3,data\synthetic\ecommerce\synthetic_1cb0caf3c9e3.jpg,0.0773,6.96,False,ecommerce,synthetic,2026-05-14T05:54:38.163049,cut-out
synthetic_b1554523f7a5,data\synthetic\gaming\synthetic_b1554523f7a5.jpg,0.0343,3.09,False,gaming,synthetic,2026-05-14T05:57:29.904419,cut-out
synthetic_8114cf0934e0,data\synthetic\finance\synthetic_8114cf0934e0.jpg,0.1261,11.35,False,finance,synthetic,2026-05-14T05:14:20.654191,wear-out
synthetic_dd50a01706ae,data\synthetic\gaming\synthetic_dd50a01706ae.jpg,0.0111,1.0,False,gaming,synthetic,2026-05-14T05:54:26.414726,cut-out
synthetic_497768d2c934,data\synthetic\gaming\synthetic_497768d2c934.jpg,0.1608,14.47,False,gaming,synthetic,2026-05-14T05:49:55.288074,wear-out
synthetic_2c99b6b56d8e,data\synthetic\gaming\synthetic_2c99b6b56d8e.jpg,0.1309,11.78,False,gaming,synthetic,2026-05-14T05:57:43.604731,wear-out
synthetic_6c9ed8174d5c,data\synthetic\gaming\synthetic_6c9ed8174d5c.jpg,0.1258,11.32,False,gaming,synthetic,2026-05-14T05:47:44.954328,wear-out
synthetic_deda503e5081,data\synthetic\ecommerce\synthetic_deda503e5081.jpg,0.1711,15.4,False,ecommerce,synthetic,2026-05-14T05:53:33.720869,wear-out
synthetic_362675895cbc,data\synthetic\ecommerce\synthetic_362675895cbc.jpg,0.0876,7.88,False,ecommerce,synthetic,2026-05-14T05:59:10.405164,wear-out
synthetic_df4d691274fc,data\synthetic\gaming\synthetic_df4d691274fc.jpg,0.2163,19.47,False,gaming,synthetic,2026-05-14T05:59:51.565317,wear-out
synthetic_ae97a0d179bf,data\synthetic\gaming\synthetic_ae97a0d179bf.jpg,0.0778,7.0,False,gaming,synthetic,2026-05-14T05:45:48.762781,wear-out
synthetic_eadc59bc1a30,data\synthetic\gaming\synthetic_eadc59bc1a30.jpg,0.0799,7.19,False,gaming,synthetic,2026-05-14T06:01:52.650007,wear-out
synthetic_6022b29c725c,data\synthetic\gaming\synthetic_6022b29c725c.jpg,0.2121,19.09,False,gaming,synthetic,2026-05-14T05:12:30.319642,wear-out
synthetic_d173cae6ac42,data\synthetic\ecommerce\synthetic_d173cae6ac42.jpg,0.0782,7.04,False,ecommerce,synthetic,2026-05-14T06:00:32.653675,wear-out
synthetic_be356e8559ae,data\synthetic\gaming\synthetic_be356e8559ae.jpg,0.0133,1.2,False,gaming,synthetic,2026-05-14T06:02:57.331772,cut-out
synthetic_6cf34771173d,data\synthetic\ecommerce\synthetic_6cf34771173d.jpg,0.0827,7.44,False,ecommerce,synthetic,2026-05-14T05:58:53.903502,wear-out
synthetic_d1cfe672ac0d,data\synthetic\gaming\synthetic_d1cfe672ac0d.jpg,0.132,11.88,False,gaming,synthetic,2026-05-14T05:59:17.063228,wear-out
synthetic_c6a131b0cb9b,data\synthetic\ecommerce\synthetic_c6a131b0cb9b.jpg,0.1002,9.02,False,ecommerce,synthetic,2026-05-14T06:02:56.776452,wear-out
synthetic_31f902aeb6fc,data\synthetic\gaming\synthetic_31f902aeb6fc.jpg,0.0878,7.9,False,gaming,synthetic,2026-05-14T05:44:01.548038,wear-out
synthetic_35dffc63fbf4,data\synthetic\gaming\synthetic_35dffc63fbf4.jpg,0.0712,6.41,False,gaming,synthetic,2026-05-14T05:12:57.990582,cut-out
synthetic_76a0264c3523,data\synthetic\gaming\synthetic_76a0264c3523.jpg,0.1333,12.0,False,gaming,synthetic,2026-05-14T05:58:46.846745,wear-out
synthetic_3264770f71e2,data\synthetic\ecommerce\synthetic_3264770f71e2.jpg,0.0841,7.57,False,ecommerce,synthetic,2026-05-14T05:43:47.527745,wear-out
synthetic_4f4d961e8309,data\synthetic\finance\synthetic_4f4d961e8309.jpg,0.2721,24.49,False,finance,synthetic,2026-05-14T05:56:27.975034,wear-out
synthetic_c732233ad053,data\synthetic\ecommerce\synthetic_c732233ad053.jpg,0.0299,2.69,False,ecommerce,synthetic,2026-05-14T05:59:27.222628,cut-out
synthetic_61db71eb8c0d,data\synthetic\finance\synthetic_61db71eb8c0d.jpg,0.0989,8.9,False,finance,synthetic,2026-05-14T05:44:44.662006,wear-out
